name	taxonomy_id	taxonomy_lvl	Superkingdom	Kingdom	Phylum	Class	Order	Family	5MMH_5_pct_reads	6PEH_6_pct_reads	SVH11_Q11_pct_reads
Acetilactobacillus	2767874	G	Bacteria	Bacillati	Bacillota	Bacilli	Lactobacillales	Lactobacillaceae	14.6550	1.1930	1.3680
Apilactobacillus	2767877	G	Bacteria	Bacillati	Bacillota	Bacilli	Lactobacillales	Lactobacillaceae	5.4790	7.2640	6.5600
Nicoliella	2978367	G	Bacteria	Bacillati	Bacillota	Bacilli	Lactobacillales	Lactobacillaceae	4.5320	1.0170	3.6110
Lactobacillus	1578	G	Bacteria	Bacillati	Bacillota	Bacilli	Lactobacillales	Lactobacillaceae	3.6090	4.8760	3.9830
Fructilactobacillus	2767881	G	Bacteria	Bacillati	Bacillota	Bacilli	Lactobacillales	Lactobacillaceae	3.2330	3.7640	3.5930
Lentilactobacillus	2767893	G	Bacteria	Bacillati	Bacillota	Bacilli	Lactobacillales	Lactobacillaceae	2.8630	3.3910	3.0570
Fructobacillus	559173	G	Bacteria	Bacillati	Bacillota	Bacilli	Lactobacillales	Lactobacillaceae	1.9240	0.3770	6.2440
Limosilactobacillus	2742598	G	Bacteria	Bacillati	Bacillota	Bacilli	Lactobacillales	Lactobacillaceae	2.1050	1.8240	1.7510
Ligilactobacillus	2767887	G	Bacteria	Bacillati	Bacillota	Bacilli	Lactobacillales	Lactobacillaceae	1.8900	2.5070	2.1190
Companilactobacillus	2767879	G	Bacteria	Bacillati	Bacillota	Bacilli	Lactobacillales	Lactobacillaceae	1.6530	2.4550	1.8550
Pediococcus	1253	G	Bacteria	Bacillati	Bacillota	Bacilli	Lactobacillales	Lactobacillaceae	2.2670	2.9440	2.7180
Levilactobacillus	2767886	G	Bacteria	Bacillati	Bacillota	Bacilli	Lactobacillales	Lactobacillaceae	1.4450	0.7710	1.1780
Lactiplantibacillus	2767842	G	Bacteria	Bacillati	Bacillota	Bacilli	Lactobacillales	Lactobacillaceae	1.3180	0.9550	1.3170
Weissella	46255	G	Bacteria	Bacillati	Bacillota	Bacilli	Lactobacillales	Lactobacillaceae	0.9630	1.0880	1.0330
Paucilactobacillus	2767890	G	Bacteria	Bacillati	Bacillota	Bacilli	Lactobacillales	Lactobacillaceae	1.0750	1.7320	1.3560
Leuconostoc	1243	G	Bacteria	Bacillati	Bacillota	Bacilli	Lactobacillales	Lactobacillaceae	0.7520	0.9360	0.9790
Loigolactobacillus	2767889	G	Bacteria	Bacillati	Bacillota	Bacilli	Lactobacillales	Lactobacillaceae	1.1930	1.2930	1.0970
Lacticaseibacillus	2759736	G	Bacteria	Bacillati	Bacillota	Bacilli	Lactobacillales	Lactobacillaceae	0.4960	0.3830	0.5430
Liquorilactobacillus	2767888	G	Bacteria	Bacillati	Bacillota	Bacilli	Lactobacillales	Lactobacillaceae	0.5370	0.7220	0.6710
Latilactobacillus	2767885	G	Bacteria	Bacillati	Bacillota	Bacilli	Lactobacillales	Lactobacillaceae	0.4380	0.3680	0.4430
Secundilactobacillus	2767892	G	Bacteria	Bacillati	Bacillota	Bacilli	Lactobacillales	Lactobacillaceae	0.5640	0.5120	0.4470
Furfurilactobacillus	2767882	G	Bacteria	Bacillati	Bacillota	Bacilli	Lactobacillales	Lactobacillaceae	0.3320	0.2760	0.2590
Bombilactobacillus	2767878	G	Bacteria	Bacillati	Bacillota	Bacilli	Lactobacillales	Lactobacillaceae	0.2470	0.3980	0.3780
Dellaglioa	2767880	G	Bacteria	Bacillati	Bacillota	Bacilli	Lactobacillales	Lactobacillaceae	0.3190	0.5340	0.3970
Periweissella	2930384	G	Bacteria	Bacillati	Bacillota	Bacilli	Lactobacillales	Lactobacillaceae	0.2250	0.2040	0.1340
Oenococcus	46254	G	Bacteria	Bacillati	Bacillota	Bacilli	Lactobacillales	Lactobacillaceae	0.2100	0.3180	0.2840
Holzapfeliella	2767883	G	Bacteria	Bacillati	Bacillota	Bacilli	Lactobacillales	Lactobacillaceae	0.1490	0.1960	0.1760
Agrilactobacillus	2767875	G	Bacteria	Bacillati	Bacillota	Bacilli	Lactobacillales	Lactobacillaceae	0.1320	0.1950	0.1590
Xylocopilactobacillus	3118928	G	Bacteria	Bacillati	Bacillota	Bacilli	Lactobacillales	Lactobacillaceae	0.0920	0.1390	0.1070
Schleiferilactobacillus	2767891	G	Bacteria	Bacillati	Bacillota	Bacilli	Lactobacillales	Lactobacillaceae	0.0600	0.0380	0.0430
Lapidilactobacillus	2767884	G	Bacteria	Bacillati	Bacillota	Bacilli	Lactobacillales	Lactobacillaceae	0.0590	0.0790	0.0690
Amylolactobacillus	2767876	G	Bacteria	Bacillati	Bacillota	Bacilli	Lactobacillales	Lactobacillaceae	0.0120	0.0120	0.0110
Enterococcus	1350	G	Bacteria	Bacillati	Bacillota	Bacilli	Lactobacillales	Enterococcaceae	2.0120	2.7950	2.6630
Vagococcus	2737	G	Bacteria	Bacillati	Bacillota	Bacilli	Lactobacillales	Enterococcaceae	0.4150	0.7440	0.6880
Tetragenococcus	51668	G	Bacteria	Bacillati	Bacillota	Bacilli	Lactobacillales	Enterococcaceae	0.2340	0.3960	0.4580
Melissococcus	33969	G	Bacteria	Bacillati	Bacillota	Bacilli	Lactobacillales	Enterococcaceae	0.0460	0.0500	0.0280
Streptococcus	1301	G	Bacteria	Bacillati	Bacillota	Bacilli	Lactobacillales	Streptococcaceae	1.1090	1.2110	1.3260
Lactococcus	1357	G	Bacteria	Bacillati	Bacillota	Bacilli	Lactobacillales	Streptococcaceae	0.4560	0.8950	0.4020
Pseudolactococcus	3436058	G	Bacteria	Bacillati	Bacillota	Bacilli	Lactobacillales	Streptococcaceae	0.0810	0.0840	0.0910
Floricoccus	1930830	G	Bacteria	Bacillati	Bacillota	Bacilli	Lactobacillales	Streptococcaceae	0.0170	0.0320	0.0150
Carnobacterium	2747	G	Bacteria	Bacillati	Bacillota	Bacilli	Lactobacillales	Carnobacteriaceae	0.4040	0.6360	0.4520
Jeotgalibaca	1470540	G	Bacteria	Bacillati	Bacillota	Bacilli	Lactobacillales	Carnobacteriaceae	0.1240	0.1100	0.1150
Dolosigranulum	29393	G	Bacteria	Bacillati	Bacillota	Bacilli	Lactobacillales	Carnobacteriaceae	0.0910	0.1050	0.0610
Granulicatella	117563	G	Bacteria	Bacillati	Bacillota	Bacilli	Lactobacillales	Carnobacteriaceae	0.1340	0.2120	0.1680
Desemzia	82800	G	Bacteria	Bacillati	Bacillota	Bacilli	Lactobacillales	Carnobacteriaceae	0.0610	0.1110	0.0710
Marinilactibacillus	191769	G	Bacteria	Bacillati	Bacillota	Bacilli	Lactobacillales	Carnobacteriaceae	0.0310	0.0290	0.0410
Alkalibacterium	99906	G	Bacteria	Bacillati	Bacillota	Bacilli	Lactobacillales	Carnobacteriaceae	0.0190	0.0200	0.0270
Trichococcus	82802	G	Bacteria	Bacillati	Bacillota	Bacilli	Lactobacillales	Carnobacteriaceae	0.0110	0.0030	0.0050
Alloiococcus	1651	G	Bacteria	Bacillati	Bacillota	Bacilli	Lactobacillales	Carnobacteriaceae	0.0010	0.0000	0.0010
Aerococcus	1375	G	Bacteria	Bacillati	Bacillota	Bacilli	Lactobacillales	Aerococcaceae	0.0860	0.0570	0.1150
Ignavigranum	89092	G	Bacteria	Bacillati	Bacillota	Bacilli	Lactobacillales	Aerococcaceae	0.0340	0.0570	0.0440
Tuanshanicoccus	3465067	G	Bacteria	Bacillati	Bacillota	Bacilli	Lactobacillales	Aerococcaceae	0.0270	0.0380	0.0410
Globicatella	13075	G	Bacteria	Bacillati	Bacillota	Bacilli	Lactobacillales	Aerococcaceae	0.0290	0.0490	0.0650
Fundicoccus	2761542	G	Bacteria	Bacillati	Bacillota	Bacilli	Lactobacillales	Aerococcaceae	0.0180	0.0240	0.0220
Ruoffia	2862144	G	Bacteria	Bacillati	Bacillota	Bacilli	Lactobacillales	Aerococcaceae	0.0200	0.0260	0.0320
Abiotrophia	46123	G	Bacteria	Bacillati	Bacillota	Bacilli	Lactobacillales	Aerococcaceae	0.0110	0.0190	0.0150
Suicoccus	2689587	G	Bacteria	Bacillati	Bacillota	Bacilli	Lactobacillales	Aerococcaceae	0.0100	0.0030	0.0050
Bacillus	1386	G	Bacteria	Bacillati	Bacillota	Bacilli	Bacillales	Bacillaceae	0.7290	0.9370	0.8320
Lysinibacillus	400634	G	Bacteria	Bacillati	Bacillota	Bacilli	Bacillales	Bacillaceae	0.2640	0.3540	0.2800
Neobacillus	2675232	G	Bacteria	Bacillati	Bacillota	Bacilli	Bacillales	Bacillaceae	0.2060	0.2990	0.2190
Virgibacillus	84406	G	Bacteria	Bacillati	Bacillota	Bacilli	Bacillales	Bacillaceae	0.1200	0.1680	0.1530
Priestia	2800373	G	Bacteria	Bacillati	Bacillota	Bacilli	Bacillales	Bacillaceae	0.2310	0.2130	0.1060
Niallia	2837506	G	Bacteria	Bacillati	Bacillota	Bacilli	Bacillales	Bacillaceae	0.1060	0.1160	0.1060
Peribacillus	2675229	G	Bacteria	Bacillati	Bacillota	Bacilli	Bacillales	Bacillaceae	0.1030	0.1720	0.1180
Oceanobacillus	182709	G	Bacteria	Bacillati	Bacillota	Bacilli	Bacillales	Bacillaceae	0.0960	0.1360	0.1160
Cytobacillus	2675230	G	Bacteria	Bacillati	Bacillota	Bacilli	Bacillales	Bacillaceae	0.1020	0.1380	0.1160
Psychrobacillus	1221880	G	Bacteria	Bacillati	Bacillota	Bacilli	Bacillales	Bacillaceae	0.0930	0.1720	0.1270
Metabacillus	2675233	G	Bacteria	Bacillati	Bacillota	Bacilli	Bacillales	Bacillaceae	0.0700	0.1550	0.0620
Halobacillus	45667	G	Bacteria	Bacillati	Bacillota	Bacilli	Bacillales	Bacillaceae	0.0520	0.0430	0.0560
Heyndrickxia	2837504	G	Bacteria	Bacillati	Bacillota	Bacilli	Bacillales	Bacillaceae	0.0640	0.1260	0.0870
Sutcliffiella	2837511	G	Bacteria	Bacillati	Bacillota	Bacilli	Bacillales	Bacillaceae	0.0410	0.0380	0.0270
Amphibacillus	29331	G	Bacteria	Bacillati	Bacillota	Bacilli	Bacillales	Bacillaceae	0.0390	0.0580	0.0550
Cerasibacillus	227864	G	Bacteria	Bacillati	Bacillota	Bacilli	Bacillales	Bacillaceae	0.0380	0.0130	0.0030
Pontibacillus	289201	G	Bacteria	Bacillati	Bacillota	Bacilli	Bacillales	Bacillaceae	0.0330	0.0380	0.0440
Alkalihalobacillus	2675234	G	Bacteria	Bacillati	Bacillota	Bacilli	Bacillales	Bacillaceae	0.0320	0.0330	0.0370
Rossellomorea	2837508	G	Bacteria	Bacillati	Bacillota	Bacilli	Bacillales	Bacillaceae	0.0280	0.0120	0.0170
Mesobacillus	2675231	G	Bacteria	Bacillati	Bacillota	Bacilli	Bacillales	Bacillaceae	0.0270	0.0120	0.0200
Shouchella	2893057	G	Bacteria	Bacillati	Bacillota	Bacilli	Bacillales	Bacillaceae	0.0220	0.0120	0.0150
Gracilibacillus	74385	G	Bacteria	Bacillati	Bacillota	Bacilli	Bacillales	Bacillaceae	0.0200	0.0210	0.0340
Lentibacillus	175304	G	Bacteria	Bacillati	Bacillota	Bacilli	Bacillales	Bacillaceae	0.0190	0.0260	0.0190
Aciduricibacillus	3158337	G	Bacteria	Bacillati	Bacillota	Bacilli	Bacillales	Bacillaceae	0.0200	0.0280	0.0130
Anaerobacillus	704093	G	Bacteria	Bacillati	Bacillota	Bacilli	Bacillales	Bacillaceae	0.0190	0.0200	0.0160
Paraliobacillus	200903	G	Bacteria	Bacillati	Bacillota	Bacilli	Bacillales	Bacillaceae	0.0170	0.0270	0.0240
Salipaludibacillus	1884449	G	Bacteria	Bacillati	Bacillota	Bacilli	Bacillales	Bacillaceae	0.0160	0.0220	0.0230
Halalkalibacterium (ex Joshi et al. 2022)	2893055	G	Bacteria	Bacillati	Bacillota	Bacilli	Bacillales	Bacillaceae	0.0180	0.0340	0.0160
Radiobacillus	2785518	G	Bacteria	Bacillati	Bacillota	Bacilli	Bacillales	Bacillaceae	0.0160	0.0070	0.0280
Alkalibacillus	331654	G	Bacteria	Bacillati	Bacillota	Bacilli	Bacillales	Bacillaceae	0.0140	0.0110	0.0140
Schinkia	2837509	G	Bacteria	Bacillati	Bacillota	Bacilli	Bacillales	Bacillaceae	0.0130	0.0110	0.0090
Ectobacillus	2837502	G	Bacteria	Bacillati	Bacillota	Bacilli	Bacillales	Bacillaceae	0.0120	0.0220	0.0170
Gottfriedia	2837503	G	Bacteria	Bacillati	Bacillota	Bacilli	Bacillales	Bacillaceae	0.0120	0.0290	0.0190
Fervidibacillus	3033930	G	Bacteria	Bacillati	Bacillota	Bacilli	Bacillales	Bacillaceae	0.0120	0.0110	0.0190
Lederbergia	2804231	G	Bacteria	Bacillati	Bacillota	Bacilli	Bacillales	Bacillaceae	0.0100	0.0230	0.0120
Ornithinibacillus	484508	G	Bacteria	Bacillati	Bacillota	Bacilli	Bacillales	Bacillaceae	0.0130	0.0220	0.0190
Halalkalibacter	2893056	G	Bacteria	Bacillati	Bacillota	Bacilli	Bacillales	Bacillaceae	0.0110	0.0120	0.0230
Salicibibacter	2685905	G	Bacteria	Bacillati	Bacillota	Bacilli	Bacillales	Bacillaceae	0.0080	0.0020	0.0090
Evansella	2837485	G	Bacteria	Bacillati	Bacillota	Bacilli	Bacillales	Bacillaceae	0.0080	0.0200	0.0170
Robertmurraya	2837507	G	Bacteria	Bacillati	Bacillota	Bacilli	Bacillales	Bacillaceae	0.0080	0.0050	0.0120
Terribacillus	459532	G	Bacteria	Bacillati	Bacillota	Bacilli	Bacillales	Bacillaceae	0.0070	0.0120	0.0040
Tepidibacillus	1494427	G	Bacteria	Bacillati	Bacillota	Bacilli	Bacillales	Bacillaceae	0.0070	0.0280	0.0060
Aeribacillus	1055323	G	Bacteria	Bacillati	Bacillota	Bacilli	Bacillales	Bacillaceae	0.0150	0.0110	0.0060
Alkalihalophilus	2893060	G	Bacteria	Bacillati	Bacillota	Bacilli	Bacillales	Bacillaceae	0.0070	0.0090	0.0100
Siminovitchia	2837510	G	Bacteria	Bacillati	Bacillota	Bacilli	Bacillales	Bacillaceae	0.0070	0.0020	0.0050
Salimicrobium	351195	G	Bacteria	Bacillati	Bacillota	Bacilli	Bacillales	Bacillaceae	0.0050	0.0010	0.0020
Mangrovibacillus	2920444	G	Bacteria	Bacillati	Bacillota	Bacilli	Bacillales	Bacillaceae	0.0050	0.0070	0.0050
Domibacillus	1433999	G	Bacteria	Bacillati	Bacillota	Bacilli	Bacillales	Bacillaceae	0.0050	0.0010	0.0020
Paraperibacillus	3450404	G	Bacteria	Bacillati	Bacillota	Bacilli	Bacillales	Bacillaceae	0.0040	0.0010	0.0050
Pradoshia	2651279	G	Bacteria	Bacillati	Bacillota	Bacilli	Bacillales	Bacillaceae	0.0040	0.0080	0.0160
Salisediminibacterium	1434042	G	Bacteria	Bacillati	Bacillota	Bacilli	Bacillales	Bacillaceae	0.0030	0.0040	0.0110
Falsibacillus	1270155	G	Bacteria	Bacillati	Bacillota	Bacilli	Bacillales	Bacillaceae	0.0030	0.0010	0.0000
Alkalicoccus	2005375	G	Bacteria	Bacillati	Bacillota	Bacilli	Bacillales	Bacillaceae	0.0030	0.0140	0.0050
Caldifermentibacillus	3034001	G	Bacteria	Bacillati	Bacillota	Bacilli	Bacillales	Bacillaceae	0.0350	0.0260	0.1210
Paenalkalicoccus	2944627	G	Bacteria	Bacillati	Bacillota	Bacilli	Bacillales	Bacillaceae	0.0050	0.0080	0.0040
Pseudobacillus	108525	G	Bacteria	Bacillati	Bacillota	Bacilli	Bacillales	Bacillaceae	0.0030	0.0060	0.0020
Allobacillus	1400133	G	Bacteria	Bacillati	Bacillota	Bacilli	Bacillales	Bacillaceae	0.0020	0.0000	0.0010
Caldalkalibacillus	379065	G	Bacteria	Bacillati	Bacillota	Bacilli	Bacillales	Bacillaceae	0.0020	0.0060	0.0090
Sediminibacillus	482460	G	Bacteria	Bacillati	Bacillota	Bacilli	Bacillales	Bacillaceae	0.0010	0.0000	0.0010
Staphylococcus	1279	G	Bacteria	Bacillati	Bacillota	Bacilli	Bacillales	Staphylococcaceae	1.5990	2.2820	1.7120
Mammaliicoccus	2803850	G	Bacteria	Bacillati	Bacillota	Bacilli	Bacillales	Staphylococcaceae	0.0760	0.1430	0.1090
Macrococcus	69965	G	Bacteria	Bacillati	Bacillota	Bacilli	Bacillales	Staphylococcaceae	0.0780	0.0930	0.0940
Macrococcoides	3076173	G	Bacteria	Bacillati	Bacillota	Bacilli	Bacillales	Staphylococcaceae	0.0380	0.0480	0.0560
Jeotgalicoccus	227979	G	Bacteria	Bacillati	Bacillota	Bacilli	Bacillales	Staphylococcaceae	0.0120	0.0070	0.0120
Nosocomiicoccus	489909	G	Bacteria	Bacillati	Bacillota	Bacilli	Bacillales	Staphylococcaceae	0.0100	0.0040	0.0260
Salinicoccus	45669	G	Bacteria	Bacillati	Bacillota	Bacilli	Bacillales	Staphylococcaceae	0.0080	0.0050	0.0050
Paenibacillus	44249	G	Bacteria	Bacillati	Bacillota	Bacilli	Bacillales	Paenibacillaceae	0.3910	0.3020	0.3780
Brevibacillus	55080	G	Bacteria	Bacillati	Bacillota	Bacilli	Bacillales	Paenibacillaceae	0.0390	0.0180	0.0390
Aneurinibacillus	55079	G	Bacteria	Bacillati	Bacillota	Bacilli	Bacillales	Paenibacillaceae	0.0100	0.0040	0.0170
Cohnella	329857	G	Bacteria	Bacillati	Bacillota	Bacilli	Bacillales	Paenibacillaceae	0.0080	0.0060	0.0130
Pristimantibacillus (SeqCode)	2994560	G	Bacteria	Bacillati	Bacillota	Bacilli	Bacillales	Paenibacillaceae	0.0020	0.0010	0.0030
Thermobacillus	76632	G	Bacteria	Bacillati	Bacillota	Bacilli	Bacillales	Paenibacillaceae	0.0010	0.0000	0.0000
Saccharibacillus	456492	G	Bacteria	Bacillati	Bacillota	Bacilli	Bacillales	Paenibacillaceae	0.0000	0.0000	0.0010
Sporosarcina	1569	G	Bacteria	Bacillati	Bacillota	Bacilli	Bacillales	Caryophanaceae	0.1050	0.1180	0.0860
Planococcus	1372	G	Bacteria	Bacillati	Bacillota	Bacilli	Bacillales	Caryophanaceae	0.0610	0.0880	0.0840
Rummeliibacillus	648802	G	Bacteria	Bacillati	Bacillota	Bacilli	Bacillales	Caryophanaceae	0.0550	0.0750	0.0410
Paenisporosarcina	651660	G	Bacteria	Bacillati	Bacillota	Bacilli	Bacillales	Caryophanaceae	0.0410	0.0600	0.0620
Ureibacillus	160795	G	Bacteria	Bacillati	Bacillota	Bacilli	Bacillales	Caryophanaceae	0.0710	0.0940	0.0640
Solibacillus	648800	G	Bacteria	Bacillati	Bacillota	Bacilli	Bacillales	Caryophanaceae	0.0310	0.0290	0.0410
Viridibacillus	496496	G	Bacteria	Bacillati	Bacillota	Bacilli	Bacillales	Caryophanaceae	0.0160	0.0200	0.0020
Kurthia	1649	G	Bacteria	Bacillati	Bacillota	Bacilli	Bacillales	Caryophanaceae	0.0130	0.0450	0.0340
Metasolibacillus	2703677	G	Bacteria	Bacillati	Bacillota	Bacilli	Bacillales	Caryophanaceae	0.0090	0.0160	0.0100
Chryseomicrobium	889388	G	Bacteria	Bacillati	Bacillota	Bacilli	Bacillales	Caryophanaceae	0.0100	0.0040	0.0030
Jeotgalibacillus	157226	G	Bacteria	Bacillati	Bacillota	Bacilli	Bacillales	Caryophanaceae	0.0030	0.0060	0.0020
Listeria	1637	G	Bacteria	Bacillati	Bacillota	Bacilli	Bacillales	Listeriaceae	0.2160	0.3430	0.2240
Brochothrix	2755	G	Bacteria	Bacillati	Bacillota	Bacilli	Bacillales	Listeriaceae	0.0340	0.0360	0.0260
Paenilisteria	3373705	G	Bacteria	Bacillati	Bacillota	Bacilli	Bacillales	Listeriaceae	0.0090	0.0070	0.0090
Anoxybacillus	150247	G	Bacteria	Bacillati	Bacillota	Bacilli	Bacillales	Anoxybacillaceae	0.0320	0.0370	0.0350
Geobacillus	129337	G	Bacteria	Bacillati	Bacillota	Bacilli	Bacillales	Anoxybacillaceae	0.0140	0.0410	0.0170
Parageobacillus	1906945	G	Bacteria	Bacillati	Bacillota	Bacilli	Bacillales	Anoxybacillaceae	0.0070	0.0010	0.0130
Thermaerobacillus	3390020	G	Bacteria	Bacillati	Bacillota	Bacilli	Bacillales	Anoxybacillaceae	0.0040	0.0020	0.0030
Anoxybacteroides	3389905	G	Bacteria	Bacillati	Bacillota	Bacilli	Bacillales	Anoxybacillaceae	0.0030	0.0000	0.0010
Saccharococcus	29395	G	Bacteria	Bacillati	Bacillota	Bacilli	Bacillales	Anoxybacillaceae	0.0020	0.0000	0.0010
Exiguobacterium	33986	G	Bacteria	Bacillati	Bacillota	Bacilli	Bacillales		0.0500	0.0220	0.0450
Gemella	1378	G	Bacteria	Bacillati	Bacillota	Bacilli	Bacillales	Gemellaceae	0.0500	0.1340	0.0860
Fictibacillus	1329200	G	Bacteria	Bacillati	Bacillota	Bacilli	Bacillales	Fictibacillaceae	0.0260	0.0390	0.0280
Pseudalkalibacillus	2893058	G	Bacteria	Bacillati	Bacillota	Bacilli	Bacillales	Fictibacillaceae	0.0130	0.0020	0.0070
Alicyclobacillus	29330	G	Bacteria	Bacillati	Bacillota	Bacilli	Bacillales	Alicyclobacillaceae	0.0130	0.0040	0.0100
Tumebacillus	432330	G	Bacteria	Bacillati	Bacillota	Bacilli	Bacillales	Alicyclobacillaceae	0.0060	0.0080	0.0040
Kyrpidia	1129704	G	Bacteria	Bacillati	Bacillota	Bacilli	Bacillales	Alicyclobacillaceae	0.0010	0.0000	0.0000
Effusibacillus	1502725	G	Bacteria	Bacillati	Bacillota	Bacilli	Bacillales	Alicyclobacillaceae	0.0010	0.0030	0.0060
Fodinisporobacter	3156481	G	Bacteria	Bacillati	Bacillota	Bacilli	Bacillales	Alicyclobacillaceae	0.0010	0.0010	0.0020
Sporolactobacillus	2077	G	Bacteria	Bacillati	Bacillota	Bacilli	Bacillales	Sporolactobacillaceae	0.0140	0.0180	0.0330
Pullulanibacillus	475230	G	Bacteria	Bacillati	Bacillota	Bacilli	Bacillales	Sporolactobacillaceae	0.0060	0.0010	0.0020
Guptibacillus	3421338	G	Bacteria	Bacillati	Bacillota	Bacilli	Bacillales	Guptibacillaceae	0.0170	0.0120	0.0100
Kroppenstedtia	1274351	G	Bacteria	Bacillati	Bacillota	Bacilli	Bacillales	Thermoactinomycetaceae	0.0040	0.0000	0.0010
Novibacillus	1677050	G	Bacteria	Bacillati	Bacillota	Bacilli	Bacillales	Thermoactinomycetaceae	0.0020	0.0010	0.0020
Thermoactinomyces	2023	G	Bacteria	Bacillati	Bacillota	Bacilli	Bacillales	Thermoactinomycetaceae	0.0020	0.0000	0.0070
Staphylospora	2689589	G	Bacteria	Bacillati	Bacillota	Bacilli	Bacillales	Thermoactinomycetaceae	0.0010	0.0000	0.0000
Polycladomyces	1348505	G	Bacteria	Bacillati	Bacillota	Bacilli	Bacillales	Thermoactinomycetaceae	0.0010	0.0000	0.0000
Laceyella	292635	G	Bacteria	Bacillati	Bacillota	Bacilli	Bacillales	Thermoactinomycetaceae	0.0000	0.0000	0.0000
Abyssicoccus	1955413	G	Bacteria	Bacillati	Bacillota	Bacilli	Bacillales	Abyssicoccaceae	0.0030	0.0030	0.0110
Clostridium	1485	G	Bacteria	Bacillati	Bacillota	Clostridia	Eubacteriales	Clostridiaceae	0.5410	0.9050	0.6890
Caloramator	44258	G	Bacteria	Bacillati	Bacillota	Clostridia	Eubacteriales	Clostridiaceae	0.0170	0.0280	0.0180
Crassaminicella	1848399	G	Bacteria	Bacillati	Bacillota	Clostridia	Eubacteriales	Clostridiaceae	0.0140	0.0250	0.0150
Wukongibacter	1884926	G	Bacteria	Bacillati	Bacillota	Clostridia	Eubacteriales	Clostridiaceae	0.0070	0.0020	0.0040
Haloimpatiens	1755832	G	Bacteria	Bacillati	Bacillota	Clostridia	Eubacteriales	Clostridiaceae	0.0060	0.0340	0.0100
Sarcina	1266	G	Bacteria	Bacillati	Bacillota	Clostridia	Eubacteriales	Clostridiaceae	0.0050	0.0170	0.0080
Candidatus Neoarthromitus	49082	G	Bacteria	Bacillati	Bacillota	Clostridia	Eubacteriales	Clostridiaceae	0.0030	0.0040	0.0050
Oceanirhabdus	1434026	G	Bacteria	Bacillati	Bacillota	Clostridia	Eubacteriales	Clostridiaceae	0.0020	0.0090	0.0070
Hathewaya	1769729	G	Bacteria	Bacillati	Bacillota	Clostridia	Eubacteriales	Clostridiaceae	0.0020	0.0040	0.0120
Proteiniclasticum	1155385	G	Bacteria	Bacillati	Bacillota	Clostridia	Eubacteriales	Clostridiaceae	0.0010	0.0000	0.0000
Lactonifactor	420345	G	Bacteria	Bacillati	Bacillota	Clostridia	Eubacteriales	Clostridiaceae	0.0000	0.0010	0.0010
Ruminococcus	1263	G	Bacteria	Bacillati	Bacillota	Clostridia	Eubacteriales	Oscillospiraceae	0.0110	0.0210	0.0120
Caproicibacterium	2834348	G	Bacteria	Bacillati	Bacillota	Clostridia	Eubacteriales	Oscillospiraceae	0.0080	0.0050	0.0050
Fastidiosipila	236752	G	Bacteria	Bacillati	Bacillota	Clostridia	Eubacteriales	Oscillospiraceae	0.0110	0.0170	0.0070
Amygdalobacter	3079925	G	Bacteria	Bacillati	Bacillota	Clostridia	Eubacteriales	Oscillospiraceae	0.0040	0.0010	0.0010
Paludihabitans	2038676	G	Bacteria	Bacillati	Bacillota	Clostridia	Eubacteriales	Oscillospiraceae	0.0030	0.0060	0.0050
Faecalibacterium	216851	G	Bacteria	Bacillati	Bacillota	Clostridia	Eubacteriales	Oscillospiraceae	0.0050	0.0070	0.0080
Ruminiclostridium	1508657	G	Bacteria	Bacillati	Bacillota	Clostridia	Eubacteriales	Oscillospiraceae	0.0030	0.0020	0.0020
Acidaminobacterium	3570270	G	Bacteria	Bacillati	Bacillota	Clostridia	Eubacteriales	Oscillospiraceae	0.0020	0.0010	0.0030
Thermoclostridium	2304691	G	Bacteria	Bacillati	Bacillota	Clostridia	Eubacteriales	Oscillospiraceae	0.0020	0.0010	0.0070
Petroclostridium	2304687	G	Bacteria	Bacillati	Bacillota	Clostridia	Eubacteriales	Oscillospiraceae	0.0010	0.0000	0.0000
Pusillibacter	2892397	G	Bacteria	Bacillati	Bacillota	Clostridia	Eubacteriales	Oscillospiraceae	0.0020	0.0000	0.0000
Owariibacterium	3393728	G	Bacteria	Bacillati	Bacillota	Clostridia	Eubacteriales	Oscillospiraceae	0.0020	0.0000	0.0010
Bengtsoniella	3389389	G	Bacteria	Bacillati	Bacillota	Clostridia	Eubacteriales	Oscillospiraceae	0.0010	0.0000	0.0000
Lawsonibacter	2172004	G	Bacteria	Bacillati	Bacillota	Clostridia	Eubacteriales	Oscillospiraceae	0.0010	0.0000	0.0000
Vescimonas	2892396	G	Bacteria	Bacillati	Bacillota	Clostridia	Eubacteriales	Oscillospiraceae	0.0010	0.0000	0.0000
Mageeibacillus	1637257	G	Bacteria	Bacillati	Bacillota	Clostridia	Eubacteriales	Oscillospiraceae	0.0010	0.0000	0.0000
Oscillibacter	459786	G	Bacteria	Bacillati	Bacillota	Clostridia	Eubacteriales	Oscillospiraceae	0.0010	0.0000	0.0000
Anaerotruncus	244127	G	Bacteria	Bacillati	Bacillota	Clostridia	Eubacteriales	Oscillospiraceae	0.0010	0.0000	0.0000
Solibaculum	2842531	G	Bacteria	Bacillati	Bacillota	Clostridia	Eubacteriales	Oscillospiraceae	0.0000	0.0000	0.0000
Flavonifractor	946234	G	Bacteria	Bacillati	Bacillota	Clostridia	Eubacteriales	Oscillospiraceae	0.0000	0.0000	0.0000
Ruthenibacterium	1905344	G	Bacteria	Bacillati	Bacillota	Clostridia	Eubacteriales	Oscillospiraceae	0.0000	0.0000	0.0000
Thermocaproicibacter	3048127	G	Bacteria	Bacillati	Bacillota	Clostridia	Eubacteriales	Oscillospiraceae	0.0000	0.0000	0.0000
Subdoligranulum	292632	G	Bacteria	Bacillati	Bacillota	Clostridia	Eubacteriales	Oscillospiraceae	0.0000	0.0000	0.0000
Desulfitobacterium	36853	G	Bacteria	Bacillati	Bacillota	Clostridia	Eubacteriales	Desulfitobacteriaceae	0.0090	0.0050	0.0150
Desulfosporosinus	79206	G	Bacteria	Bacillati	Bacillota	Clostridia	Eubacteriales	Desulfitobacteriaceae	0.0080	0.0080	0.0090
Dehalobacter	56112	G	Bacteria	Bacillati	Bacillota	Clostridia	Eubacteriales	Desulfitobacteriaceae	0.0060	0.0090	0.0080
Syntrophobotulus	51196	G	Bacteria	Bacillati	Bacillota	Clostridia	Eubacteriales	Desulfitobacteriaceae	0.0010	0.0010	0.0010
Desulfofarcimen	2282742	G	Bacteria	Bacillati	Bacillota	Clostridia	Eubacteriales	Peptococcaceae	0.0100	0.0090	0.0040
Desulforamulus	2916693	G	Bacteria	Bacillati	Bacillota	Clostridia	Eubacteriales	Peptococcaceae	0.0070	0.0120	0.0100
Acididesulfobacillus	2924872	G	Bacteria	Bacillati	Bacillota	Clostridia	Eubacteriales	Peptococcaceae	0.0020	0.0000	0.0000
Thermanaerosceptrum	2651578	G	Bacteria	Bacillati	Bacillota	Clostridia	Eubacteriales	Peptococcaceae	0.0010	0.0030	0.0030
Candidatus Formimonas	2840454	G	Bacteria	Bacillati	Bacillota	Clostridia	Eubacteriales	Peptococcaceae	0.0010	0.0040	0.0070
Dehalobacterium	51514	G	Bacteria	Bacillati	Bacillota	Clostridia	Eubacteriales	Peptococcaceae	0.0010	0.0000	0.0010
Phosphitispora	2903061	G	Bacteria	Bacillati	Bacillota	Clostridia	Eubacteriales	Peptococcaceae	0.0000	0.0000	0.0010
Desulfofundulus	2282741	G	Bacteria	Bacillati	Bacillota	Clostridia	Eubacteriales	Peptococcaceae	0.0000	0.0000	0.0000
Eubacterium	1730	G	Bacteria	Bacillati	Bacillota	Clostridia	Eubacteriales	Eubacteriaceae	0.0110	0.0110	0.0250
Acetobacterium	33951	G	Bacteria	Bacillati	Bacillota	Clostridia	Eubacteriales	Eubacteriaceae	0.0080	0.0040	0.0110
Anaerofustis	264995	G	Bacteria	Bacillati	Bacillota	Clostridia	Eubacteriales	Eubacteriaceae	0.0060	0.0020	0.0120
Alkalibacter	274470	G	Bacteria	Bacillati	Bacillota	Clostridia	Eubacteriales	Eubacteriaceae	0.0010	0.0010	0.0010
Pseudoramibacter	113286	G	Bacteria	Bacillati	Bacillota	Clostridia	Eubacteriales	Eubacteriaceae	0.0000	0.0000	0.0000
Syntrophomonas	862	G	Bacteria	Bacillati	Bacillota	Clostridia	Eubacteriales	Syntrophomonadaceae	0.0060	0.0160	0.0100
Candidatus Syntrophocurvum	2293313	G	Bacteria	Bacillati	Bacillota	Clostridia	Eubacteriales	Syntrophomonadaceae	0.0020	0.0010	0.0020
Syntrophothermus	129001	G	Bacteria	Bacillati	Bacillota	Clostridia	Eubacteriales	Syntrophomonadaceae	0.0010	0.0000	0.0000
Fenollaria	1686313	G	Bacteria	Bacillati	Bacillota	Clostridia	Eubacteriales		0.0030	0.0030	0.0040
Carboxydocella	178898	G	Bacteria	Bacillati	Bacillota	Clostridia	Eubacteriales	Clostridiales Family XVI. Incertae Sedis	0.0020	0.0000	0.0010
Sulfobacillus	28033	G	Bacteria	Bacillati	Bacillota	Clostridia	Eubacteriales	Clostridiales Family XVII. Incertae Sedis	0.0010	0.0070	0.0060
Thermaerobacter	73918	G	Bacteria	Bacillati	Bacillota	Clostridia	Eubacteriales	Clostridiales Family XVII. Incertae Sedis	0.0010	0.0000	0.0000
Proteiniborus	415014	G	Bacteria	Bacillati	Bacillota	Clostridia	Eubacteriales		0.0010	0.0000	0.0010
Levyella	1715798	G	Bacteria	Bacillati	Bacillota	Clostridia	Eubacteriales		0.0010	0.0000	0.0000
Intestinimonas	1392389	G	Bacteria	Bacillati	Bacillota	Clostridia	Eubacteriales		0.0000	0.0000	0.0000
Flintibacter	1918454	G	Bacteria	Bacillati	Bacillota	Clostridia	Eubacteriales		0.0000	0.0000	0.0000
Tianxiuia	3680000	G	Bacteria	Bacillati	Bacillota	Clostridia	Eubacteriales	Fusibacteraceae	0.0040	0.0000	0.0010
Helicovermis	3136917	G	Bacteria	Bacillati	Bacillota	Clostridia	Eubacteriales	Fusibacteraceae	0.0020	0.0030	0.0010
Fusibacter	76008	G	Bacteria	Bacillati	Bacillota	Clostridia	Eubacteriales	Fusibacteraceae	0.0010	0.0000	0.0000
Acutalibacter	1918385	G	Bacteria	Bacillati	Bacillota	Clostridia	Eubacteriales	Acutalibacteraceae	0.0020	0.0090	0.0090
Caproiciproducens	1738645	G	Bacteria	Bacillati	Bacillota	Clostridia	Eubacteriales	Acutalibacteraceae	0.0030	0.0000	0.0020
Caproicibacter	2576755	G	Bacteria	Bacillati	Bacillota	Clostridia	Eubacteriales	Acutalibacteraceae	0.0000	0.0000	0.0000
Proteinivorax	1491776	G	Bacteria	Bacillati	Bacillota	Clostridia	Eubacteriales	Proteinivoracaceae	0.0020	0.0010	0.0030
Alkalicella	2838170	G	Bacteria	Bacillati	Bacillota	Clostridia	Eubacteriales	Proteinivoracaceae	0.0010	0.0010	0.0010
Aristaeella	3046369	G	Bacteria	Bacillati	Bacillota	Clostridia	Eubacteriales	Aristaeellaceae	0.0030	0.0030	0.0020
Heliorestis	79598	G	Bacteria	Bacillati	Bacillota	Clostridia	Eubacteriales	Heliobacteriaceae	0.0010	0.0000	0.0020
Heliomicrobium	2831443	G	Bacteria	Bacillati	Bacillota	Clostridia	Eubacteriales	Heliobacteriaceae	0.0010	0.0000	0.0000
Caldinitratiruptor	1006480	G	Bacteria	Bacillati	Bacillota	Clostridia	Eubacteriales	Symbiobacteriaceae	0.0010	0.0000	0.0000
Symbiobacterium	2733	G	Bacteria	Bacillati	Bacillota	Clostridia	Eubacteriales	Symbiobacteriaceae	0.0000	0.0000	0.0000
Desulfotomaculum	1562	G	Bacteria	Bacillati	Bacillota	Clostridia	Eubacteriales	Desulfotomaculaceae	0.0010	0.0010	0.0010
Desulfoscipio	2867376	G	Bacteria	Bacillati	Bacillota	Clostridia	Eubacteriales	Desulfallaceae	0.0010	0.0000	0.0000
Thermincola	278993	G	Bacteria	Bacillati	Bacillota	Clostridia	Eubacteriales	Thermincolaceae	0.0010	0.0000	0.0000
Agathobaculum	2048137	G	Bacteria	Bacillati	Bacillota	Clostridia	Eubacteriales	Butyricicoccaceae	0.0010	0.0000	0.0000
Butyricicoccus	580596	G	Bacteria	Bacillati	Bacillota	Clostridia	Eubacteriales	Butyricicoccaceae	0.0000	0.0000	0.0000
Terrisporobacter	1505652	G	Bacteria	Bacillati	Bacillota	Clostridia	Peptostreptococcales	Peptostreptococcaceae	0.0460	0.0730	0.0430
Paraclostridium	1849822	G	Bacteria	Bacillati	Bacillota	Clostridia	Peptostreptococcales	Peptostreptococcaceae	0.0180	0.0250	0.0160
Tepidibacter	214904	G	Bacteria	Bacillati	Bacillota	Clostridia	Peptostreptococcales	Peptostreptococcaceae	0.0170	0.0250	0.0350
Faecalimicrobium	3120164	G	Bacteria	Bacillati	Bacillota	Clostridia	Peptostreptococcales	Peptostreptococcaceae	0.0150	0.0080	0.0090
Romboutsia	1501226	G	Bacteria	Bacillati	Bacillota	Clostridia	Peptostreptococcales	Peptostreptococcaceae	0.0150	0.0380	0.0310
Peptostreptococcus	1257	G	Bacteria	Bacillati	Bacillota	Clostridia	Peptostreptococcales	Peptostreptococcaceae	0.0180	0.0400	0.0180
Clostridioides	1870884	G	Bacteria	Bacillati	Bacillota	Clostridia	Peptostreptococcales	Peptostreptococcaceae	0.0380	0.0240	0.0240
Intestinibacter	1505657	G	Bacteria	Bacillati	Bacillota	Clostridia	Peptostreptococcales	Peptostreptococcaceae	0.0100	0.0170	0.0110
Peptacetobacter	2743582	G	Bacteria	Bacillati	Bacillota	Clostridia	Peptostreptococcales	Peptostreptococcaceae	0.0070	0.0070	0.0060
Andreesenella	3685825	G	Bacteria	Bacillati	Bacillota	Clostridia	Peptostreptococcales	Natronincolaceae	0.0240	0.0240	0.0220
Alkaliphilus	114627	G	Bacteria	Bacillati	Bacillota	Clostridia	Peptostreptococcales	Natronincolaceae	0.0140	0.0100	0.0180
Serpentinicella	1890059	G	Bacteria	Bacillati	Bacillota	Clostridia	Peptostreptococcales	Natronincolaceae	0.0010	0.0030	0.0000
Anoxybacterium	3408579	G	Bacteria	Bacillati	Bacillota	Clostridia	Peptostreptococcales	Anaerovoracaceae	0.0180	0.0060	0.0140
Sinanaerobacter	2886866	G	Bacteria	Bacillati	Bacillota	Clostridia	Peptostreptococcales	Anaerovoracaceae	0.0030	0.0010	0.0010
Aminipila	2060094	G	Bacteria	Bacillati	Bacillota	Clostridia	Peptostreptococcales	Anaerovoracaceae	0.0020	0.0010	0.0030
Emergencia	1926556	G	Bacteria	Bacillati	Bacillota	Clostridia	Peptostreptococcales	Anaerovoracaceae	0.0020	0.0020	0.0070
Ihubacter	1926667	G	Bacteria	Bacillati	Bacillota	Clostridia	Peptostreptococcales	Anaerovoracaceae	0.0010	0.0010	0.0000
Mogibacterium	86331	G	Bacteria	Bacillati	Bacillota	Clostridia	Peptostreptococcales	Anaerovoracaceae	0.0000	0.0090	0.0000
Caminicella	166484	G	Bacteria	Bacillati	Bacillota	Clostridia	Peptostreptococcales	Caminicellaceae	0.0080	0.0220	0.0170
Filifactor	44259	G	Bacteria	Bacillati	Bacillota	Clostridia	Peptostreptococcales	Filifactoraceae	0.0050	0.0010	0.0060
Acetoanaerobium	186831	G	Bacteria	Bacillati	Bacillota	Clostridia	Peptostreptococcales	Filifactoraceae	0.0010	0.0050	0.0010
Geosporobacter	390805	G	Bacteria	Bacillati	Bacillota	Clostridia	Peptostreptococcales	Thermotaleaceae	0.0010	0.0010	0.0010
Peptoclostridium	1481960	G	Bacteria	Bacillati	Bacillota	Clostridia	Peptostreptococcales	Peptoclostridiaceae	0.0000	0.0000	0.0000
Anaerocolumna	1843210	G	Bacteria	Bacillati	Bacillota	Clostridia	Lachnospirales	Lachnospiraceae	0.0150	0.0220	0.0180
Blautia	572511	G	Bacteria	Bacillati	Bacillota	Clostridia	Lachnospirales	Lachnospiraceae	0.0220	0.0330	0.0100
Anaerostipes	207244	G	Bacteria	Bacillati	Bacillota	Clostridia	Lachnospirales	Lachnospiraceae	0.0170	0.0350	0.0390
Roseburia	841	G	Bacteria	Bacillati	Bacillota	Clostridia	Lachnospirales	Lachnospiraceae	0.0150	0.0250	0.0200
Butyrivibrio	830	G	Bacteria	Bacillati	Bacillota	Clostridia	Lachnospirales	Lachnospiraceae	0.0100	0.0030	0.0090
Lacrimispora	2719231	G	Bacteria	Bacillati	Bacillota	Clostridia	Lachnospirales	Lachnospiraceae	0.0090	0.0060	0.0200
Lachnoclostridium	1506553	G	Bacteria	Bacillati	Bacillota	Clostridia	Lachnospirales	Lachnospiraceae	0.0080	0.0060	0.0020
Dorea	189330	G	Bacteria	Bacillati	Bacillota	Clostridia	Lachnospirales	Lachnospiraceae	0.0130	0.0020	0.0020
Stomatobaculum	1213720	G	Bacteria	Bacillati	Bacillota	Clostridia	Lachnospirales	Lachnospiraceae	0.0060	0.0120	0.0080
Anaeromicropila	3024823	G	Bacteria	Bacillati	Bacillota	Clostridia	Lachnospirales	Lachnospiraceae	0.0050	0.0020	0.0040
Mediterraneibacter	2316020	G	Bacteria	Bacillati	Bacillota	Clostridia	Lachnospirales	Lachnospiraceae	0.0070	0.0150	0.0240
Agathobacter	1766253	G	Bacteria	Bacillati	Bacillota	Clostridia	Lachnospirales	Lachnospiraceae	0.0070	0.0060	0.0030
Wujia	2944152	G	Bacteria	Bacillati	Bacillota	Clostridia	Lachnospirales	Lachnospiraceae	0.0060	0.0150	0.0070
Jutongia	2944194	G	Bacteria	Bacillati	Bacillota	Clostridia	Lachnospirales	Lachnospiraceae	0.0040	0.0010	0.0010
Enterocloster	2719313	G	Bacteria	Bacillati	Bacillota	Clostridia	Lachnospirales	Lachnospiraceae	0.0040	0.0030	0.0020
Chordicoccus	3031933	G	Bacteria	Bacillati	Bacillota	Clostridia	Lachnospirales	Lachnospiraceae	0.0030	0.0070	0.0040
Coprococcus	33042	G	Bacteria	Bacillati	Bacillota	Clostridia	Lachnospirales	Lachnospiraceae	0.0050	0.0000	0.0020
Herbinix	1663717	G	Bacteria	Bacillati	Bacillota	Clostridia	Lachnospirales	Lachnospiraceae	0.0040	0.0170	0.0170
Pseudobutyrivibrio	46205	G	Bacteria	Bacillati	Bacillota	Clostridia	Lachnospirales	Lachnospiraceae	0.0030	0.0050	0.0030
Tyzzerella	1506577	G	Bacteria	Bacillati	Bacillota	Clostridia	Lachnospirales	Lachnospiraceae	0.0020	0.0490	0.0020
Allocoprococcus	3569723	G	Bacteria	Bacillati	Bacillota	Clostridia	Lachnospirales	Lachnospiraceae	0.0040	0.0040	0.0080
Chakrabartyella	3088373	G	Bacteria	Bacillati	Bacillota	Clostridia	Lachnospirales	Lachnospiraceae	0.0020	0.0010	0.0030
Hungatella	1649459	G	Bacteria	Bacillati	Bacillota	Clostridia	Lachnospirales	Lachnospiraceae	0.0020	0.0010	0.0030
Lachnoanaerobaculum	1164882	G	Bacteria	Bacillati	Bacillota	Clostridia	Lachnospirales	Lachnospiraceae	0.0020	0.0030	0.0080
Anaerobutyricum	2569097	G	Bacteria	Bacillati	Bacillota	Clostridia	Lachnospirales	Lachnospiraceae	0.0020	0.0000	0.0010
Candidatus Epulonipiscium	2383	G	Bacteria	Bacillati	Bacillota	Clostridia	Lachnospirales	Lachnospiraceae	0.0020	0.0020	0.0030
Eshraghiella	3342669	G	Bacteria	Bacillati	Bacillota	Clostridia	Lachnospirales	Lachnospiraceae	0.0020	0.0000	0.0000
Claveliimonas	3076670	G	Bacteria	Bacillati	Bacillota	Clostridia	Lachnospirales	Lachnospiraceae	0.0020	0.0000	0.0040
Anaeropeptidivorans	2997360	G	Bacteria	Bacillati	Bacillota	Clostridia	Lachnospirales	Lachnospiraceae	0.0010	0.0010	0.0000
Novisyntrophococcus	2888809	G	Bacteria	Bacillati	Bacillota	Clostridia	Lachnospirales	Lachnospiraceae	0.0010	0.0000	0.0010
Wansuia	2944198	G	Bacteria	Bacillati	Bacillota	Clostridia	Lachnospirales	Lachnospiraceae	0.0010	0.0000	0.0000
Sellimonas	1769710	G	Bacteria	Bacillati	Bacillota	Clostridia	Lachnospirales	Lachnospiraceae	0.0020	0.0000	0.0010
Kineothrix	2163168	G	Bacteria	Bacillati	Bacillota	Clostridia	Lachnospirales	Lachnospiraceae	0.0010	0.0000	0.0010
Hominifimenecus	3073585	G	Bacteria	Bacillati	Bacillota	Clostridia	Lachnospirales	Lachnospiraceae	0.0010	0.0040	0.0010
Faecalimonas	2005355	G	Bacteria	Bacillati	Bacillota	Clostridia	Lachnospirales	Lachnospiraceae	0.0020	0.0000	0.0000
Otoolea	2941495	G	Bacteria	Bacillati	Bacillota	Clostridia	Lachnospirales	Lachnospiraceae	0.0010	0.0000	0.0000
Eisenbergiella	1432051	G	Bacteria	Bacillati	Bacillota	Clostridia	Lachnospirales	Lachnospiraceae	0.0010	0.0000	0.0000
Qiania	2944195	G	Bacteria	Bacillati	Bacillota	Clostridia	Lachnospirales	Lachnospiraceae	0.0010	0.0000	0.0000
Simiaoa	2944193	G	Bacteria	Bacillati	Bacillota	Clostridia	Lachnospirales	Lachnospiraceae	0.0010	0.0000	0.0000
Marvinbryantia	248744	G	Bacteria	Bacillati	Bacillota	Clostridia	Lachnospirales	Lachnospiraceae	0.0010	0.0000	0.0000
Lachnospira	28050	G	Bacteria	Bacillati	Bacillota	Clostridia	Lachnospirales	Lachnospiraceae	0.0010	0.0000	0.0010
Vallitalea	1348611	G	Bacteria	Bacillati	Bacillota	Clostridia	Lachnospirales	Vallitaleaceae	0.0090	0.0160	0.0110
Petrocella	2603323	G	Bacteria	Bacillati	Bacillota	Clostridia	Lachnospirales	Vallitaleaceae	0.0050	0.0090	0.0120
Anaerotignum	2039240	G	Bacteria	Bacillati	Bacillota	Clostridia	Lachnospirales	Anaerotignaceae	0.0070	0.0010	0.0040
Cellulosilyticum	698776	G	Bacteria	Bacillati	Bacillota	Clostridia	Lachnospirales	Cellulosilyticaceae	0.0060	0.0240	0.0130
Defluviitalea	1185408	G	Bacteria	Bacillati	Bacillota	Clostridia	Lachnospirales	Defluviitaleaceae	0.0000	0.0000	0.0010
Halanaerobium	2330	G	Bacteria	Bacillati	Bacillota	Clostridia	Halanaerobiales	Halanaerobiaceae	0.0230	0.0170	0.0160
Iocasia	2899804	G	Bacteria	Bacillati	Bacillota	Clostridia	Halanaerobiales	Halanaerobiaceae	0.0010	0.0000	0.0000
Halocella	46466	G	Bacteria	Bacillati	Bacillota	Clostridia	Halanaerobiales	Halanaerobiaceae	0.0000	0.0010	0.0000
Halobacteroides	42417	G	Bacteria	Bacillati	Bacillota	Clostridia	Halanaerobiales	Halobacteroidaceae	0.0080	0.0220	0.0210
Natroniella	52003	G	Bacteria	Bacillati	Bacillota	Clostridia	Halanaerobiales	Halobacteroidaceae	0.0080	0.0100	0.0090
Acetohalobium	28186	G	Bacteria	Bacillati	Bacillota	Clostridia	Halanaerobiales	Halobacteroidaceae	0.0020	0.0040	0.0020
Anoxybacter	1769008	G	Bacteria	Bacillati	Bacillota	Clostridia	Halanaerobiales		0.0080	0.0210	0.0000
Halothermothrix	32636	G	Bacteria	Bacillati	Bacillota	Clostridia	Halanaerobiales	Halothermotrichaceae	0.0050	0.0010	0.0040
Thermoanaerobacterium	28895	G	Bacteria	Bacillati	Bacillota	Clostridia	Thermoanaerobacterales	Thermoanaerobacteraceae	0.0110	0.0110	0.0060
Thermoanaerobacter	1754	G	Bacteria	Bacillati	Bacillota	Clostridia	Thermoanaerobacterales	Thermoanaerobacteraceae	0.0040	0.0070	0.0060
Carboxydothermus	129957	G	Bacteria	Bacillati	Bacillota	Clostridia	Thermoanaerobacterales	Thermoanaerobacteraceae	0.0000	0.0000	0.0000
Desulfothermobacter	2079011	G	Bacteria	Bacillati	Bacillota	Clostridia	Thermoanaerobacterales	Thermoanaerobacteraceae	0.0000	0.0000	0.0000
Aceticella	3051499	G	Bacteria	Bacillati	Bacillota	Clostridia	Thermoanaerobacterales	Thermoanaerobacteraceae	0.0000	0.0020	0.0020
Thermacetogenium	140458	G	Bacteria	Bacillati	Bacillota	Clostridia	Thermoanaerobacterales	Thermoanaerobacteraceae	0.0000	0.0000	0.0000
Caldanaerobacter	249529	G	Bacteria	Bacillati	Bacillota	Clostridia	Thermoanaerobacterales	Thermoanaerobacteraceae	0.0000	0.0000	0.0010
Gelria	189326	G	Bacteria	Bacillati	Bacillota	Clostridia	Thermoanaerobacterales	Thermoanaerobacteraceae	0.0000	0.0000	0.0000
Candidatus Desulforudis	471826	G	Bacteria	Bacillati	Bacillota	Clostridia	Thermoanaerobacterales	Candidatus Desulforudaceae	0.0000	0.0000	0.0000
Neomoorella	44260	G	Bacteria	Bacillati	Bacillota	Clostridia	Neomoorellales	Neomoorellaceae	0.0040	0.0000	0.0020
Thermanaeromonas	202949	G	Bacteria	Bacillati	Bacillota	Clostridia	Neomoorellales	Neomoorellaceae	0.0010	0.0010	0.0010
Metallumcola	3234175	G	Bacteria	Bacillati	Bacillota	Clostridia	Neomoorellales	Desulfitibacteraceae	0.0050	0.0040	0.0050
Zhaonella	2748674	G	Bacteria	Bacillati	Bacillota	Clostridia	Neomoorellales	Zhaonellaceae	0.0010	0.0000	0.0000
Tepidanaerobacter	499228	G	Bacteria	Bacillati	Bacillota	Clostridia	Thermosediminibacterales	Tepidanaerobacteraceae	0.0070	0.0190	0.0040
Biomaibacter	2770094	G	Bacteria	Bacillati	Bacillota	Clostridia	Thermosediminibacterales	Tepidanaerobacteraceae	0.0030	0.0040	0.0030
Thermosediminibacter	291988	G	Bacteria	Bacillati	Bacillota	Clostridia	Thermosediminibacterales	Thermosediminibacteraceae	0.0000	0.0000	0.0000
Acetivibrio	35829	G	Bacteria	Bacillati	Bacillota	Clostridia	Acetivibrionales	Acetivibrionaceae	0.0080	0.0170	0.0070
Natranaerofaba	2807497	G	Bacteria	Bacillati	Bacillota	Clostridia	Natranaerobiales	Natranaerofabaceae	0.0030	0.0180	0.0010
Natranaerobius	375928	G	Bacteria	Bacillati	Bacillota	Clostridia	Natranaerobiales	Natranaerobiaceae	0.0010	0.0000	0.0010
Koleobacter	2786989	G	Bacteria	Bacillati	Bacillota	Clostridia	Koleobacterales	Koleobacteraceae	0.0020	0.0030	0.0040
Christensenella	990721	G	Bacteria	Bacillati	Bacillota	Clostridia	Christensenellales	Christensenellaceae	0.0010	0.0000	0.0000
Monoglobus	2039302	G	Bacteria	Bacillati	Bacillota	Clostridia	Monoglobales	Monoglobaceae	0.0010	0.0010	0.0010
Mahella	252965	G	Bacteria	Bacillati	Bacillota	Clostridia	Mahellales	Mahellaceae	0.0000	0.0000	0.0000
Erysipelothrix	1647	G	Bacteria	Bacillati	Bacillota	Erysipelotrichia	Erysipelotrichales	Erysipelotrichaceae	0.0480	0.0850	0.0570
Allocoprobacillus	3059504	G	Bacteria	Bacillati	Bacillota	Erysipelotrichia	Erysipelotrichales	Erysipelotrichaceae	0.0100	0.0170	0.0120
Hoskinsella	3681505	G	Bacteria	Bacillati	Bacillota	Erysipelotrichia	Erysipelotrichales	Erysipelotrichaceae	0.0100	0.0140	0.0230
Intestinibaculum	2679910	G	Bacteria	Bacillati	Bacillota	Erysipelotrichia	Erysipelotrichales	Erysipelotrichaceae	0.0040	0.0020	0.0040
Bulleidia	118747	G	Bacteria	Bacillati	Bacillota	Erysipelotrichia	Erysipelotrichales	Erysipelotrichaceae	0.0040	0.0120	0.0160
Solobacterium	123375	G	Bacteria	Bacillati	Bacillota	Erysipelotrichia	Erysipelotrichales	Erysipelotrichaceae	0.0070	0.0020	0.0040
Amedibacterium	2749267	G	Bacteria	Bacillati	Bacillota	Erysipelotrichia	Erysipelotrichales	Erysipelotrichaceae	0.0040	0.0040	0.0030
Longicatena	1918536	G	Bacteria	Bacillati	Bacillota	Erysipelotrichia	Erysipelotrichales	Erysipelotrichaceae	0.0040	0.0010	0.0030
Allobaculum	174708	G	Bacteria	Bacillati	Bacillota	Erysipelotrichia	Erysipelotrichales	Erysipelotrichaceae	0.0010	0.0000	0.0000
Holdemania	61170	G	Bacteria	Bacillati	Bacillota	Erysipelotrichia	Erysipelotrichales	Erysipelotrichaceae	0.0010	0.0000	0.0010
Faecalibaculum	1729679	G	Bacteria	Bacillati	Bacillota	Erysipelotrichia	Erysipelotrichales	Erysipelotrichaceae	0.0000	0.0000	0.0000
Massilimicrobiota	1924110	G	Bacteria	Bacillati	Bacillota	Erysipelotrichia	Erysipelotrichales	Erysipelotrichaceae	0.0050	0.0110	0.0170
Turicibacter	191303	G	Bacteria	Bacillati	Bacillota	Erysipelotrichia	Erysipelotrichales	Turicibacteraceae	0.0610	0.0540	0.0520
Faecalibacillus	2678885	G	Bacteria	Bacillati	Bacillota	Erysipelotrichia	Erysipelotrichales	Coprobacillaceae	0.0400	0.0890	0.0620
Catenibacterium	135858	G	Bacteria	Bacillati	Bacillota	Erysipelotrichia	Erysipelotrichales	Coprobacillaceae	0.0210	0.0300	0.0350
Thomasclavelia	3025755	G	Bacteria	Bacillati	Bacillota	Erysipelotrichia	Erysipelotrichales	Coprobacillaceae	0.0150	0.0630	0.0190
Tannockella	2943184	G	Bacteria	Bacillati	Bacillota	Erysipelotrichia	Erysipelotrichales	Coprobacillaceae	0.0040	0.0130	0.0130
Megasphaera	906	G	Bacteria	Bacillati	Bacillota	Negativicutes	Veillonellales	Veillonellaceae	0.0410	0.0070	0.0100
Veillonella	29465	G	Bacteria	Bacillati	Bacillota	Negativicutes	Veillonellales	Veillonellaceae	0.0240	0.0500	0.0270
Dialister	39948	G	Bacteria	Bacillati	Bacillota	Negativicutes	Veillonellales	Veillonellaceae	0.0050	0.0020	0.0030
Sporomusa	2375	G	Bacteria	Bacillati	Bacillota	Negativicutes	Selenomonadales	Sporomusaceae	0.0190	0.0350	0.0210
Anaerosinus	151037	G	Bacteria	Bacillati	Bacillota	Negativicutes	Selenomonadales	Sporomusaceae	0.0060	0.0240	0.0050
Pelosinus	365348	G	Bacteria	Bacillati	Bacillota	Negativicutes	Selenomonadales	Sporomusaceae	0.0050	0.0070	0.0090
Methylomusa	2093783	G	Bacteria	Bacillati	Bacillota	Negativicutes	Selenomonadales	Sporomusaceae	0.0010	0.0030	0.0050
Megamonas	158846	G	Bacteria	Bacillati	Bacillota	Negativicutes	Selenomonadales	Selenomonadaceae	0.0130	0.0240	0.0200
Pectinatus	864	G	Bacteria	Bacillati	Bacillota	Negativicutes	Selenomonadales	Selenomonadaceae	0.0060	0.0080	0.0030
Selenomonas	970	G	Bacteria	Bacillati	Bacillota	Negativicutes	Selenomonadales	Selenomonadaceae	0.0050	0.0010	0.0020
Mitsuokella	52225	G	Bacteria	Bacillati	Bacillota	Negativicutes	Selenomonadales	Selenomonadaceae	0.0010	0.0010	0.0000
Phascolarctobacterium	33024	G	Bacteria	Bacillati	Bacillota	Negativicutes	Acidaminococcales	Acidaminococcaceae	0.0030	0.0010	0.0030
Acidaminococcus	904	G	Bacteria	Bacillati	Bacillota	Negativicutes	Acidaminococcales	Acidaminococcaceae	0.0020	0.0000	0.0010
Parvimonas	543311	G	Bacteria	Bacillati	Bacillota	Tissierellia	Tissierellales	Peptoniphilaceae	0.0270	0.0630	0.0440
Anaerococcus	165779	G	Bacteria	Bacillati	Bacillota	Tissierellia	Tissierellales	Peptoniphilaceae	0.0190	0.0340	0.0310
Peptoniphilus	162289	G	Bacteria	Bacillati	Bacillota	Tissierellia	Tissierellales	Peptoniphilaceae	0.0200	0.0370	0.0210
Helcococcus	31983	G	Bacteria	Bacillati	Bacillota	Tissierellia	Tissierellales	Peptoniphilaceae	0.0110	0.0290	0.0210
Miniphocaeibacter	2126548	G	Bacteria	Bacillati	Bacillota	Tissierellia	Tissierellales	Peptoniphilaceae	0.0070	0.0170	0.0180
Microaceticoccus	3421489	G	Bacteria	Bacillati	Bacillota	Tissierellia	Tissierellales	Peptoniphilaceae	0.0040	0.0050	0.0070
Finegoldia	150022	G	Bacteria	Bacillati	Bacillota	Tissierellia	Tissierellales	Peptoniphilaceae	0.0060	0.0070	0.0070
Murdochiella	1161127	G	Bacteria	Bacillati	Bacillota	Tissierellia	Tissierellales	Peptoniphilaceae	0.0010	0.0000	0.0000
Aedoeadaptatus	2981628	G	Bacteria	Bacillati	Bacillota	Tissierellia	Tissierellales	Peptoniphilaceae	0.0000	0.0000	0.0000
Keratinibaculum	1354809	G	Bacteria	Bacillati	Bacillota	Tissierellia	Tissierellales	Tepidimicrobiaceae	0.0160	0.0220	0.0130
Schnuerera	2794837	G	Bacteria	Bacillati	Bacillota	Tissierellia	Tissierellales	Tepidimicrobiaceae	0.0020	0.0020	0.0010
Tissierella	41273	G	Bacteria	Bacillati	Bacillota	Tissierellia	Tissierellales	Tissierellaceae	0.0110	0.0280	0.0220
Gudongella	2692382	G	Bacteria	Bacillati	Bacillota	Tissierellia	Tissierellales	Tissierellaceae	0.0000	0.0000	0.0000
Gottschalkia	1505664	G	Bacteria	Bacillati	Bacillota	Tissierellia	Tissierellales	Gottschalkiaceae	0.0110	0.0090	0.0020
Caloranaerobacter	171003	G	Bacteria	Bacillati	Bacillota	Tissierellia	Tissierellales	Thermohalobacteraceae	0.0030	0.0060	0.0070
Acidilutibacter	2992720	G	Bacteria	Bacillati	Bacillota	Tissierellia	Tissierellales	Acidilutibacteraceae	0.0040	0.0130	0.0100
Sporanaerobacter	165812	G	Bacteria	Bacillati	Bacillota	Tissierellia	Tissierellales	Sporanaerobacteraceae	0.0010	0.0010	0.0000
Sedimentibacter	190972	G	Bacteria	Bacillati	Bacillota	Tissierellia			0.0160	0.0420	0.0250
Ezakiella	1582879	G	Bacteria	Bacillati	Bacillota	Tissierellia			0.0060	0.0310	0.0530
Caldicellulosiruptor	44000	G	Bacteria	Bacillati	Bacillota		Caldicellulosiruptorales	Caldicellulosiruptoraceae	0.0600	0.0820	0.0270
Anaerocellum	32631	G	Bacteria	Bacillati	Bacillota		Caldicellulosiruptorales	Caldicellulosiruptoraceae	0.0060	0.0000	0.0000
Candidatus Contubernalis	338648	G	Bacteria	Bacillati	Bacillota	Dethiobacteria	Dethiobacterales	Dethiobacteraceae	0.0030	0.0060	0.0120
Carboxydichorda	3366853	G	Bacteria	Bacillati	Bacillota	Limnochordia	Limnochordales	Geochordaceae	0.0000	0.0000	0.0000
Geochorda	3366854	G	Bacteria	Bacillati	Bacillota	Limnochordia	Limnochordales	Geochordaceae	0.0000	0.0000	0.0000
Limnochorda	1676651	G	Bacteria	Bacillati	Bacillota	Limnochordia	Limnochordales	Limnochordaceae	0.0000	0.0000	0.0000
Microbacterium	33882	G	Bacteria	Bacillati	Actinomycetota	Actinomycetes	Micrococcales	Microbacteriaceae	0.0250	0.0100	0.0180
Curtobacterium	2034	G	Bacteria	Bacillati	Actinomycetota	Actinomycetes	Micrococcales	Microbacteriaceae	0.0210	0.0130	0.0380
Subtercola	120212	G	Bacteria	Bacillati	Actinomycetota	Actinomycetes	Micrococcales	Microbacteriaceae	0.0110	0.0030	0.0090
Leifsonia	110932	G	Bacteria	Bacillati	Actinomycetota	Actinomycetes	Micrococcales	Microbacteriaceae	0.0060	0.0010	0.0010
Leucobacter	55968	G	Bacteria	Bacillati	Actinomycetota	Actinomycetes	Micrococcales	Microbacteriaceae	0.0060	0.0010	0.0020
Agromyces	33877	G	Bacteria	Bacillati	Actinomycetota	Actinomycetes	Micrococcales	Microbacteriaceae	0.0030	0.0010	0.0010
Rhodoluna	529883	G	Bacteria	Bacillati	Actinomycetota	Actinomycetes	Micrococcales	Microbacteriaceae	0.0020	0.0000	0.0040
Aquiluna	529881	G	Bacteria	Bacillati	Actinomycetota	Actinomycetes	Micrococcales	Microbacteriaceae	0.0010	0.0010	0.0010
Lacisediminihabitans	2740558	G	Bacteria	Bacillati	Actinomycetota	Actinomycetes	Micrococcales	Microbacteriaceae	0.0020	0.0000	0.0010
Mycetocola	76634	G	Bacteria	Bacillati	Actinomycetota	Actinomycetes	Micrococcales	Microbacteriaceae	0.0020	0.0000	0.0000
Rathayibacter	33886	G	Bacteria	Bacillati	Actinomycetota	Actinomycetes	Micrococcales	Microbacteriaceae	0.0020	0.0000	0.0040
Agrococcus	46352	G	Bacteria	Bacillati	Actinomycetota	Actinomycetes	Micrococcales	Microbacteriaceae	0.0020	0.0010	0.0020
Cryobacterium	69578	G	Bacteria	Bacillati	Actinomycetota	Actinomycetes	Micrococcales	Microbacteriaceae	0.0010	0.0000	0.0010
Salinibacterium	235888	G	Bacteria	Bacillati	Actinomycetota	Actinomycetes	Micrococcales	Microbacteriaceae	0.0010	0.0000	0.0000
Frigoribacterium	96492	G	Bacteria	Bacillati	Actinomycetota	Actinomycetes	Micrococcales	Microbacteriaceae	0.0010	0.0000	0.0000
Clavibacter	1573	G	Bacteria	Bacillati	Actinomycetota	Actinomycetes	Micrococcales	Microbacteriaceae	0.0010	0.0000	0.0010
Cnuibacter	1759331	G	Bacteria	Bacillati	Actinomycetota	Actinomycetes	Micrococcales	Microbacteriaceae	0.0010	0.0000	0.0000
Aurantimicrobium	1705353	G	Bacteria	Bacillati	Actinomycetota	Actinomycetes	Micrococcales	Microbacteriaceae	0.0010	0.0000	0.0000
Microcella	337004	G	Bacteria	Bacillati	Actinomycetota	Actinomycetes	Micrococcales	Microbacteriaceae	0.0010	0.0000	0.0000
Plantibacter	190323	G	Bacteria	Bacillati	Actinomycetota	Actinomycetes	Micrococcales	Microbacteriaceae	0.0010	0.0000	0.0000
Paramicrobacterium	3110364	G	Bacteria	Bacillati	Actinomycetota	Actinomycetes	Micrococcales	Microbacteriaceae	0.0010	0.0000	0.0000
Herbiconiux	881616	G	Bacteria	Bacillati	Actinomycetota	Actinomycetes	Micrococcales	Microbacteriaceae	0.0000	0.0000	0.0000
Frondihabitans	447237	G	Bacteria	Bacillati	Actinomycetota	Actinomycetes	Micrococcales	Microbacteriaceae	0.0000	0.0000	0.0000
Marisediminicola	1230698	G	Bacteria	Bacillati	Actinomycetota	Actinomycetes	Micrococcales	Microbacteriaceae	0.0000	0.0000	0.0000
Protaetiibacter	2680004	G	Bacteria	Bacillati	Actinomycetota	Actinomycetes	Micrococcales	Microbacteriaceae	0.0000	0.0000	0.0000
Glaciihabitans	1649454	G	Bacteria	Bacillati	Actinomycetota	Actinomycetes	Micrococcales	Microbacteriaceae	0.0000	0.0000	0.0010
Lysinibacter	1857011	G	Bacteria	Bacillati	Actinomycetota	Actinomycetes	Micrococcales	Microbacteriaceae	0.0000	0.0000	0.0000
Gulosibacter	256818	G	Bacteria	Bacillati	Actinomycetota	Actinomycetes	Micrococcales	Microbacteriaceae	0.0000	0.0000	0.0010
Gryllotalpicola	1195526	G	Bacteria	Bacillati	Actinomycetota	Actinomycetes	Micrococcales	Microbacteriaceae	0.0000	0.0000	0.0000
Homoserinibacter	1649457	G	Bacteria	Bacillati	Actinomycetota	Actinomycetes	Micrococcales	Microbacteriaceae	0.0000	0.0000	0.0000
Okibacterium	196084	G	Bacteria	Bacillati	Actinomycetota	Actinomycetes	Micrococcales	Microbacteriaceae	0.0000	0.0000	0.0000
Ruicaihuangia	3137419	G	Bacteria	Bacillati	Actinomycetota	Actinomycetes	Micrococcales	Microbacteriaceae	0.0000	0.0000	0.0000
Microterricola	518733	G	Bacteria	Bacillati	Actinomycetota	Actinomycetes	Micrococcales	Microbacteriaceae	0.0000	0.0000	0.0000
Naasia	1434022	G	Bacteria	Bacillati	Actinomycetota	Actinomycetes	Micrococcales	Microbacteriaceae	0.0000	0.0000	0.0000
Diaminobutyricimonas	1433997	G	Bacteria	Bacillati	Actinomycetota	Actinomycetes	Micrococcales	Microbacteriaceae	0.0000	0.0000	0.0000
Pontimonas	1434032	G	Bacteria	Bacillati	Actinomycetota	Actinomycetes	Micrococcales	Microbacteriaceae	0.0000	0.0000	0.0000
Humibacter	427753	G	Bacteria	Bacillati	Actinomycetota	Actinomycetes	Micrococcales	Microbacteriaceae	0.0000	0.0000	0.0000
Humidisolicoccus	3425211	G	Bacteria	Bacillati	Actinomycetota	Actinomycetes	Micrococcales	Microbacteriaceae	0.0000	0.0000	0.0000
Homoserinimonas	1434009	G	Bacteria	Bacillati	Actinomycetota	Actinomycetes	Micrococcales	Microbacteriaceae	0.0000	0.0000	0.0000
Arthrobacter	1663	G	Bacteria	Bacillati	Actinomycetota	Actinomycetes	Micrococcales	Micrococcaceae	0.0270	0.0030	0.0120
Rothia	32207	G	Bacteria	Bacillati	Actinomycetota	Actinomycetes	Micrococcales	Micrococcaceae	0.0120	0.0060	0.0060
Pseudarthrobacter	1742993	G	Bacteria	Bacillati	Actinomycetota	Actinomycetes	Micrococcales	Micrococcaceae	0.0090	0.0010	0.0020
Glutamicibacter	1742989	G	Bacteria	Bacillati	Actinomycetota	Actinomycetes	Micrococcales	Micrococcaceae	0.0060	0.0010	0.0030
Paenarthrobacter	1742992	G	Bacteria	Bacillati	Actinomycetota	Actinomycetes	Micrococcales	Micrococcaceae	0.0070	0.0010	0.0020
Kocuria	57493	G	Bacteria	Bacillati	Actinomycetota	Actinomycetes	Micrococcales	Micrococcaceae	0.0040	0.0010	0.0020
Sinomonas	596707	G	Bacteria	Bacillati	Actinomycetota	Actinomycetes	Micrococcales	Micrococcaceae	0.0030	0.0000	0.0010
Micrococcus	1269	G	Bacteria	Bacillati	Actinomycetota	Actinomycetes	Micrococcales	Micrococcaceae	0.0020	0.0010	0.0010
Citricoccus	169133	G	Bacteria	Bacillati	Actinomycetota	Actinomycetes	Micrococcales	Micrococcaceae	0.0010	0.0000	0.0000
Crystallibacter	3456524	G	Bacteria	Bacillati	Actinomycetota	Actinomycetes	Micrococcales	Micrococcaceae	0.0010	0.0000	0.0000
Neomicrococcus	1868332	G	Bacteria	Bacillati	Actinomycetota	Actinomycetes	Micrococcales	Micrococcaceae	0.0000	0.0000	0.0000
Psychromicrobium	2078575	G	Bacteria	Bacillati	Actinomycetota	Actinomycetes	Micrococcales	Micrococcaceae	0.0000	0.0000	0.0000
Renibacterium	1645	G	Bacteria	Bacillati	Actinomycetota	Actinomycetes	Micrococcales	Micrococcaceae	0.0000	0.0000	0.0000
Pseudoglutamicibacter	1742991	G	Bacteria	Bacillati	Actinomycetota	Actinomycetes	Micrococcales	Micrococcaceae	0.0010	0.0000	0.0000
Paeniglutamicibacter	1742990	G	Bacteria	Bacillati	Actinomycetota	Actinomycetes	Micrococcales	Micrococcaceae	0.0000	0.0000	0.0000
Nesterenkonia	57494	G	Bacteria	Bacillati	Actinomycetota	Actinomycetes	Micrococcales	Micrococcaceae	0.0000	0.0000	0.0000
Auritidibacter	1160973	G	Bacteria	Bacillati	Actinomycetota	Actinomycetes	Micrococcales	Micrococcaceae	0.0000	0.0000	0.0000
Brachybacterium	43668	G	Bacteria	Bacillati	Actinomycetota	Actinomycetes	Micrococcales	Dermabacteraceae	0.0080	0.0060	0.0040
Devriesea	472568	G	Bacteria	Bacillati	Actinomycetota	Actinomycetes	Micrococcales	Dermabacteraceae	0.0010	0.0000	0.0000
Dermabacter	36739	G	Bacteria	Bacillati	Actinomycetota	Actinomycetes	Micrococcales	Dermabacteraceae	0.0010	0.0000	0.0000
Helcobacillus	1161125	G	Bacteria	Bacillati	Actinomycetota	Actinomycetes	Micrococcales	Dermabacteraceae	0.0000	0.0000	0.0000
Janibacter	53457	G	Bacteria	Bacillati	Actinomycetota	Actinomycetes	Micrococcales	Intrasporangiaceae	0.0030	0.0010	0.0010
Terrabacter	53355	G	Bacteria	Bacillati	Actinomycetota	Actinomycetes	Micrococcales	Intrasporangiaceae	0.0010	0.0000	0.0000
Phycicoccus	367298	G	Bacteria	Bacillati	Actinomycetota	Actinomycetes	Micrococcales	Intrasporangiaceae	0.0010	0.0000	0.0000
Humibacillus	556178	G	Bacteria	Bacillati	Actinomycetota	Actinomycetes	Micrococcales	Intrasporangiaceae	0.0010	0.0000	0.0000
Pedococcus	2805645	G	Bacteria	Bacillati	Actinomycetota	Actinomycetes	Micrococcales	Intrasporangiaceae	0.0010	0.0000	0.0000
Knoellia	136099	G	Bacteria	Bacillati	Actinomycetota	Actinomycetes	Micrococcales	Intrasporangiaceae	0.0000	0.0000	0.0000
Arsenicicoccus	267408	G	Bacteria	Bacillati	Actinomycetota	Actinomycetes	Micrococcales	Intrasporangiaceae	0.0000	0.0000	0.0000
Intrasporangium	53357	G	Bacteria	Bacillati	Actinomycetota	Actinomycetes	Micrococcales	Intrasporangiaceae	0.0000	0.0000	0.0000
Oryzobacter	1849973	G	Bacteria	Bacillati	Actinomycetota	Actinomycetes	Micrococcales	Intrasporangiaceae	0.0000	0.0000	0.0000
Nostocoides	99479	G	Bacteria	Bacillati	Actinomycetota	Actinomycetes	Micrococcales	Intrasporangiaceae	0.0000	0.0000	0.0000
Timonella	1465824	G	Bacteria	Bacillati	Actinomycetota	Actinomycetes	Micrococcales		0.0050	0.0110	0.0030
Pengzhenrongella	2888818	G	Bacteria	Bacillati	Actinomycetota	Actinomycetes	Micrococcales		0.0000	0.0000	0.0010
Luteimicrobium	754249	G	Bacteria	Bacillati	Actinomycetota	Actinomycetes	Micrococcales		0.0000	0.0000	0.0000
Brevibacterium	1696	G	Bacteria	Bacillati	Actinomycetota	Actinomycetes	Micrococcales	Brevibacteriaceae	0.0050	0.0020	0.0040
Saxibacter	3162691	G	Bacteria	Bacillati	Actinomycetota	Actinomycetes	Micrococcales	Brevibacteriaceae	0.0000	0.0000	0.0000
Cellulomonas	1707	G	Bacteria	Bacillati	Actinomycetota	Actinomycetes	Micrococcales	Cellulomonadaceae	0.0040	0.0010	0.0020
Paraoerskovia	665568	G	Bacteria	Bacillati	Actinomycetota	Actinomycetes	Micrococcales	Cellulomonadaceae	0.0000	0.0000	0.0000
Pseudactinotalea	1926259	G	Bacteria	Bacillati	Actinomycetota	Actinomycetes	Micrococcales	Cellulomonadaceae	0.0000	0.0000	0.0000
Actinotalea	458839	G	Bacteria	Bacillati	Actinomycetota	Actinomycetes	Micrococcales	Cellulomonadaceae	0.0000	0.0000	0.0000
Cellulosimicrobium	157920	G	Bacteria	Bacillati	Actinomycetota	Actinomycetes	Micrococcales	Promicromonosporaceae	0.0010	0.0010	0.0010
Isoptericola	254250	G	Bacteria	Bacillati	Actinomycetota	Actinomycetes	Micrococcales	Promicromonosporaceae	0.0030	0.0020	0.0320
Promicromonospora	43676	G	Bacteria	Bacillati	Actinomycetota	Actinomycetes	Micrococcales	Promicromonosporaceae	0.0010	0.0000	0.0000
Xylanimonas	186188	G	Bacteria	Bacillati	Actinomycetota	Actinomycetes	Micrococcales	Promicromonosporaceae	0.0010	0.0000	0.0000
Barrientosiimonas	1535207	G	Bacteria	Bacillati	Actinomycetota	Actinomycetes	Micrococcales	Dermacoccaceae	0.0010	0.0000	0.0000
Luteipulveratus	745364	G	Bacteria	Bacillati	Actinomycetota	Actinomycetes	Micrococcales	Dermacoccaceae	0.0010	0.0000	0.0000
Dermacoccus	57495	G	Bacteria	Bacillati	Actinomycetota	Actinomycetes	Micrococcales	Dermacoccaceae	0.0010	0.0000	0.0000
Allobranchiibius	2040262	G	Bacteria	Bacillati	Actinomycetota	Actinomycetes	Micrococcales	Dermacoccaceae	0.0010	0.0000	0.0000
Yimella	908935	G	Bacteria	Bacillati	Actinomycetota	Actinomycetes	Micrococcales	Dermacoccaceae	0.0000	0.0000	0.0000
Ornithinimicrobium	125287	G	Bacteria	Bacillati	Actinomycetota	Actinomycetes	Micrococcales	Ornithinimicrobiaceae	0.0020	0.0000	0.0010
Serinicoccus	265976	G	Bacteria	Bacillati	Actinomycetota	Actinomycetes	Micrococcales	Ornithinimicrobiaceae	0.0010	0.0000	0.0000
Ruania	626119	G	Bacteria	Bacillati	Actinomycetota	Actinomycetes	Micrococcales	Ruaniaceae	0.0020	0.0010	0.0000
Occultella	2828348	G	Bacteria	Bacillati	Actinomycetota	Actinomycetes	Micrococcales	Ruaniaceae	0.0000	0.0000	0.0000
Kytococcus	57499	G	Bacteria	Bacillati	Actinomycetota	Actinomycetes	Micrococcales	Kytococcaceae	0.0010	0.0000	0.0000
Sanguibacter	60919	G	Bacteria	Bacillati	Actinomycetota	Actinomycetes	Micrococcales	Sanguibacteraceae	0.0010	0.0000	0.0000
Gephyromycinifex	2885697	G	Bacteria	Bacillati	Actinomycetota	Actinomycetes	Micrococcales	Dermatophilaceae	0.0000	0.0000	0.0000
Austwickia	1184606	G	Bacteria	Bacillati	Actinomycetota	Actinomycetes	Micrococcales	Dermatophilaceae	0.0000	0.0000	0.0000
Tropheryma	2038	G	Bacteria	Bacillati	Actinomycetota	Actinomycetes	Micrococcales	Tropherymataceae	0.0000	0.0000	0.0000
Jonesia	43673	G	Bacteria	Bacillati	Actinomycetota	Actinomycetes	Micrococcales	Jonesiaceae	0.0000	0.0000	0.0000
Beutenbergia	84756	G	Bacteria	Bacillati	Actinomycetota	Actinomycetes	Micrococcales	Beutenbergiaceae	0.0000	0.0000	0.0000
Miniimonas	947525	G	Bacteria	Bacillati	Actinomycetota	Actinomycetes	Micrococcales	Beutenbergiaceae	0.0000	0.0000	0.0000
Demequina	577469	G	Bacteria	Bacillati	Actinomycetota	Actinomycetes	Micrococcales	Demequinaceae	0.0000	0.0000	0.0000
Streptomyces	1883	G	Bacteria	Bacillati	Actinomycetota	Actinomycetes	Kitasatosporales	Streptomycetaceae	0.1860	0.0730	0.0940
Kitasatospora	2063	G	Bacteria	Bacillati	Actinomycetota	Actinomycetes	Kitasatosporales	Streptomycetaceae	0.0060	0.0010	0.0040
Actinacidiphila	2995702	G	Bacteria	Bacillati	Actinomycetota	Actinomycetes	Kitasatosporales	Streptomycetaceae	0.0040	0.0000	0.0000
Embleya	2699295	G	Bacteria	Bacillati	Actinomycetota	Actinomycetes	Kitasatosporales	Streptomycetaceae	0.0020	0.0000	0.0020
Streptacidiphilus	228398	G	Bacteria	Bacillati	Actinomycetota	Actinomycetes	Kitasatosporales	Streptomycetaceae	0.0010	0.0000	0.0000
Streptantibioticus	2995706	G	Bacteria	Bacillati	Actinomycetota	Actinomycetes	Kitasatosporales	Streptomycetaceae	0.0000	0.0000	0.0000
Peterkaempfera	2995704	G	Bacteria	Bacillati	Actinomycetota	Actinomycetes	Kitasatosporales	Streptomycetaceae	0.0000	0.0000	0.0000
Yinghuangia	2805681	G	Bacteria	Bacillati	Actinomycetota	Actinomycetes	Kitasatosporales	Streptomycetaceae	0.0000	0.0000	0.0000
Corynebacterium	1716	G	Bacteria	Bacillati	Actinomycetota	Actinomycetes	Mycobacteriales	Corynebacteriaceae	0.0680	0.0270	0.0660
Mycobacterium	1763	G	Bacteria	Bacillati	Actinomycetota	Actinomycetes	Mycobacteriales	Mycobacteriaceae	0.0250	0.0070	0.0200
Mycolicibacterium	1866885	G	Bacteria	Bacillati	Actinomycetota	Actinomycetes	Mycobacteriales	Mycobacteriaceae	0.0170	0.0090	0.0080
Mycolicibacter	1073531	G	Bacteria	Bacillati	Actinomycetota	Actinomycetes	Mycobacteriales	Mycobacteriaceae	0.0040	0.0000	0.0010
Mycobacteroides	670516	G	Bacteria	Bacillati	Actinomycetota	Actinomycetes	Mycobacteriales	Mycobacteriaceae	0.0020	0.0000	0.0010
Mycolicibacillus	2126281	G	Bacteria	Bacillati	Actinomycetota	Actinomycetes	Mycobacteriales	Mycobacteriaceae	0.0010	0.0000	0.0000
Nocardia	1817	G	Bacteria	Bacillati	Actinomycetota	Actinomycetes	Mycobacteriales	Nocardiaceae	0.0170	0.0040	0.0090
Rhodococcus	1827	G	Bacteria	Bacillati	Actinomycetota	Actinomycetes	Mycobacteriales	Nocardiaceae	0.0110	0.0060	0.0060
Prescottella	2979332	G	Bacteria	Bacillati	Actinomycetota	Actinomycetes	Mycobacteriales	Nocardiaceae	0.0010	0.0010	0.0000
Rhodococcoides	3259750	G	Bacteria	Bacillati	Actinomycetota	Actinomycetes	Mycobacteriales	Nocardiaceae	0.0000	0.0000	0.0000
Williamsia	85043	G	Bacteria	Bacillati	Actinomycetota	Actinomycetes	Mycobacteriales	Nocardiaceae	0.0000	0.0000	0.0000
Gordonia	2053	G	Bacteria	Bacillati	Actinomycetota	Actinomycetes	Mycobacteriales	Gordoniaceae	0.0110	0.0020	0.0030
Skermania	59613	G	Bacteria	Bacillati	Actinomycetota	Actinomycetes	Mycobacteriales	Gordoniaceae	0.0000	0.0000	0.0000
Tsukamurella	2060	G	Bacteria	Bacillati	Actinomycetota	Actinomycetes	Mycobacteriales	Tsukamurellaceae	0.0020	0.0000	0.0010
Dietzia	37914	G	Bacteria	Bacillati	Actinomycetota	Actinomycetes	Mycobacteriales	Dietziaceae	0.0010	0.0000	0.0000
Lawsonella	1847725	G	Bacteria	Bacillati	Actinomycetota	Actinomycetes	Mycobacteriales	Lawsonellaceae	0.0010	0.0000	0.0000
Tomitella	741759	G	Bacteria	Bacillati	Actinomycetota	Actinomycetes	Mycobacteriales		0.0000	0.0000	0.0000
Hoyosella	697025	G	Bacteria	Bacillati	Actinomycetota	Actinomycetes	Mycobacteriales	Hoyosellaceae	0.0000	0.0000	0.0000
Bifidobacterium	1678	G	Bacteria	Bacillati	Actinomycetota	Actinomycetes	Bifidobacteriales	Bifidobacteriaceae	0.0380	0.0080	0.0400
Gardnerella	2701	G	Bacteria	Bacillati	Actinomycetota	Actinomycetes	Bifidobacteriales	Bifidobacteriaceae	0.0140	0.0350	0.0380
Alloscardovia	419014	G	Bacteria	Bacillati	Actinomycetota	Actinomycetes	Bifidobacteriales	Bifidobacteriaceae	0.0120	0.0080	0.0010
Scardovia	196081	G	Bacteria	Bacillati	Actinomycetota	Actinomycetes	Bifidobacteriales	Bifidobacteriaceae	0.0010	0.0000	0.0010
Bombiscardovia	1159909	G	Bacteria	Bacillati	Actinomycetota	Actinomycetes	Bifidobacteriales	Bifidobacteriaceae	0.0000	0.0000	0.0000
Nocardioides	1839	G	Bacteria	Bacillati	Actinomycetota	Actinomycetes	Propionibacteriales	Nocardioidaceae	0.0200	0.0120	0.0100
Aeromicrobium	2040	G	Bacteria	Bacillati	Actinomycetota	Actinomycetes	Propionibacteriales	Nocardioidaceae	0.0020	0.0010	0.0010
Pimelobacter	2044	G	Bacteria	Bacillati	Actinomycetota	Actinomycetes	Propionibacteriales	Nocardioidaceae	0.0010	0.0000	0.0000
Mumia	1546255	G	Bacteria	Bacillati	Actinomycetota	Actinomycetes	Propionibacteriales	Nocardioidaceae	0.0010	0.0000	0.0000
Solicola	3024237	G	Bacteria	Bacillati	Actinomycetota	Actinomycetes	Propionibacteriales	Nocardioidaceae	0.0000	0.0000	0.0000
Micropruina	116071	G	Bacteria	Bacillati	Actinomycetota	Actinomycetes	Propionibacteriales	Nocardioidaceae	0.0000	0.0000	0.0000
Friedmanniella	53387	G	Bacteria	Bacillati	Actinomycetota	Actinomycetes	Propionibacteriales	Nocardioidaceae	0.0000	0.0000	0.0000
Acidipropionibacterium	1912215	G	Bacteria	Bacillati	Actinomycetota	Actinomycetes	Propionibacteriales	Propionibacteriaceae	0.0070	0.0000	0.0010
Microlunatus	29404	G	Bacteria	Bacillati	Actinomycetota	Actinomycetes	Propionibacteriales	Propionibacteriaceae	0.0060	0.0010	0.0010
Cutibacterium	1912216	G	Bacteria	Bacillati	Actinomycetota	Actinomycetes	Propionibacteriales	Propionibacteriaceae	0.0020	0.0000	0.0010
Tessaracoccus	72763	G	Bacteria	Bacillati	Actinomycetota	Actinomycetes	Propionibacteriales	Propionibacteriaceae	0.0020	0.0000	0.0010
Auraticoccus	1278221	G	Bacteria	Bacillati	Actinomycetota	Actinomycetes	Propionibacteriales	Propionibacteriaceae	0.0010	0.0000	0.0000
Naumannella	1294511	G	Bacteria	Bacillati	Actinomycetota	Actinomycetes	Propionibacteriales	Propionibacteriaceae	0.0010	0.0000	0.0000
Arachnia	2801844	G	Bacteria	Bacillati	Actinomycetota	Actinomycetes	Propionibacteriales	Propionibacteriaceae	0.0010	0.0000	0.0010
Raineyella	1911549	G	Bacteria	Bacillati	Actinomycetota	Actinomycetes	Propionibacteriales	Propionibacteriaceae	0.0000	0.0000	0.0000
Propionibacterium	1743	G	Bacteria	Bacillati	Actinomycetota	Actinomycetes	Propionibacteriales	Propionibacteriaceae	0.0000	0.0000	0.0000
Propioniciclava	1085622	G	Bacteria	Bacillati	Actinomycetota	Actinomycetes	Propionibacteriales	Propionibacteriaceae	0.0000	0.0000	0.0000
Propionimicrobium	203133	G	Bacteria	Bacillati	Actinomycetota	Actinomycetes	Propionibacteriales	Propionibacteriaceae	0.0000	0.0000	0.0000
Brooklawnia	369926	G	Bacteria	Bacillati	Actinomycetota	Actinomycetes	Propionibacteriales	Propionibacteriaceae	0.0000	0.0000	0.0000
Luteococcus	33983	G	Bacteria	Bacillati	Actinomycetota	Actinomycetes	Propionibacteriales	Propionibacteriaceae	0.0000	0.0000	0.0000
Ammonicoccus	3417658	G	Bacteria	Bacillati	Actinomycetota	Actinomycetes	Propionibacteriales	Propionibacteriaceae	0.0000	0.0000	0.0000
Kribbella	182639	G	Bacteria	Bacillati	Actinomycetota	Actinomycetes	Propionibacteriales	Kribbellaceae	0.0050	0.0010	0.0020
Actinopolymorpha	117156	G	Bacteria	Bacillati	Actinomycetota	Actinomycetes	Propionibacteriales	Actinopolymorphaceae	0.0000	0.0000	0.0000
Amycolatopsis	1813	G	Bacteria	Bacillati	Actinomycetota	Actinomycetes	Pseudonocardiales	Pseudonocardiaceae	0.0130	0.0110	0.0060
Lentzea	165301	G	Bacteria	Bacillati	Actinomycetota	Actinomycetes	Pseudonocardiales	Pseudonocardiaceae	0.0060	0.0020	0.0040
Pseudonocardia	1847	G	Bacteria	Bacillati	Actinomycetota	Actinomycetes	Pseudonocardiales	Pseudonocardiaceae	0.0060	0.0030	0.0050
Saccharopolyspora	1835	G	Bacteria	Bacillati	Actinomycetota	Actinomycetes	Pseudonocardiales	Pseudonocardiaceae	0.0040	0.0030	0.0060
Actinomycetospora	402649	G	Bacteria	Bacillati	Actinomycetota	Actinomycetes	Pseudonocardiales	Pseudonocardiaceae	0.0020	0.0010	0.0040
Kutzneria	43356	G	Bacteria	Bacillati	Actinomycetota	Actinomycetes	Pseudonocardiales	Pseudonocardiaceae	0.0010	0.0010	0.0010
Saccharothrix	2071	G	Bacteria	Bacillati	Actinomycetota	Actinomycetes	Pseudonocardiales	Pseudonocardiaceae	0.0010	0.0010	0.0010
Saccharomonospora	1851	G	Bacteria	Bacillati	Actinomycetota	Actinomycetes	Pseudonocardiales	Pseudonocardiaceae	0.0010	0.0030	0.0010
Kibdelosporangium	2029	G	Bacteria	Bacillati	Actinomycetota	Actinomycetes	Pseudonocardiales	Pseudonocardiaceae	0.0010	0.0000	0.0000
Prauserella	142577	G	Bacteria	Bacillati	Actinomycetota	Actinomycetes	Pseudonocardiales	Pseudonocardiaceae	0.0010	0.0010	0.0000
Actinoalloteichus	65496	G	Bacteria	Bacillati	Actinomycetota	Actinomycetes	Pseudonocardiales	Pseudonocardiaceae	0.0010	0.0010	0.0010
Actinokineospora	39845	G	Bacteria	Bacillati	Actinomycetota	Actinomycetes	Pseudonocardiales	Pseudonocardiaceae	0.0010	0.0010	0.0010
Actinosynnema	40566	G	Bacteria	Bacillati	Actinomycetota	Actinomycetes	Pseudonocardiales	Pseudonocardiaceae	0.0000	0.0000	0.0010
Allokutzneria	1137960	G	Bacteria	Bacillati	Actinomycetota	Actinomycetes	Pseudonocardiales	Pseudonocardiaceae	0.0000	0.0000	0.0000
Umezawaea	583360	G	Bacteria	Bacillati	Actinomycetota	Actinomycetes	Pseudonocardiales	Pseudonocardiaceae	0.0000	0.0000	0.0000
Salinifilum	2040254	G	Bacteria	Bacillati	Actinomycetota	Actinomycetes	Pseudonocardiales	Pseudonocardiaceae	0.0000	0.0000	0.0000
Crossiella	130795	G	Bacteria	Bacillati	Actinomycetota	Actinomycetes	Pseudonocardiales	Pseudonocardiaceae	0.0000	0.0000	0.0000
Allosaccharopolyspora	2893576	G	Bacteria	Bacillati	Actinomycetota	Actinomycetes	Pseudonocardiales	Pseudonocardiaceae	0.0000	0.0000	0.0000
Alloactinosynnema	674734	G	Bacteria	Bacillati	Actinomycetota	Actinomycetes	Pseudonocardiales	Pseudonocardiaceae	0.0000	0.0000	0.0000
Micromonospora	1873	G	Bacteria	Bacillati	Actinomycetota	Actinomycetes	Micromonosporales	Micromonosporaceae	0.0170	0.0040	0.0120
Actinoplanes	1865	G	Bacteria	Bacillati	Actinomycetota	Actinomycetes	Micromonosporales	Micromonosporaceae	0.0070	0.0010	0.0030
Dactylosporangium	35753	G	Bacteria	Bacillati	Actinomycetota	Actinomycetes	Micromonosporales	Micromonosporaceae	0.0050	0.0020	0.0030
Plantactinospora	673534	G	Bacteria	Bacillati	Actinomycetota	Actinomycetes	Micromonosporales	Micromonosporaceae	0.0020	0.0000	0.0000
Solwaraspora	265431	G	Bacteria	Bacillati	Actinomycetota	Actinomycetes	Micromonosporales	Micromonosporaceae	0.0010	0.0000	0.0000
Phytohabitans	907364	G	Bacteria	Bacillati	Actinomycetota	Actinomycetes	Micromonosporales	Micromonosporaceae	0.0010	0.0000	0.0000
Polymorphospora	338583	G	Bacteria	Bacillati	Actinomycetota	Actinomycetes	Micromonosporales	Micromonosporaceae	0.0010	0.0000	0.0000
Actinocatenispora	390988	G	Bacteria	Bacillati	Actinomycetota	Actinomycetes	Micromonosporales	Micromonosporaceae	0.0000	0.0000	0.0000
Catellatospora	53365	G	Bacteria	Bacillati	Actinomycetota	Actinomycetes	Micromonosporales	Micromonosporaceae	0.0000	0.0000	0.0000
Natronosporangium	2920401	G	Bacteria	Bacillati	Actinomycetota	Actinomycetes	Micromonosporales	Micromonosporaceae	0.0000	0.0000	0.0000
Krasilnikovia	349312	G	Bacteria	Bacillati	Actinomycetota	Actinomycetes	Micromonosporales	Micromonosporaceae	0.0000	0.0000	0.0000
Longispora	203522	G	Bacteria	Bacillati	Actinomycetota	Actinomycetes	Micromonosporales	Micromonosporaceae	0.0000	0.0000	0.0000
Couchioplanes	56433	G	Bacteria	Bacillati	Actinomycetota	Actinomycetes	Micromonosporales	Micromonosporaceae	0.0000	0.0000	0.0000
Trueperella	1069494	G	Bacteria	Bacillati	Actinomycetota	Actinomycetes	Actinomycetales	Actinomycetaceae	0.0130	0.0090	0.0020
Actinomyces	1654	G	Bacteria	Bacillati	Actinomycetota	Actinomycetes	Actinomycetales	Actinomycetaceae	0.0070	0.0010	0.0030
Arcanobacterium	28263	G	Bacteria	Bacillati	Actinomycetota	Actinomycetes	Actinomycetales	Actinomycetaceae	0.0050	0.0000	0.0010
Schaalia	2529408	G	Bacteria	Bacillati	Actinomycetota	Actinomycetes	Actinomycetales	Actinomycetaceae	0.0030	0.0000	0.0010
Varibaculum	184869	G	Bacteria	Bacillati	Actinomycetota	Actinomycetes	Actinomycetales	Actinomycetaceae	0.0020	0.0040	0.0020
Actinotignum	1653174	G	Bacteria	Bacillati	Actinomycetota	Actinomycetes	Actinomycetales	Actinomycetaceae	0.0020	0.0020	0.0040
Gleimia	2692113	G	Bacteria	Bacillati	Actinomycetota	Actinomycetes	Actinomycetales	Actinomycetaceae	0.0010	0.0000	0.0000
Actinobaculum	76833	G	Bacteria	Bacillati	Actinomycetota	Actinomycetes	Actinomycetales	Actinomycetaceae	0.0010	0.0000	0.0000
Buchananella	2767323	G	Bacteria	Bacillati	Actinomycetota	Actinomycetes	Actinomycetales	Actinomycetaceae	0.0000	0.0000	0.0010
Scrofimicrobium	2815785	G	Bacteria	Bacillati	Actinomycetota	Actinomycetes	Actinomycetales	Actinomycetaceae	0.0000	0.0000	0.0000
Flaviflexus	1522056	G	Bacteria	Bacillati	Actinomycetota	Actinomycetes	Actinomycetales	Actinomycetaceae	0.0000	0.0000	0.0000
Mobiluncus	2050	G	Bacteria	Bacillati	Actinomycetota	Actinomycetes	Actinomycetales	Actinomycetaceae	0.0000	0.0000	0.0000
Changpingibacter	2912996	G	Bacteria	Bacillati	Actinomycetota	Actinomycetes	Actinomycetales	Actinomycetaceae	0.0000	0.0080	0.0000
Nanchangia	2888879	G	Bacteria	Bacillati	Actinomycetota	Actinomycetes	Actinomycetales	Actinomycetaceae	0.0000	0.0000	0.0000
Winkia	2692118	G	Bacteria	Bacillati	Actinomycetota	Actinomycetes	Actinomycetales	Actinomycetaceae	0.0000	0.0000	0.0000
Nonomuraea	83681	G	Bacteria	Bacillati	Actinomycetota	Actinomycetes	Streptosporangiales	Streptosporangiaceae	0.0030	0.0010	0.0020
Streptosporangium	2000	G	Bacteria	Bacillati	Actinomycetota	Actinomycetes	Streptosporangiales	Streptosporangiaceae	0.0020	0.0060	0.0010
Microbispora	2005	G	Bacteria	Bacillati	Actinomycetota	Actinomycetes	Streptosporangiales	Streptosporangiaceae	0.0020	0.0010	0.0010
Sphaerisporangium	321315	G	Bacteria	Bacillati	Actinomycetota	Actinomycetes	Streptosporangiales	Streptosporangiaceae	0.0000	0.0000	0.0000
Microtetraspora	1995	G	Bacteria	Bacillati	Actinomycetota	Actinomycetes	Streptosporangiales	Streptosporangiaceae	0.0000	0.0000	0.0000
Sphaerimonospora	1792303	G	Bacteria	Bacillati	Actinomycetota	Actinomycetes	Streptosporangiales	Streptosporangiaceae	0.0000	0.0000	0.0000
Actinomadura	1988	G	Bacteria	Bacillati	Actinomycetota	Actinomycetes	Streptosporangiales	Thermomonosporaceae	0.0030	0.0010	0.0020
Spirillospora	58122	G	Bacteria	Bacillati	Actinomycetota	Actinomycetes	Streptosporangiales	Thermomonosporaceae	0.0010	0.0000	0.0000
Actinoallomurus	667113	G	Bacteria	Bacillati	Actinomycetota	Actinomycetes	Streptosporangiales	Thermomonosporaceae	0.0010	0.0000	0.0000
Thermomonospora	2019	G	Bacteria	Bacillati	Actinomycetota	Actinomycetes	Streptosporangiales	Thermomonosporaceae	0.0010	0.0020	0.0030
Nocardiopsis	2013	G	Bacteria	Bacillati	Actinomycetota	Actinomycetes	Streptosporangiales	Nocardiopsidaceae	0.0010	0.0060	0.0010
Streptomonospora	104204	G	Bacteria	Bacillati	Actinomycetota	Actinomycetes	Streptosporangiales	Nocardiopsidaceae	0.0010	0.0010	0.0000
Thermobifida	83677	G	Bacteria	Bacillati	Actinomycetota	Actinomycetes	Streptosporangiales	Nocardiopsidaceae	0.0000	0.0010	0.0000
Candidatus Planktophila	622681	G	Bacteria	Bacillati	Actinomycetota	Actinomycetes	Candidatus Nanopelagicales	Candidatus Nanopelagicaceae	0.0060	0.0080	0.0030
Candidatus Nanopelagicus	2039639	G	Bacteria	Bacillati	Actinomycetota	Actinomycetes	Candidatus Nanopelagicales	Candidatus Nanopelagicaceae	0.0030	0.0040	0.0020
Geodermatophilus	1860	G	Bacteria	Bacillati	Actinomycetota	Actinomycetes	Geodermatophilales	Geodermatophilaceae	0.0010	0.0000	0.0000
Blastococcus	38501	G	Bacteria	Bacillati	Actinomycetota	Actinomycetes	Geodermatophilales	Geodermatophilaceae	0.0010	0.0000	0.0000
Modestobacter	88138	G	Bacteria	Bacillati	Actinomycetota	Actinomycetes	Geodermatophilales	Geodermatophilaceae	0.0010	0.0000	0.0010
Georgenia	154116	G	Bacteria	Bacillati	Actinomycetota	Actinomycetes	Allobogoriellales	Allobogoriellaceae	0.0010	0.0000	0.0010
Jatrophihabitans	1434010	G	Bacteria	Bacillati	Actinomycetota	Actinomycetes	Jatrophihabitantales	Jatrophihabitantaceae	0.0010	0.0000	0.0010
Nakamurella	53460	G	Bacteria	Bacillati	Actinomycetota	Actinomycetes	Nakamurellales	Nakamurellaceae	0.0010	0.0000	0.0000
Kineococcus	33981	G	Bacteria	Bacillati	Actinomycetota	Actinomycetes	Kineosporiales	Kineosporiaceae	0.0010	0.0000	0.0010
Angustibacter	908626	G	Bacteria	Bacillati	Actinomycetota	Actinomycetes	Kineosporiales	Kineosporiaceae	0.0000	0.0000	0.0000
Frankia	1854	G	Bacteria	Bacillati	Actinomycetota	Actinomycetes	Frankiales	Frankiaceae	0.0000	0.0000	0.0000
Parafrankia	2994362	G	Bacteria	Bacillati	Actinomycetota	Actinomycetes	Frankiales	Frankiaceae	0.0000	0.0000	0.0000
Pseudofrankia	2994363	G	Bacteria	Bacillati	Actinomycetota	Actinomycetes	Frankiales	Frankiaceae	0.0000	0.0000	0.0000
Epidermidibacterium	2078948	G	Bacteria	Bacillati	Actinomycetota	Actinomycetes	Sporichthyales	Sporichthyaceae	0.0010	0.0000	0.0000
Natronoglycomyces	2838311	G	Bacteria	Bacillati	Actinomycetota	Actinomycetes	Glycomycetales	Glycomycetaceae	0.0000	0.0000	0.0000
Stackebrandtia	283810	G	Bacteria	Bacillati	Actinomycetota	Actinomycetes	Glycomycetales	Glycomycetaceae	0.0000	0.0000	0.0000
Catenulispora	414878	G	Bacteria	Bacillati	Actinomycetota	Actinomycetes	Catenulisporales	Catenulisporaceae	0.0000	0.0000	0.0000
Bounagaea	1931219	G	Bacteria	Bacillati	Actinomycetota	Actinomycetes			0.0000	0.0000	0.0000
Jiangella	281472	G	Bacteria	Bacillati	Actinomycetota	Actinomycetes	Jiangellales	Jiangellaceae	0.0000	0.0000	0.0000
Actinopolyspora	1849	G	Bacteria	Bacillati	Actinomycetota	Actinomycetes	Actinopolysporales	Actinopolysporaceae	0.0000	0.0000	0.0000
Acidothermus	28048	G	Bacteria	Bacillati	Actinomycetota	Actinomycetes	Acidothermales	Acidothermaceae	0.0000	0.0000	0.0000
Denitrobacterium	79603	G	Bacteria	Bacillati	Actinomycetota	Coriobacteriia	Eggerthellales	Eggerthellaceae	0.0020	0.0000	0.0000
Eggerthella	84111	G	Bacteria	Bacillati	Actinomycetota	Coriobacteriia	Eggerthellales	Eggerthellaceae	0.0010	0.0000	0.0000
Adlercreutzia	447020	G	Bacteria	Bacillati	Actinomycetota	Coriobacteriia	Eggerthellales	Eggerthellaceae	0.0000	0.0000	0.0000
Slackia	84108	G	Bacteria	Bacillati	Actinomycetota	Coriobacteriia	Eggerthellales	Eggerthellaceae	0.0000	0.0000	0.0000
Phoenicibacter	1981050	G	Bacteria	Bacillati	Actinomycetota	Coriobacteriia	Eggerthellales	Eggerthellaceae	0.0000	0.0000	0.0000
Xiamenia	2981344	G	Bacteria	Bacillati	Actinomycetota	Coriobacteriia	Eggerthellales	Eggerthellaceae	0.0000	0.0000	0.0000
Umbribacter	3472368	G	Bacteria	Bacillati	Actinomycetota	Coriobacteriia	Eggerthellales	Eggerthellaceae	0.0000	0.0000	0.0000
Cryptobacterium	84162	G	Bacteria	Bacillati	Actinomycetota	Coriobacteriia	Eggerthellales	Eggerthellaceae	0.0000	0.0000	0.0000
Raoultibacter	1926677	G	Bacteria	Bacillati	Actinomycetota	Coriobacteriia	Eggerthellales	Eggerthellaceae	0.0000	0.0000	0.0000
Arabiibacter	2005386	G	Bacteria	Bacillati	Actinomycetota	Coriobacteriia	Eggerthellales	Eggerthellaceae	0.0000	0.0000	0.0000
Fannyhessea	2767327	G	Bacteria	Bacillati	Actinomycetota	Coriobacteriia	Coriobacteriales	Atopobiaceae	0.0010	0.0020	0.0040
Lancefieldella	2767353	G	Bacteria	Bacillati	Actinomycetota	Coriobacteriia	Coriobacteriales	Atopobiaceae	0.0000	0.0000	0.0010
Parolsenella	2082587	G	Bacteria	Bacillati	Actinomycetota	Coriobacteriia	Coriobacteriales	Atopobiaceae	0.0000	0.0000	0.0000
Olsenella	133925	G	Bacteria	Bacillati	Actinomycetota	Coriobacteriia	Coriobacteriales	Atopobiaceae	0.0000	0.0000	0.0000
Thermophilibacter	2847307	G	Bacteria	Bacillati	Actinomycetota	Coriobacteriia	Coriobacteriales	Atopobiaceae	0.0000	0.0000	0.0000
Atopobium	1380	G	Bacteria	Bacillati	Actinomycetota	Coriobacteriia	Coriobacteriales	Atopobiaceae	0.0000	0.0000	0.0000
Parafannyhessea	2847312	G	Bacteria	Bacillati	Actinomycetota	Coriobacteriia	Coriobacteriales	Atopobiaceae	0.0000	0.0000	0.0000
Collinsella	102106	G	Bacteria	Bacillati	Actinomycetota	Coriobacteriia	Coriobacteriales	Coriobacteriaceae	0.0010	0.0000	0.0010
Enorma	1472762	G	Bacteria	Bacillati	Actinomycetota	Coriobacteriia	Coriobacteriales	Coriobacteriaceae	0.0000	0.0000	0.0000
Iamia	467975	G	Bacteria	Bacillati	Actinomycetota	Acidimicrobiia	Acidimicrobiales	Iamiaceae	0.0010	0.0000	0.0000
Aquihabitans	1648491	G	Bacteria	Bacillati	Actinomycetota	Acidimicrobiia	Acidimicrobiales	Iamiaceae	0.0010	0.0000	0.0010
Dermatobacter	3075137	G	Bacteria	Bacillati	Actinomycetota	Acidimicrobiia	Acidimicrobiales	Iamiaceae	0.0000	0.0000	0.0000
Actinomarinicola	2789775	G	Bacteria	Bacillati	Actinomycetota	Acidimicrobiia	Acidimicrobiales	Iamiaceae	0.0000	0.0000	0.0000
Candidatus Poriferisocius	2983186	G	Bacteria	Bacillati	Actinomycetota	Acidimicrobiia	Acidimicrobiales	Candidatus Hopanoidivoransaceae	0.0020	0.0000	0.0000
Candidatus Poriferisodalis	2983190	G	Bacteria	Bacillati	Actinomycetota	Acidimicrobiia	Acidimicrobiales	Candidatus Poriferisodalaceae	0.0010	0.0000	0.0010
Acidimicrobium	53634	G	Bacteria	Bacillati	Actinomycetota	Acidimicrobiia	Acidimicrobiales	Acidimicrobiaceae	0.0010	0.0000	0.0000
Ilumatobacter	682522	G	Bacteria	Bacillati	Actinomycetota	Acidimicrobiia	Acidimicrobiales	Ilumatobacteraceae	0.0000	0.0000	0.0000
Salinilacustrithrix	3436875	G	Bacteria	Bacillati	Actinomycetota	Acidimicrobiia	Acidimicrobiales	Salinilacustritrichaceae	0.0000	0.0000	0.0000
Baekduia	2600304	G	Bacteria	Bacillati	Actinomycetota	Thermoleophilia	Solirubrobacterales	Baekduiaceae	0.0020	0.0000	0.0000
Svornostia	3231543	G	Bacteria	Bacillati	Actinomycetota	Thermoleophilia	Solirubrobacterales	Baekduiaceae	0.0000	0.0000	0.0000
Conexibacter	191494	G	Bacteria	Bacillati	Actinomycetota	Thermoleophilia	Solirubrobacterales	Conexibacteraceae	0.0010	0.0000	0.0000
Paraconexibacter	2758920	G	Bacteria	Bacillati	Actinomycetota	Thermoleophilia	Solirubrobacterales	Paraconexibacteraceae	0.0000	0.0000	0.0000
Capillimicrobium	2976759	G	Bacteria	Bacillati	Actinomycetota	Thermoleophilia	Solirubrobacterales	Capillimicrobiaceae	0.0000	0.0000	0.0000
Miltoncostaea	2843200	G	Bacteria	Bacillati	Actinomycetota	Thermoleophilia	Miltoncostaeales	Miltoncostaeaceae	0.0000	0.0000	0.0000
Thermoleophilum	192992	G	Bacteria	Bacillati	Actinomycetota	Thermoleophilia	Thermoleophilales	Thermoleophilaceae	0.0000	0.0000	0.0000
Egicoccus	1755825	G	Bacteria	Bacillati	Actinomycetota	Nitriliruptoria	Egicoccales	Egicoccaceae	0.0020	0.0000	0.0010
Euzebya	908623	G	Bacteria	Bacillati	Actinomycetota	Nitriliruptoria	Euzebyales	Euzebyaceae	0.0000	0.0000	0.0000
Egibacter	1747770	G	Bacteria	Bacillati	Actinomycetota	Nitriliruptoria	Egibacterales	Egibacteraceae	0.0000	0.0000	0.0000
Rubrobacter	42255	G	Bacteria	Bacillati	Actinomycetota	Rubrobacteria	Rubrobacterales	Rubrobacteraceae	0.0010	0.0000	0.0000
Mycoplasma	2093	G	Bacteria	Bacillati	Mycoplasmatota	Mollicutes	Mycoplasmatales	Mycoplasmataceae	0.1580	0.2380	0.1650
Candidatus Hepatoplasma	295595	G	Bacteria	Bacillati	Mycoplasmatota	Mollicutes	Mycoplasmatales	Candidatus Hepatoplasmataceae	0.0070	0.0150	0.0080
Spiroplasma	2132	G	Bacteria	Bacillati	Mycoplasmatota	Mollicutes	Entomoplasmatales	Spiroplasmataceae	0.0970	0.1610	0.1220
Mesoplasma	46239	G	Bacteria	Bacillati	Mycoplasmatota	Mollicutes	Entomoplasmatales	Entomoplasmataceae	0.0160	0.0280	0.0990
Entomoplasma	46238	G	Bacteria	Bacillati	Mycoplasmatota	Mollicutes	Entomoplasmatales	Entomoplasmataceae	0.0010	0.0000	0.0010
Williamsoniiplasma	2919614	G	Bacteria	Bacillati	Mycoplasmatota	Mollicutes	Entomoplasmatales		0.0030	0.0010	0.0030
Candidatus Izemoplasma	2975549	G	Bacteria	Bacillati	Mycoplasmatota	Mollicutes	Candidatus Izemoplasmatales	Candidatus Izemoplasmataceae	0.0170	0.0230	0.0130
Candidatus Xianfuyuplasma	2975521	G	Bacteria	Bacillati	Mycoplasmatota	Mollicutes	Candidatus Izemoplasmatales	Candidatus Izemoplasmataceae	0.0100	0.0130	0.0100
Hujiaoplasma	3078171	G	Bacteria	Bacillati	Mycoplasmatota	Mollicutes	Candidatus Izemoplasmatales	Hujiaoplasmataceae	0.0010	0.0000	0.0010
Acholeplasma	2147	G	Bacteria	Bacillati	Mycoplasmatota	Mollicutes	Acholeplasmatales	Acholeplasmataceae	0.0140	0.0200	0.0130
Candidatus Phytoplasma	33926	G	Bacteria	Bacillati	Mycoplasmatota	Mollicutes	Acholeplasmatales	Acholeplasmataceae	0.0120	0.0200	0.0140
Haploplasma	2903106	G	Bacteria	Bacillati	Mycoplasmatota	Mollicutes	Acholeplasmatales	Acholeplasmataceae	0.0020	0.0210	0.0010
Mariniplasma	2903100	G	Bacteria	Bacillati	Mycoplasmatota	Mollicutes	Acholeplasmatales	Acholeplasmataceae	0.0010	0.0050	0.0010
Mycoplasmopsis	2767358	G	Bacteria	Bacillati	Mycoplasmatota		Mycoplasmoidales	Metamycoplasmataceae	0.0660	0.1020	0.0640
Metamycoplasma	2895509	G	Bacteria	Bacillati	Mycoplasmatota		Mycoplasmoidales	Metamycoplasmataceae	0.0320	0.0560	0.0290
Mesomycoplasma	2923352	G	Bacteria	Bacillati	Mycoplasmatota		Mycoplasmoidales	Metamycoplasmataceae	0.0210	0.0350	0.0360
Mycoplasmoides	2995234	G	Bacteria	Bacillati	Mycoplasmatota		Mycoplasmoidales	Mycoplasmoidaceae	0.0080	0.0110	0.0080
Ureaplasma	2129	G	Bacteria	Bacillati	Mycoplasmatota		Mycoplasmoidales	Mycoplasmoidaceae	0.0060	0.0080	0.0060
Malacoplasma	2791001	G	Bacteria	Bacillati	Mycoplasmatota		Mycoplasmoidales	Mycoplasmoidaceae	0.0010	0.0010	0.0040
Nostoc	1177	G	Bacteria	Bacillati	Cyanobacteriota	Cyanophyceae	Nostocales	Nostocaceae	0.0550	0.0550	0.0670
Richelia	98443	G	Bacteria	Bacillati	Cyanobacteriota	Cyanophyceae	Nostocales	Nostocaceae	0.0130	0.0010	0.0050
Anabaena	1163	G	Bacteria	Bacillati	Cyanobacteriota	Cyanophyceae	Nostocales	Nostocaceae	0.0150	0.0060	0.0260
Trichormus	264688	G	Bacteria	Bacillati	Cyanobacteriota	Cyanophyceae	Nostocales	Nostocaceae	0.0020	0.0070	0.0120
Cylindrospermum	56106	G	Bacteria	Bacillati	Cyanobacteriota	Cyanophyceae	Nostocales	Nostocaceae	0.0000	0.0000	0.0010
Dolichospermum	748770	G	Bacteria	Bacillati	Cyanobacteriota	Cyanophyceae	Nostocales	Aphanizomenonaceae	0.0110	0.0080	0.0110
Cylindrospermopsis	77021	G	Bacteria	Bacillati	Cyanobacteriota	Cyanophyceae	Nostocales	Aphanizomenonaceae	0.0030	0.0030	0.0020
Okeanomitos	3231549	G	Bacteria	Bacillati	Cyanobacteriota	Cyanophyceae	Nostocales	Aphanizomenonaceae	0.0020	0.0040	0.0010
Sphaerospermopsis	752201	G	Bacteria	Bacillati	Cyanobacteriota	Cyanophyceae	Nostocales	Aphanizomenonaceae	0.0000	0.0000	0.0010
Fischerella	1190	G	Bacteria	Bacillati	Cyanobacteriota	Cyanophyceae	Nostocales	Hapalosiphonaceae	0.0070	0.0080	0.0050
Halotia	1620790	G	Bacteria	Bacillati	Cyanobacteriota	Cyanophyceae	Nostocales	Nodulariaceae	0.0020	0.0000	0.0000
Nodularia	159191	G	Bacteria	Bacillati	Cyanobacteriota	Cyanophyceae	Nostocales	Nodulariaceae	0.0020	0.0000	0.0010
Aliinostoc	2035978	G	Bacteria	Bacillati	Cyanobacteriota	Cyanophyceae	Nostocales	Nodulariaceae	0.0010	0.0010	0.0010
Anabaenopsis	110103	G	Bacteria	Bacillati	Cyanobacteriota	Cyanophyceae	Nostocales	Nodulariaceae	0.0000	0.0000	0.0000
Calothrix	1186	G	Bacteria	Bacillati	Cyanobacteriota	Cyanophyceae	Nostocales	Calotrichaceae	0.0040	0.0010	0.0020
Brasilonema	383614	G	Bacteria	Bacillati	Cyanobacteriota	Cyanophyceae	Nostocales	Scytonemataceae	0.0030	0.0000	0.0010
Tolypothrix	111782	G	Bacteria	Bacillati	Cyanobacteriota	Cyanophyceae	Nostocales	Tolypothrichaceae	0.0010	0.0010	0.0090
Rivularia	373984	G	Bacteria	Bacillati	Cyanobacteriota	Cyanophyceae	Nostocales	Rivulariaceae	0.0010	0.0000	0.0020
Chlorogloeopsis	1123	G	Bacteria	Bacillati	Cyanobacteriota	Cyanophyceae	Nostocales	Chlorogloeopsidaceae	0.0010	0.0020	0.0000
Cyanobacterium	102234	G	Bacteria	Bacillati	Cyanobacteriota	Cyanophyceae	Chroococcales	Geminocystaceae	0.0100	0.0120	0.0100
Geminocystis	669357	G	Bacteria	Bacillati	Cyanobacteriota	Cyanophyceae	Chroococcales	Geminocystaceae	0.0090	0.0120	0.0120
Picosynechococcus	3079908	G	Bacteria	Bacillati	Cyanobacteriota	Cyanophyceae	Chroococcales	Geminocystaceae	0.0030	0.0050	0.0050
Candidatus Atelocyanobacterium	1453359	G	Bacteria	Bacillati	Cyanobacteriota	Cyanophyceae	Chroococcales	Aphanothecaceae	0.0050	0.0150	0.0210
Crocosphaera	263510	G	Bacteria	Bacillati	Cyanobacteriota	Cyanophyceae	Chroococcales	Aphanothecaceae	0.0040	0.0060	0.0090
Rippkaea	2546365	G	Bacteria	Bacillati	Cyanobacteriota	Cyanophyceae	Chroococcales	Aphanothecaceae	0.0030	0.0020	0.0030
Gloeothece	28070	G	Bacteria	Bacillati	Cyanobacteriota	Cyanophyceae	Chroococcales	Aphanothecaceae	0.0020	0.0000	0.0010
Microcystis	1125	G	Bacteria	Bacillati	Cyanobacteriota	Cyanophyceae	Chroococcales	Microcystaceae	0.0040	0.0010	0.0010
Euhalothece	65097	G	Bacteria	Bacillati	Cyanobacteriota	Cyanophyceae	Chroococcales	Halothecacae	0.0030	0.0020	0.0050
Halothece	76023	G	Bacteria	Bacillati	Cyanobacteriota	Cyanophyceae	Chroococcales	Halothecacae	0.0000	0.0000	0.0000
Gloeocapsopsis	693222	G	Bacteria	Bacillati	Cyanobacteriota	Cyanophyceae	Chroococcales	Chroococcaceae	0.0010	0.0000	0.0000
Gloeocapsa	102231	G	Bacteria	Bacillati	Cyanobacteriota	Cyanophyceae	Chroococcales	Chroococcaceae	0.0010	0.0000	0.0000
Trichodesmium	1205	G	Bacteria	Bacillati	Cyanobacteriota	Cyanophyceae	Oscillatoriales	Microcoleaceae	0.0040	0.0160	0.0090
Planktothrix	54304	G	Bacteria	Bacillati	Cyanobacteriota	Cyanophyceae	Oscillatoriales	Microcoleaceae	0.0040	0.0020	0.0020
Microcoleus	44471	G	Bacteria	Bacillati	Cyanobacteriota	Cyanophyceae	Oscillatoriales	Microcoleaceae	0.0020	0.0000	0.0010
Planktothricoides	132607	G	Bacteria	Bacillati	Cyanobacteriota	Cyanophyceae	Oscillatoriales	Oscillatoriaceae	0.0030	0.0050	0.0120
Oxynema	1492710	G	Bacteria	Bacillati	Cyanobacteriota	Cyanophyceae	Oscillatoriales	Oscillatoriaceae	0.0030	0.0040	0.0080
Phormidium	1198	G	Bacteria	Bacillati	Cyanobacteriota	Cyanophyceae	Oscillatoriales	Oscillatoriaceae	0.0010	0.0000	0.0000
Koinonema	2023214	G	Bacteria	Bacillati	Cyanobacteriota	Cyanophyceae	Oscillatoriales	Oscillatoriaceae	0.0000	0.0000	0.0000
Limnospira	2596745	G	Bacteria	Bacillati	Cyanobacteriota	Cyanophyceae	Oscillatoriales	Sirenicapillariaceae	0.0010	0.0010	0.0010
Capilliphycus	2768926	G	Bacteria	Bacillati	Cyanobacteriota	Cyanophyceae	Oscillatoriales	Sirenicapillariaceae	0.0010	0.0000	0.0000
Prochlorococcus	1218	G	Bacteria	Bacillati	Cyanobacteriota	Cyanophyceae	Synechococcales	Prochlorococcaceae	0.0240	0.0470	0.0320
Cyanobium	167375	G	Bacteria	Bacillati	Cyanobacteriota	Cyanophyceae	Synechococcales	Prochlorococcaceae	0.0020	0.0000	0.0000
Parasynechococcus	2881427	G	Bacteria	Bacillati	Cyanobacteriota	Cyanophyceae	Synechococcales	Prochlorococcaceae	0.0000	0.0000	0.0000
Synechococcus	1129	G	Bacteria	Bacillati	Cyanobacteriota	Cyanophyceae	Synechococcales	Synechococcaceae	0.0250	0.0160	0.0100
Synechocystis	1142	G	Bacteria	Bacillati	Cyanobacteriota	Cyanophyceae	Synechococcales	Merismopediaceae	0.0020	0.0000	0.0010
Altericista	2855430	G	Bacteria	Bacillati	Cyanobacteriota	Cyanophyceae	Synechococcales		0.0020	0.0000	0.0000
Leptolyngbya	47251	G	Bacteria	Bacillati	Cyanobacteriota	Cyanophyceae	Leptolyngbyales	Leptolyngbyaceae	0.0070	0.0020	0.0040
Kovacikia	1874526	G	Bacteria	Bacillati	Cyanobacteriota	Cyanophyceae	Leptolyngbyales	Leptolyngbyaceae	0.0020	0.0000	0.0000
Leptodesmis	2664261	G	Bacteria	Bacillati	Cyanobacteriota	Cyanophyceae	Leptolyngbyales	Leptolyngbyaceae	0.0020	0.0000	0.0000
Leptothermofonsia	2917830	G	Bacteria	Bacillati	Cyanobacteriota	Cyanophyceae	Leptolyngbyales	Leptolyngbyaceae	0.0010	0.0000	0.0000
Trichothermofontia	3045815	G	Bacteria	Bacillati	Cyanobacteriota	Cyanophyceae	Leptolyngbyales	Trichocoleusaceae	0.0010	0.0000	0.0000
Thermosynechococcus	146785	G	Bacteria	Bacillati	Cyanobacteriota	Cyanophyceae	Acaryochloridales	Thermosynechococcaceae	0.0050	0.0000	0.0020
Parathermosynechococcus	3161592	G	Bacteria	Bacillati	Cyanobacteriota	Cyanophyceae	Acaryochloridales	Thermosynechococcaceae	0.0010	0.0000	0.0000
Acaryochloris	155977	G	Bacteria	Bacillati	Cyanobacteriota	Cyanophyceae	Acaryochloridales	Acaryochloridaceae	0.0040	0.0000	0.0010
Pseudanabaena	1152	G	Bacteria	Bacillati	Cyanobacteriota	Cyanophyceae	Pseudanabaenales	Pseudanabaenaceae	0.0080	0.0010	0.0030
Limnothrix	132605	G	Bacteria	Bacillati	Cyanobacteriota	Cyanophyceae	Pseudanabaenales	Pseudanabaenaceae	0.0010	0.0000	0.0000
Thalassoporum	2799719	G	Bacteria	Bacillati	Cyanobacteriota	Cyanophyceae	Pseudanabaenales	Thalassoporaceae	0.0000	0.0020	0.0000
Pleurocapsa	44474	G	Bacteria	Bacillati	Cyanobacteriota	Cyanophyceae	Pleurocapsales	Pleurocapsaceae	0.0040	0.0040	0.0050
Stanieria	102115	G	Bacteria	Bacillati	Cyanobacteriota	Cyanophyceae	Pleurocapsales	Dermocarpellaceae	0.0020	0.0010	0.0010
Thermocoleostomius	3065395	G	Bacteria	Bacillati	Cyanobacteriota	Cyanophyceae	Oculatellales	Oculatellaceae	0.0020	0.0000	0.0000
Egbenema	3079668	G	Bacteria	Bacillati	Cyanobacteriota	Cyanophyceae	Oculatellales	Oculatellaceae	0.0020	0.0020	0.0000
Thermoleptolyngbya	2303528	G	Bacteria	Bacillati	Cyanobacteriota	Cyanophyceae	Oculatellales	Oculatellaceae	0.0000	0.0000	0.0000
Crinalium	241421	G	Bacteria	Bacillati	Cyanobacteriota	Cyanophyceae	Gomontiellales	Gomontiellaceae	0.0020	0.0030	0.0020
Chamaesiphon	217161	G	Bacteria	Bacillati	Cyanobacteriota	Cyanophyceae	Gomontiellales	Chamaesiphonaceae	0.0010	0.0000	0.0000
Allocoleopsis	2886347	G	Bacteria	Bacillati	Cyanobacteriota	Cyanophyceae	Coleofasciculales	Coleofasciculaceae	0.0020	0.0000	0.0000
Moorena	1155738	G	Bacteria	Bacillati	Cyanobacteriota	Cyanophyceae	Coleofasciculales	Coleofasciculaceae	0.0010	0.0000	0.0010
Chroococcidiopsis	54298	G	Bacteria	Bacillati	Cyanobacteriota	Cyanophyceae	Chroococcidiopsidales	Chroococcidiopsidaceae	0.0030	0.0100	0.0050
Dactylococcopsis	13034	G	Bacteria	Bacillati	Cyanobacteriota	Cyanophyceae	Nodosilineales	Cymatolegaceae	0.0020	0.0000	0.0000
Nodosilinea	1120752	G	Bacteria	Bacillati	Cyanobacteriota	Cyanophyceae	Nodosilineales	Nodosilineaceae	0.0010	0.0000	0.0000
Halomicronema	170610	G	Bacteria	Bacillati	Cyanobacteriota	Cyanophyceae	Nodosilineales	Nodosilineaceae	0.0010	0.0000	0.0000
Gloeomargarita	1188227	G	Bacteria	Bacillati	Cyanobacteriota	Cyanophyceae	Gloeomargaritales	Gloeomargaritaceae	0.0020	0.0000	0.0010
Gloeobacter	33071	G	Bacteria	Bacillati	Cyanobacteriota	Cyanophyceae	Gloeobacterales	Gloeobacteraceae	0.0010	0.0000	0.0010
Anthocerotibacter	2857076	G	Bacteria	Bacillati	Cyanobacteriota	Cyanophyceae	Gloeobacterales	Anthocerotibacteraceae	0.0000	0.0000	0.0000
Desertifilum	1185872	G	Bacteria	Bacillati	Cyanobacteriota	Cyanophyceae	Desertifilales	Desertifilaceae	0.0010	0.0000	0.0010
Geitlerinema	63132	G	Bacteria	Bacillati	Cyanobacteriota	Cyanophyceae	Geitlerinematales	Geitlerinemataceae	0.0070	0.0000	0.0070
Chloroflexus	1107	G	Bacteria	Bacillati	Chloroflexota	Chloroflexia	Chloroflexales	Chloroflexaceae	0.0010	0.0000	0.0000
Roseiflexus	120961	G	Bacteria	Bacillati	Chloroflexota	Chloroflexia	Chloroflexales	Roseiflexaceae	0.0000	0.0000	0.0000
Candidatus Chlorohelix	3139173	G	Bacteria	Bacillati	Chloroflexota	Chloroflexia	Candidatus Chloroheliales	Candidatus Chloroheliaceae	0.0010	0.0000	0.0000
Thermobaculum	262406	G	Bacteria	Bacillati	Chloroflexota	Chloroflexia	Candidatus Thermobaculales	Candidatus Thermobaculaceae	0.0000	0.0000	0.0000
Candidatus Leptofilum	3140596	G	Bacteria	Bacillati	Chloroflexota	Ardenticatenia	Candidatus Promineifilales	Candidatus Promineifilaceae	0.0010	0.0000	0.0010
Candidatus Promineifilum	1988031	G	Bacteria	Bacillati	Chloroflexota	Ardenticatenia	Candidatus Promineifilales	Candidatus Promineifilaceae	0.0010	0.0000	0.0010
Pelolinea	1649478	G	Bacteria	Bacillati	Chloroflexota	Anaerolineae	Anaerolineales	Anaerolineaceae	0.0010	0.0000	0.0000
Candidatus Brevifilum	2019482	G	Bacteria	Bacillati	Chloroflexota	Anaerolineae	Anaerolineales	Anaerolineaceae	0.0000	0.0000	0.0000
Anaerolinea	233189	G	Bacteria	Bacillati	Chloroflexota	Anaerolineae	Anaerolineales	Anaerolineaceae	0.0000	0.0000	0.0000
Dehalococcoides	61434	G	Bacteria	Bacillati	Chloroflexota	Dehalococcoidia	Dehalococcoidales	Dehalococcoidaceae	0.0010	0.0000	0.0000
Dehalogenimonas	670486	G	Bacteria	Bacillati	Chloroflexota	Dehalococcoidia	Dehalococcoidales	Dehalococcoidaceae	0.0000	0.0000	0.0000
Candidatus Lucifugimonas	3143249	G	Bacteria	Bacillati	Chloroflexota	Dehalococcoidia	Candidatus Lucifugimonadales	Candidatus Lucifugimonadaceae	0.0000	0.0000	0.0000
Thermoflexus	1495649	G	Bacteria	Bacillati	Chloroflexota	Thermoflexia	Thermoflexales	Thermoflexaceae	0.0010	0.0000	0.0000
Phototrophicus	2922426	G	Bacteria	Bacillati	Chloroflexota	Candidatus Thermofontia	Phototrophicales	Phototrophicaceae	0.0000	0.0000	0.0000
Ktedonosporobacter	2692417	G	Bacteria	Bacillati	Chloroflexota	Ktedonobacteria	Ktedonobacterales	Ktedonosporobacteraceae	0.0000	0.0000	0.0000
Caldilinea	233191	G	Bacteria	Bacillati	Chloroflexota	Caldilineae	Caldilineales	Caldilineaceae	0.0000	0.0000	0.0000
Tepidiforma	2682228	G	Bacteria	Bacillati	Chloroflexota	Tepidiformia	Tepidiformales	Tepidiformaceae	0.0000	0.0000	0.0000
Capsulimonas	2494209	G	Bacteria	Bacillati	Armatimonadota	Armatimonadia	Capsulimonadales	Capsulimonadaceae	0.0000	0.0000	0.0000
Chthonomonas	1077265	G	Bacteria	Bacillati	Armatimonadota	Chthonomonadia	Chthonomonadales	Chthonomonadaceae	0.0000	0.0000	0.0000
Vulcanimicrobium	3016049	G	Bacteria	Bacillati	Vulcanimicrobiota	Vulcanimicrobiia	Vulcanimicrobiales	Vulcanimicrobiaceae	0.0000	0.0000	0.0000
Parasaccharibacter	1602345	G	Bacteria	Pseudomonadati	Pseudomonadota	Alphaproteobacteria	Acetobacterales	Acetobacteraceae	1.9250	0.1910	0.9930
Acetobacter	434	G	Bacteria	Pseudomonadati	Pseudomonadota	Alphaproteobacteria	Acetobacterales	Acetobacteraceae	0.6500	0.0400	0.2000
Gluconobacter	441	G	Bacteria	Pseudomonadati	Pseudomonadota	Alphaproteobacteria	Acetobacterales	Acetobacteraceae	0.5220	0.0400	0.2110
Komagataeibacter	1434011	G	Bacteria	Pseudomonadati	Pseudomonadota	Alphaproteobacteria	Acetobacterales	Acetobacteraceae	0.3220	0.0270	0.1620
Asaia	91914	G	Bacteria	Pseudomonadati	Pseudomonadota	Alphaproteobacteria	Acetobacterales	Acetobacteraceae	0.2850	0.0440	0.1230
Neokomagataea	1223423	G	Bacteria	Pseudomonadati	Pseudomonadota	Alphaproteobacteria	Acetobacterales	Acetobacteraceae	0.1220	0.0140	0.0270
Aristophania	3027666	G	Bacteria	Pseudomonadati	Pseudomonadota	Alphaproteobacteria	Acetobacterales	Acetobacteraceae	0.1140	0.0020	0.0220
Oecophyllibacter	2791118	G	Bacteria	Pseudomonadati	Pseudomonadota	Alphaproteobacteria	Acetobacterales	Acetobacteraceae	0.0980	0.0080	0.0440
Swingsia	1649499	G	Bacteria	Pseudomonadati	Pseudomonadota	Alphaproteobacteria	Acetobacterales	Acetobacteraceae	0.0850	0.0010	0.0110
Kozakia	153497	G	Bacteria	Pseudomonadati	Pseudomonadota	Alphaproteobacteria	Acetobacterales	Acetobacteraceae	0.0750	0.0040	0.0220
Formicincola	2952773	G	Bacteria	Pseudomonadati	Pseudomonadota	Alphaproteobacteria	Acetobacterales	Acetobacteraceae	0.0400	0.0030	0.0170
Candidatus Kirkpatrickella	3097638	G	Bacteria	Pseudomonadati	Pseudomonadota	Alphaproteobacteria	Acetobacterales	Acetobacteraceae	0.0360	0.0020	0.0120
Granulibacter	364409	G	Bacteria	Pseudomonadati	Pseudomonadota	Alphaproteobacteria	Acetobacterales	Acetobacteraceae	0.0330	0.0030	0.0170
Neoasaia	320496	G	Bacteria	Pseudomonadati	Pseudomonadota	Alphaproteobacteria	Acetobacterales	Acetobacteraceae	0.0330	0.0030	0.0120
Novacetimonas	2919364	G	Bacteria	Pseudomonadati	Pseudomonadota	Alphaproteobacteria	Acetobacterales	Acetobacteraceae	0.0430	0.0050	0.0180
Entomobacter	2811380	G	Bacteria	Pseudomonadati	Pseudomonadota	Alphaproteobacteria	Acetobacterales	Acetobacteraceae	0.0200	0.0010	0.0040
Commensalibacter	1079922	G	Bacteria	Pseudomonadati	Pseudomonadota	Alphaproteobacteria	Acetobacterales	Acetobacteraceae	0.0170	0.0080	0.0100
Nguyenibacter	1519186	G	Bacteria	Pseudomonadati	Pseudomonadota	Alphaproteobacteria	Acetobacterales	Acetobacteraceae	0.0170	0.0020	0.0120
Lichenicola	2804525	G	Bacteria	Pseudomonadati	Pseudomonadota	Alphaproteobacteria	Acetobacterales	Acetobacteraceae	0.0140	0.0020	0.0080
Lichenicoccus	2781897	G	Bacteria	Pseudomonadati	Pseudomonadota	Alphaproteobacteria	Acetobacterales	Acetobacteraceae	0.0130	0.0020	0.0070
Gluconacetobacter	89583	G	Bacteria	Pseudomonadati	Pseudomonadota	Alphaproteobacteria	Acetobacterales	Acetobacteraceae	0.0120	0.0020	0.0070
Acidibrevibacterium	2603324	G	Bacteria	Pseudomonadati	Pseudomonadota	Alphaproteobacteria	Acetobacterales	Acetobacteraceae	0.0080	0.0010	0.0040
Rhodopila	1070	G	Bacteria	Pseudomonadati	Pseudomonadota	Alphaproteobacteria	Acetobacterales	Acetobacteraceae	0.0030	0.0000	0.0010
Rhodovastum	504465	G	Bacteria	Pseudomonadati	Pseudomonadota	Alphaproteobacteria	Acetobacterales	Acetobacteraceae	0.0020	0.0000	0.0020
Pararoseomonas	2870712	G	Bacteria	Pseudomonadati	Pseudomonadota	Alphaproteobacteria	Acetobacterales	Acetobacteraceae	0.0030	0.0010	0.0030
Roseomonas	125216	G	Bacteria	Pseudomonadati	Pseudomonadota	Alphaproteobacteria	Acetobacterales	Roseomonadaceae	0.0300	0.0040	0.0190
Sediminicoccus	1706033	G	Bacteria	Pseudomonadati	Pseudomonadota	Alphaproteobacteria	Acetobacterales	Roseomonadaceae	0.0080	0.0010	0.0040
Roseococcus	35812	G	Bacteria	Pseudomonadati	Pseudomonadota	Alphaproteobacteria	Acetobacterales	Roseomonadaceae	0.0030	0.0000	0.0020
Dankookia	1940143	G	Bacteria	Pseudomonadati	Pseudomonadota	Alphaproteobacteria	Acetobacterales	Roseomonadaceae	0.0020	0.0000	0.0010
Muricoccus	3409995	G	Bacteria	Pseudomonadati	Pseudomonadota	Alphaproteobacteria	Acetobacterales	Roseomonadaceae	0.0020	0.0000	0.0010
Humitalea	1223303	G	Bacteria	Pseudomonadati	Pseudomonadota	Alphaproteobacteria	Acetobacterales	Roseomonadaceae	0.0010	0.0000	0.0010
Acidocella	50709	G	Bacteria	Pseudomonadati	Pseudomonadota	Alphaproteobacteria	Acetobacterales	Acidocellaceae	0.0100	0.0010	0.0050
Acidiphilium	522	G	Bacteria	Pseudomonadati	Pseudomonadota	Alphaproteobacteria	Acetobacterales	Acidocellaceae	0.0070	0.0010	0.0030
Acidisoma	512381	G	Bacteria	Pseudomonadati	Pseudomonadota	Alphaproteobacteria	Acetobacterales	Acidocellaceae	0.0050	0.0000	0.0020
Elioraea	457933	G	Bacteria	Pseudomonadati	Pseudomonadota	Alphaproteobacteria	Acetobacterales	Elioraeaceae	0.0020	0.0000	0.0010
Rhizobium	379	G	Bacteria	Pseudomonadati	Pseudomonadota	Alphaproteobacteria	Hyphomicrobiales	Rhizobiaceae	0.0670	0.0090	0.0380
Agrobacterium	357	G	Bacteria	Pseudomonadati	Pseudomonadota	Alphaproteobacteria	Hyphomicrobiales	Rhizobiaceae	0.0820	0.0070	0.0340
Pararhizobium	1612611	G	Bacteria	Pseudomonadati	Pseudomonadota	Alphaproteobacteria	Hyphomicrobiales	Rhizobiaceae	0.0090	0.0010	0.0020
Neorhizobium	1525371	G	Bacteria	Pseudomonadati	Pseudomonadota	Alphaproteobacteria	Hyphomicrobiales	Rhizobiaceae	0.0070	0.0010	0.0040
Pseudorhizobium	1903858	G	Bacteria	Pseudomonadati	Pseudomonadota	Alphaproteobacteria	Hyphomicrobiales	Rhizobiaceae	0.0000	0.0000	0.0000
Sinorhizobium	28105	G	Bacteria	Pseudomonadati	Pseudomonadota	Alphaproteobacteria	Hyphomicrobiales	Rhizobiaceae	0.0140	0.0040	0.0100
Ensifer	106591	G	Bacteria	Pseudomonadati	Pseudomonadota	Alphaproteobacteria	Hyphomicrobiales	Rhizobiaceae	0.0040	0.0000	0.0020
Shinella	323620	G	Bacteria	Pseudomonadati	Pseudomonadota	Alphaproteobacteria	Hyphomicrobiales	Rhizobiaceae	0.0090	0.0100	0.0040
Hoeflea	274591	G	Bacteria	Pseudomonadati	Pseudomonadota	Alphaproteobacteria	Hyphomicrobiales	Rhizobiaceae	0.0070	0.0010	0.0040
Lentilitoribacter	1649463	G	Bacteria	Pseudomonadati	Pseudomonadota	Alphaproteobacteria	Hyphomicrobiales	Rhizobiaceae	0.0050	0.0060	0.0040
Liberibacter	34019	G	Bacteria	Pseudomonadati	Pseudomonadota	Alphaproteobacteria	Hyphomicrobiales	Rhizobiaceae	0.0050	0.0080	0.0160
Peteryoungia	2853332	G	Bacteria	Pseudomonadati	Pseudomonadota	Alphaproteobacteria	Hyphomicrobiales	Rhizobiaceae	0.0020	0.0000	0.0000
Affinirhizobium	3070964	G	Bacteria	Pseudomonadati	Pseudomonadota	Alphaproteobacteria	Hyphomicrobiales	Rhizobiaceae	0.0020	0.0000	0.0010
Georhizobium	2661800	G	Bacteria	Pseudomonadati	Pseudomonadota	Alphaproteobacteria	Hyphomicrobiales	Rhizobiaceae	0.0010	0.0000	0.0000
Paenirhizobium	3070963	G	Bacteria	Pseudomonadati	Pseudomonadota	Alphaproteobacteria	Hyphomicrobiales	Rhizobiaceae	0.0010	0.0000	0.0000
Terrirhizobium	3464117	G	Bacteria	Pseudomonadati	Pseudomonadota	Alphaproteobacteria	Hyphomicrobiales	Rhizobiaceae	0.0010	0.0000	0.0010
Ciceribacter	1648508	G	Bacteria	Pseudomonadati	Pseudomonadota	Alphaproteobacteria	Hyphomicrobiales	Rhizobiaceae	0.0000	0.0000	0.0000
Bartonella	773	G	Bacteria	Pseudomonadati	Pseudomonadota	Alphaproteobacteria	Hyphomicrobiales	Bartonellaceae	0.1030	0.0390	0.0480
Bradyrhizobium	374	G	Bacteria	Pseudomonadati	Pseudomonadota	Alphaproteobacteria	Hyphomicrobiales	Nitrobacteraceae	0.0720	0.0070	0.0330
Rhodopseudomonas	1073	G	Bacteria	Pseudomonadati	Pseudomonadota	Alphaproteobacteria	Hyphomicrobiales	Nitrobacteraceae	0.0050	0.0000	0.0030
Afipia	1033	G	Bacteria	Pseudomonadati	Pseudomonadota	Alphaproteobacteria	Hyphomicrobiales	Nitrobacteraceae	0.0090	0.0110	0.0130
Tardiphaga	1395974	G	Bacteria	Pseudomonadati	Pseudomonadota	Alphaproteobacteria	Hyphomicrobiales	Nitrobacteraceae	0.0050	0.0000	0.0030
Nitrobacter	911	G	Bacteria	Pseudomonadati	Pseudomonadota	Alphaproteobacteria	Hyphomicrobiales	Nitrobacteraceae	0.0030	0.0000	0.0010
Rugositalea	3466653	G	Bacteria	Pseudomonadati	Pseudomonadota	Alphaproteobacteria	Hyphomicrobiales	Nitrobacteraceae	0.0010	0.0000	0.0000
Variibacter	1649510	G	Bacteria	Pseudomonadati	Pseudomonadota	Alphaproteobacteria	Hyphomicrobiales	Nitrobacteraceae	0.0000	0.0000	0.0000
Mesorhizobium	68287	G	Bacteria	Pseudomonadati	Pseudomonadota	Alphaproteobacteria	Hyphomicrobiales	Phyllobacteriaceae	0.0420	0.0150	0.0170
Phyllobacterium	28100	G	Bacteria	Pseudomonadati	Pseudomonadota	Alphaproteobacteria	Hyphomicrobiales	Phyllobacteriaceae	0.0110	0.0020	0.0050
Nitratireductor	245876	G	Bacteria	Pseudomonadati	Pseudomonadota	Alphaproteobacteria	Hyphomicrobiales	Phyllobacteriaceae	0.0090	0.0010	0.0030
Aminobacter	31988	G	Bacteria	Pseudomonadati	Pseudomonadota	Alphaproteobacteria	Hyphomicrobiales	Phyllobacteriaceae	0.0060	0.0010	0.0050
Aquibium	2911176	G	Bacteria	Pseudomonadati	Pseudomonadota	Alphaproteobacteria	Hyphomicrobiales	Phyllobacteriaceae	0.0010	0.0000	0.0010
Chelativorans	449972	G	Bacteria	Pseudomonadati	Pseudomonadota	Alphaproteobacteria	Hyphomicrobiales	Phyllobacteriaceae	0.0010	0.0000	0.0010
Terribium	3143704	G	Bacteria	Pseudomonadati	Pseudomonadota	Alphaproteobacteria	Hyphomicrobiales	Phyllobacteriaceae	0.0000	0.0000	0.0000
Aquamicrobium	69278	G	Bacteria	Pseudomonadati	Pseudomonadota	Alphaproteobacteria	Hyphomicrobiales	Phyllobacteriaceae	0.0000	0.0000	0.0000
Roseibium	150830	G	Bacteria	Pseudomonadati	Pseudomonadota	Alphaproteobacteria	Hyphomicrobiales	Stappiaceae	0.0220	0.0040	0.0150
Pseudovibrio	258255	G	Bacteria	Pseudomonadati	Pseudomonadota	Alphaproteobacteria	Hyphomicrobiales	Stappiaceae	0.0080	0.0000	0.0010
Stappia	152161	G	Bacteria	Pseudomonadati	Pseudomonadota	Alphaproteobacteria	Hyphomicrobiales	Stappiaceae	0.0060	0.0050	0.0040
Labrenzia	478070	G	Bacteria	Pseudomonadati	Pseudomonadota	Alphaproteobacteria	Hyphomicrobiales	Stappiaceae	0.0050	0.0000	0.0010
Breoghania	1406135	G	Bacteria	Pseudomonadati	Pseudomonadota	Alphaproteobacteria	Hyphomicrobiales	Stappiaceae	0.0030	0.0000	0.0010
Pannonibacter	227873	G	Bacteria	Pseudomonadati	Pseudomonadota	Alphaproteobacteria	Hyphomicrobiales	Stappiaceae	0.0040	0.0000	0.0030
Brucella	234	G	Bacteria	Pseudomonadati	Pseudomonadota	Alphaproteobacteria	Hyphomicrobiales	Brucellaceae	0.0320	0.0060	0.0090
Ochrobactrum	528	G	Bacteria	Pseudomonadati	Pseudomonadota	Alphaproteobacteria	Hyphomicrobiales	Brucellaceae	0.0040	0.0010	0.0010
Pseudochrobactrum	354349	G	Bacteria	Pseudomonadati	Pseudomonadota	Alphaproteobacteria	Hyphomicrobiales	Brucellaceae	0.0150	0.0000	0.0030
Methylobacterium	407	G	Bacteria	Pseudomonadati	Pseudomonadota	Alphaproteobacteria	Hyphomicrobiales	Methylobacteriaceae	0.0260	0.0030	0.0170
Microvirga	186650	G	Bacteria	Pseudomonadati	Pseudomonadota	Alphaproteobacteria	Hyphomicrobiales	Methylobacteriaceae	0.0060	0.0010	0.0020
Methylorubrum	2282523	G	Bacteria	Pseudomonadati	Pseudomonadota	Alphaproteobacteria	Hyphomicrobiales	Methylobacteriaceae	0.0060	0.0010	0.0040
Devosia	46913	G	Bacteria	Pseudomonadati	Pseudomonadota	Alphaproteobacteria	Hyphomicrobiales	Devosiaceae	0.0200	0.0020	0.0100
Pelagibacterium	1082930	G	Bacteria	Pseudomonadati	Pseudomonadota	Alphaproteobacteria	Hyphomicrobiales	Devosiaceae	0.0070	0.0030	0.0020
Maritalea	623276	G	Bacteria	Pseudomonadati	Pseudomonadota	Alphaproteobacteria	Hyphomicrobiales	Devosiaceae	0.0020	0.0000	0.0000
Mariluticola	3064792	G	Bacteria	Pseudomonadati	Pseudomonadota	Alphaproteobacteria	Hyphomicrobiales	Devosiaceae	0.0010	0.0000	0.0000
Paradevosia	1573407	G	Bacteria	Pseudomonadati	Pseudomonadota	Alphaproteobacteria	Hyphomicrobiales	Devosiaceae	0.0010	0.0000	0.0010
Methylocystis	133	G	Bacteria	Pseudomonadati	Pseudomonadota	Alphaproteobacteria	Hyphomicrobiales	Methylocystaceae	0.0110	0.0010	0.0060
Methylosinus	425	G	Bacteria	Pseudomonadati	Pseudomonadota	Alphaproteobacteria	Hyphomicrobiales	Methylocystaceae	0.0050	0.0000	0.0010
Hyphomicrobium	81	G	Bacteria	Pseudomonadati	Pseudomonadota	Alphaproteobacteria	Hyphomicrobiales	Hyphomicrobiaceae	0.0070	0.0000	0.0020
Methyloceanibacter	1484898	G	Bacteria	Pseudomonadati	Pseudomonadota	Alphaproteobacteria	Hyphomicrobiales	Hyphomicrobiaceae	0.0030	0.0000	0.0000
Methyloligella	1485594	G	Bacteria	Pseudomonadati	Pseudomonadota	Alphaproteobacteria	Hyphomicrobiales	Hyphomicrobiaceae	0.0020	0.0000	0.0010
Filomicrobium	119044	G	Bacteria	Pseudomonadati	Pseudomonadota	Alphaproteobacteria	Hyphomicrobiales	Hyphomicrobiaceae	0.0010	0.0000	0.0000
Rhodomicrobium	1068	G	Bacteria	Pseudomonadati	Pseudomonadota	Alphaproteobacteria	Hyphomicrobiales	Hyphomicrobiaceae	0.0010	0.0000	0.0010
Ancylobacter	99	G	Bacteria	Pseudomonadati	Pseudomonadota	Alphaproteobacteria	Hyphomicrobiales	Xanthobacteraceae	0.0060	0.0010	0.0030
Xanthobacter	279	G	Bacteria	Pseudomonadati	Pseudomonadota	Alphaproteobacteria	Hyphomicrobiales	Xanthobacteraceae	0.0040	0.0000	0.0030
Labrys	204476	G	Bacteria	Pseudomonadati	Pseudomonadota	Alphaproteobacteria	Hyphomicrobiales	Xanthobacteraceae	0.0020	0.0000	0.0010
Pseudolabrys	556257	G	Bacteria	Pseudomonadati	Pseudomonadota	Alphaproteobacteria	Hyphomicrobiales	Xanthobacteraceae	0.0010	0.0000	0.0000
Aquabacter	45402	G	Bacteria	Pseudomonadati	Pseudomonadota	Alphaproteobacteria	Hyphomicrobiales	Xanthobacteraceae	0.0010	0.0000	0.0010
Starkeya	152053	G	Bacteria	Pseudomonadati	Pseudomonadota	Alphaproteobacteria	Hyphomicrobiales	Xanthobacteraceae	0.0010	0.0000	0.0010
Azorhizobium	6	G	Bacteria	Pseudomonadati	Pseudomonadota	Alphaproteobacteria	Hyphomicrobiales	Xanthobacteraceae	0.0000	0.0000	0.0000
Candidatus Phaeomarinibacter	1541445	G	Bacteria	Pseudomonadati	Pseudomonadota	Alphaproteobacteria	Hyphomicrobiales	Parvibaculaceae	0.0030	0.0000	0.0010
Pyruvatibacter	1742974	G	Bacteria	Pseudomonadati	Pseudomonadota	Alphaproteobacteria	Hyphomicrobiales	Parvibaculaceae	0.0030	0.0000	0.0010
Kaustia	2838250	G	Bacteria	Pseudomonadati	Pseudomonadota	Alphaproteobacteria	Hyphomicrobiales	Parvibaculaceae	0.0020	0.0000	0.0010
Anderseniella	444432	G	Bacteria	Pseudomonadati	Pseudomonadota	Alphaproteobacteria	Hyphomicrobiales	Parvibaculaceae	0.0020	0.0000	0.0010
Parvibaculum	256616	G	Bacteria	Pseudomonadati	Pseudomonadota	Alphaproteobacteria	Hyphomicrobiales	Parvibaculaceae	0.0020	0.0000	0.0010
Tepidicaulis	1742977	G	Bacteria	Pseudomonadati	Pseudomonadota	Alphaproteobacteria	Hyphomicrobiales	Parvibaculaceae	0.0020	0.0000	0.0010
Aureimonas	414371	G	Bacteria	Pseudomonadati	Pseudomonadota	Alphaproteobacteria	Hyphomicrobiales	Aurantimonadaceae	0.0070	0.0020	0.0060
Martelella	293088	G	Bacteria	Pseudomonadati	Pseudomonadota	Alphaproteobacteria	Hyphomicrobiales	Aurantimonadaceae	0.0070	0.0010	0.0020
Jiella	1775688	G	Bacteria	Pseudomonadati	Pseudomonadota	Alphaproteobacteria	Hyphomicrobiales	Aurantimonadaceae	0.0000	0.0000	0.0000
Antarcticirhabdus	3042730	G	Bacteria	Pseudomonadati	Pseudomonadota	Alphaproteobacteria	Hyphomicrobiales	Aurantimonadaceae	0.0000	0.0000	0.0000
Aurantimonas	182269	G	Bacteria	Pseudomonadati	Pseudomonadota	Alphaproteobacteria	Hyphomicrobiales	Aurantimonadaceae	0.0000	0.0000	0.0000
Methylovirgula	1156568	G	Bacteria	Pseudomonadati	Pseudomonadota	Alphaproteobacteria	Hyphomicrobiales	Beijerinckiaceae	0.0040	0.0000	0.0010
Methylocapsa	184923	G	Bacteria	Pseudomonadati	Pseudomonadota	Alphaproteobacteria	Hyphomicrobiales	Beijerinckiaceae	0.0040	0.0000	0.0010
Methylocella	120652	G	Bacteria	Pseudomonadati	Pseudomonadota	Alphaproteobacteria	Hyphomicrobiales	Beijerinckiaceae	0.0020	0.0000	0.0010
Beijerinckia	532	G	Bacteria	Pseudomonadati	Pseudomonadota	Alphaproteobacteria	Hyphomicrobiales	Beijerinckiaceae	0.0010	0.0000	0.0000
Bosea	85413	G	Bacteria	Pseudomonadati	Pseudomonadota	Alphaproteobacteria	Hyphomicrobiales	Boseaceae	0.0100	0.0010	0.0050
Cohaesibacter	655352	G	Bacteria	Pseudomonadati	Pseudomonadota	Alphaproteobacteria	Hyphomicrobiales	Cohaesibacteraceae	0.0070	0.0000	0.0020
Ahrensia	152180	G	Bacteria	Pseudomonadati	Pseudomonadota	Alphaproteobacteria	Hyphomicrobiales	Ahrensiaceae	0.0020	0.0000	0.0000
Oricola	1594166	G	Bacteria	Pseudomonadati	Pseudomonadota	Alphaproteobacteria	Hyphomicrobiales	Ahrensiaceae	0.0010	0.0000	0.0010
Oceaniradius	2679892	G	Bacteria	Pseudomonadati	Pseudomonadota	Alphaproteobacteria	Hyphomicrobiales	Ahrensiaceae	0.0020	0.0000	0.0000
Roseitalea	1915401	G	Bacteria	Pseudomonadati	Pseudomonadota	Alphaproteobacteria	Hyphomicrobiales	Ahrensiaceae	0.0010	0.0000	0.0000
Candidatus Endowatersipora	376743	G	Bacteria	Pseudomonadati	Pseudomonadota	Alphaproteobacteria	Hyphomicrobiales		0.0010	0.0000	0.0000
Nordella	169055	G	Bacteria	Pseudomonadati	Pseudomonadota	Alphaproteobacteria	Hyphomicrobiales		0.0010	0.0000	0.0000
Pseudorhodoplanes	1734920	G	Bacteria	Pseudomonadati	Pseudomonadota	Alphaproteobacteria	Hyphomicrobiales		0.0010	0.0000	0.0000
Enhydrobacter	212791	G	Bacteria	Pseudomonadati	Pseudomonadota	Alphaproteobacteria	Hyphomicrobiales		0.0010	0.0000	0.0000
Terrihabitans	2874214	G	Bacteria	Pseudomonadati	Pseudomonadota	Alphaproteobacteria	Hyphomicrobiales		0.0010	0.0000	0.0000
Candidatus Hodgkinia	573657	G	Bacteria	Pseudomonadati	Pseudomonadota	Alphaproteobacteria	Hyphomicrobiales		0.0000	0.0010	0.0000
Reyranella	445219	G	Bacteria	Pseudomonadati	Pseudomonadota	Alphaproteobacteria	Hyphomicrobiales	Reyranellaceae	0.0030	0.0000	0.0020
Lichenihabitans	2723776	G	Bacteria	Pseudomonadati	Pseudomonadota	Alphaproteobacteria	Hyphomicrobiales	Lichenihabitantaceae	0.0020	0.0000	0.0000
Coralliovum	3228940	G	Bacteria	Pseudomonadati	Pseudomonadota	Alphaproteobacteria	Hyphomicrobiales	Coralliovaceae	0.0020	0.0000	0.0000
Rhodoligotrophos	987053	G	Bacteria	Pseudomonadati	Pseudomonadota	Alphaproteobacteria	Hyphomicrobiales	Rhodoligotrophaceae	0.0020	0.0000	0.0000
Phreatobacter	1632780	G	Bacteria	Pseudomonadati	Pseudomonadota	Alphaproteobacteria	Hyphomicrobiales	Phreatobacteraceae	0.0020	0.0000	0.0010
Salinarimonas	690086	G	Bacteria	Pseudomonadati	Pseudomonadota	Alphaproteobacteria	Hyphomicrobiales	Salinarimonadaceae	0.0020	0.0010	0.0020
Terrirubrum	3142786	G	Bacteria	Pseudomonadati	Pseudomonadota	Alphaproteobacteria	Hyphomicrobiales	Terrirubraceae	0.0010	0.0000	0.0010
Pleomorphomonas	261933	G	Bacteria	Pseudomonadati	Pseudomonadota	Alphaproteobacteria	Hyphomicrobiales	Pleomorphomonadaceae	0.0010	0.0000	0.0010
Hartmannibacter	1572860	G	Bacteria	Pseudomonadati	Pseudomonadota	Alphaproteobacteria	Hyphomicrobiales	Pleomorphomonadaceae	0.0000	0.0000	0.0000
Kaistia	166953	G	Bacteria	Pseudomonadati	Pseudomonadota	Alphaproteobacteria	Hyphomicrobiales	Kaistiaceae	0.0010	0.0000	0.0010
Bauldia	1145345	G	Bacteria	Pseudomonadati	Pseudomonadota	Alphaproteobacteria	Hyphomicrobiales	Kaistiaceae	0.0000	0.0000	0.0000
Salaquimonas	2712688	G	Bacteria	Pseudomonadati	Pseudomonadota	Alphaproteobacteria	Hyphomicrobiales	Salaquimonadaceae	0.0010	0.0000	0.0010
Acuticoccus	1904377	G	Bacteria	Pseudomonadati	Pseudomonadota	Alphaproteobacteria	Hyphomicrobiales	Amorphaceae	0.0010	0.0000	0.0010
Afifella	643217	G	Bacteria	Pseudomonadati	Pseudomonadota	Alphaproteobacteria	Hyphomicrobiales	Afifellaceae	0.0010	0.0000	0.0010
Aestuariivirga	2650923	G	Bacteria	Pseudomonadati	Pseudomonadota	Alphaproteobacteria	Hyphomicrobiales	Aestuariivirgaceae	0.0010	0.0000	0.0000
Alsobacter	1502180	G	Bacteria	Pseudomonadati	Pseudomonadota	Alphaproteobacteria	Hyphomicrobiales	Alsobacteraceae	0.0010	0.0000	0.0010
Chenggangzhangella	2041902	G	Bacteria	Pseudomonadati	Pseudomonadota	Alphaproteobacteria	Hyphomicrobiales	Methylopilaceae	0.0010	0.0000	0.0000
Blastochloris	59282	G	Bacteria	Pseudomonadati	Pseudomonadota	Alphaproteobacteria	Hyphomicrobiales	Blastochloridaceae	0.0010	0.0000	0.0010
Chelatococcus	28209	G	Bacteria	Pseudomonadati	Pseudomonadota	Alphaproteobacteria	Hyphomicrobiales	Chelatococcaceae	0.0000	0.0000	0.0000
Methyloraptor	3382645	G	Bacteria	Pseudomonadati	Pseudomonadota	Alphaproteobacteria	Hyphomicrobiales	Ancalomicrobiaceae	0.0000	0.0000	0.0000
Sulfitobacter	60136	G	Bacteria	Pseudomonadati	Pseudomonadota	Alphaproteobacteria	Rhodobacterales	Roseobacteraceae	0.0310	0.0020	0.0100
Roseovarius	74030	G	Bacteria	Pseudomonadati	Pseudomonadota	Alphaproteobacteria	Rhodobacterales	Roseobacteraceae	0.0160	0.0010	0.0070
Phaeobacter	302485	G	Bacteria	Pseudomonadati	Pseudomonadota	Alphaproteobacteria	Rhodobacterales	Roseobacteraceae	0.0130	0.0010	0.0050
Ruegeria	97050	G	Bacteria	Pseudomonadati	Pseudomonadota	Alphaproteobacteria	Rhodobacterales	Roseobacteraceae	0.0080	0.0010	0.0020
Pseudosulfitobacter	2854186	G	Bacteria	Pseudomonadati	Pseudomonadota	Alphaproteobacteria	Rhodobacterales	Roseobacteraceae	0.0100	0.0000	0.0030
Roseobacter	2433	G	Bacteria	Pseudomonadati	Pseudomonadota	Alphaproteobacteria	Rhodobacterales	Roseobacteraceae	0.0050	0.0000	0.0020
Leisingera	191028	G	Bacteria	Pseudomonadati	Pseudomonadota	Alphaproteobacteria	Rhodobacterales	Roseobacteraceae	0.0060	0.0010	0.0020
Celeribacter	875170	G	Bacteria	Pseudomonadati	Pseudomonadota	Alphaproteobacteria	Rhodobacterales	Roseobacteraceae	0.0060	0.0000	0.0020
Falsihalocynthiibacter	2854182	G	Bacteria	Pseudomonadati	Pseudomonadota	Alphaproteobacteria	Rhodobacterales	Roseobacteraceae	0.0040	0.0000	0.0000
Octadecabacter	53945	G	Bacteria	Pseudomonadati	Pseudomonadota	Alphaproteobacteria	Rhodobacterales	Roseobacteraceae	0.0040	0.0000	0.0010
Thalassovita	335927	G	Bacteria	Pseudomonadati	Pseudomonadota	Alphaproteobacteria	Rhodobacterales	Roseobacteraceae	0.0030	0.0000	0.0010
Shimia	573139	G	Bacteria	Pseudomonadati	Pseudomonadota	Alphaproteobacteria	Rhodobacterales	Roseobacteraceae	0.0030	0.0000	0.0010
Thalassobacter	266808	G	Bacteria	Pseudomonadati	Pseudomonadota	Alphaproteobacteria	Rhodobacterales	Roseobacteraceae	0.0020	0.0000	0.0000
Loktanella	245186	G	Bacteria	Pseudomonadati	Pseudomonadota	Alphaproteobacteria	Rhodobacterales	Roseobacteraceae	0.0020	0.0000	0.0000
Roseicyclus	336277	G	Bacteria	Pseudomonadati	Pseudomonadota	Alphaproteobacteria	Rhodobacterales	Roseobacteraceae	0.0020	0.0000	0.0010
Seohaeicola	481178	G	Bacteria	Pseudomonadati	Pseudomonadota	Alphaproteobacteria	Rhodobacterales	Roseobacteraceae	0.0020	0.0000	0.0010
Ketogulonicigenium	92944	G	Bacteria	Pseudomonadati	Pseudomonadota	Alphaproteobacteria	Rhodobacterales	Roseobacteraceae	0.0020	0.0000	0.0010
Algirhabdus	3412738	G	Bacteria	Pseudomonadati	Pseudomonadota	Alphaproteobacteria	Rhodobacterales	Roseobacteraceae	0.0010	0.0000	0.0000
Alloyangia	2919626	G	Bacteria	Pseudomonadati	Pseudomonadota	Alphaproteobacteria	Rhodobacterales	Roseobacteraceae	0.0020	0.0000	0.0010
Thalassovivens	3680327	G	Bacteria	Pseudomonadati	Pseudomonadota	Alphaproteobacteria	Rhodobacterales	Roseobacteraceae	0.0010	0.0000	0.0000
Tateyamaria	299261	G	Bacteria	Pseudomonadati	Pseudomonadota	Alphaproteobacteria	Rhodobacterales	Roseobacteraceae	0.0010	0.0000	0.0010
Rhodophyticola	2680018	G	Bacteria	Pseudomonadati	Pseudomonadota	Alphaproteobacteria	Rhodobacterales	Roseobacteraceae	0.0010	0.0000	0.0010
Thalassococcus	436357	G	Bacteria	Pseudomonadati	Pseudomonadota	Alphaproteobacteria	Rhodobacterales	Roseobacteraceae	0.0010	0.0000	0.0000
Pelagimonas	1434029	G	Bacteria	Pseudomonadati	Pseudomonadota	Alphaproteobacteria	Rhodobacterales	Roseobacteraceae	0.0010	0.0000	0.0010
Salipiger	263377	G	Bacteria	Pseudomonadati	Pseudomonadota	Alphaproteobacteria	Rhodobacterales	Roseobacteraceae	0.0020	0.0000	0.0010
Lentibacter	1434014	G	Bacteria	Pseudomonadati	Pseudomonadota	Alphaproteobacteria	Rhodobacterales	Roseobacteraceae	0.0010	0.0000	0.0000
Mameliella	1434019	G	Bacteria	Pseudomonadati	Pseudomonadota	Alphaproteobacteria	Rhodobacterales	Roseobacteraceae	0.0010	0.0000	0.0010
Jannaschia	188905	G	Bacteria	Pseudomonadati	Pseudomonadota	Alphaproteobacteria	Rhodobacterales	Roseobacteraceae	0.0010	0.0000	0.0000
Aliisedimentitalea	1697958	G	Bacteria	Pseudomonadati	Pseudomonadota	Alphaproteobacteria	Rhodobacterales	Roseobacteraceae	0.0010	0.0000	0.0000
Phycobium	3479963	G	Bacteria	Pseudomonadati	Pseudomonadota	Alphaproteobacteria	Rhodobacterales	Roseobacteraceae	0.0010	0.0000	0.0010
Roseivivax	93682	G	Bacteria	Pseudomonadati	Pseudomonadota	Alphaproteobacteria	Rhodobacterales	Roseobacteraceae	0.0010	0.0000	0.0000
Sagittula	58842	G	Bacteria	Pseudomonadati	Pseudomonadota	Alphaproteobacteria	Rhodobacterales	Roseobacteraceae	0.0010	0.0000	0.0000
Palleronia	315422	G	Bacteria	Pseudomonadati	Pseudomonadota	Alphaproteobacteria	Rhodobacterales	Roseobacteraceae	0.0010	0.0000	0.0000
Aliiphycobium	3479962	G	Bacteria	Pseudomonadati	Pseudomonadota	Alphaproteobacteria	Rhodobacterales	Roseobacteraceae	0.0010	0.0000	0.0000
Tropicibacter	599653	G	Bacteria	Pseudomonadati	Pseudomonadota	Alphaproteobacteria	Rhodobacterales	Roseobacteraceae	0.0010	0.0000	0.0010
Oceanicola	252301	G	Bacteria	Pseudomonadati	Pseudomonadota	Alphaproteobacteria	Rhodobacterales	Roseobacteraceae	0.0010	0.0000	0.0000
Marivita	659428	G	Bacteria	Pseudomonadati	Pseudomonadota	Alphaproteobacteria	Rhodobacterales	Roseobacteraceae	0.0010	0.0000	0.0000
Marinovum	367771	G	Bacteria	Pseudomonadati	Pseudomonadota	Alphaproteobacteria	Rhodobacterales	Roseobacteraceae	0.0010	0.0000	0.0000
Actibacterium	1433986	G	Bacteria	Pseudomonadati	Pseudomonadota	Alphaproteobacteria	Rhodobacterales	Roseobacteraceae	0.0010	0.0000	0.0000
Nereida	282198	G	Bacteria	Pseudomonadati	Pseudomonadota	Alphaproteobacteria	Rhodobacterales	Roseobacteraceae	0.0000	0.0000	0.0000
Dinoroseobacter	309512	G	Bacteria	Pseudomonadati	Pseudomonadota	Alphaproteobacteria	Rhodobacterales	Roseobacteraceae	0.0010	0.0000	0.0010
Ponticoccus	983507	G	Bacteria	Pseudomonadati	Pseudomonadota	Alphaproteobacteria	Rhodobacterales	Roseobacteraceae	0.0000	0.0000	0.0000
Antarctobacter	74032	G	Bacteria	Pseudomonadati	Pseudomonadota	Alphaproteobacteria	Rhodobacterales	Roseobacteraceae	0.0000	0.0000	0.0000
Paracoccus	265	G	Bacteria	Pseudomonadati	Pseudomonadota	Alphaproteobacteria	Rhodobacterales	Paracoccaceae	0.0400	0.0040	0.0170
Yoonia	2211641	G	Bacteria	Pseudomonadati	Pseudomonadota	Alphaproteobacteria	Rhodobacterales	Paracoccaceae	0.0110	0.0010	0.0030
Thioclava	285107	G	Bacteria	Pseudomonadati	Pseudomonadota	Alphaproteobacteria	Rhodobacterales	Paracoccaceae	0.0070	0.0010	0.0030
Parasedimentitalea	2738399	G	Bacteria	Pseudomonadati	Pseudomonadota	Alphaproteobacteria	Rhodobacterales	Paracoccaceae	0.0040	0.0000	0.0010
Tritonibacter	2083206	G	Bacteria	Pseudomonadati	Pseudomonadota	Alphaproteobacteria	Rhodobacterales	Paracoccaceae	0.0060	0.0000	0.0020
Roseinatronobacter	121820	G	Bacteria	Pseudomonadati	Pseudomonadota	Alphaproteobacteria	Rhodobacterales	Paracoccaceae	0.0040	0.0000	0.0010
Pseudooceanicola	1679449	G	Bacteria	Pseudomonadati	Pseudomonadota	Alphaproteobacteria	Rhodobacterales	Paracoccaceae	0.0030	0.0000	0.0020
Rhodovulum	34008	G	Bacteria	Pseudomonadati	Pseudomonadota	Alphaproteobacteria	Rhodobacterales	Paracoccaceae	0.0030	0.0000	0.0010
Cognatishimia	2211635	G	Bacteria	Pseudomonadati	Pseudomonadota	Alphaproteobacteria	Rhodobacterales	Paracoccaceae	0.0030	0.0000	0.0020
Tabrizicola	1443919	G	Bacteria	Pseudomonadati	Pseudomonadota	Alphaproteobacteria	Rhodobacterales	Paracoccaceae	0.0030	0.0000	0.0020
Aliiroseovarius	1658781	G	Bacteria	Pseudomonadati	Pseudomonadota	Alphaproteobacteria	Rhodobacterales	Paracoccaceae	0.0020	0.0010	0.0020
Pseudopelagicola	1649483	G	Bacteria	Pseudomonadati	Pseudomonadota	Alphaproteobacteria	Rhodobacterales	Paracoccaceae	0.0020	0.0000	0.0000
Amylibacter	1617805	G	Bacteria	Pseudomonadati	Pseudomonadota	Alphaproteobacteria	Rhodobacterales	Paracoccaceae	0.0020	0.0000	0.0000
Abyssibius	3029205	G	Bacteria	Pseudomonadati	Pseudomonadota	Alphaproteobacteria	Rhodobacterales	Paracoccaceae	0.0020	0.0000	0.0010
Limimaricola	2211638	G	Bacteria	Pseudomonadati	Pseudomonadota	Alphaproteobacteria	Rhodobacterales	Paracoccaceae	0.0020	0.0000	0.0010
Cereibacter	1653176	G	Bacteria	Pseudomonadati	Pseudomonadota	Alphaproteobacteria	Rhodobacterales	Paracoccaceae	0.0020	0.0000	0.0010
Gymnodinialimonas	2937410	G	Bacteria	Pseudomonadati	Pseudomonadota	Alphaproteobacteria	Rhodobacterales	Paracoccaceae	0.0020	0.0000	0.0010
Planktomarina	1284657	G	Bacteria	Pseudomonadati	Pseudomonadota	Alphaproteobacteria	Rhodobacterales	Paracoccaceae	0.0020	0.0000	0.0000
Pontivivens	1844015	G	Bacteria	Pseudomonadati	Pseudomonadota	Alphaproteobacteria	Rhodobacterales	Paracoccaceae	0.0020	0.0000	0.0010
Algicella	3050722	G	Bacteria	Pseudomonadati	Pseudomonadota	Alphaproteobacteria	Rhodobacterales	Paracoccaceae	0.0020	0.0000	0.0010
Profundibacter	2778525	G	Bacteria	Pseudomonadati	Pseudomonadota	Alphaproteobacteria	Rhodobacterales	Paracoccaceae	0.0020	0.0000	0.0010
Pseudophaeobacter	1541822	G	Bacteria	Pseudomonadati	Pseudomonadota	Alphaproteobacteria	Rhodobacterales	Paracoccaceae	0.0020	0.0000	0.0000
Falsirhodobacter	1434002	G	Bacteria	Pseudomonadati	Pseudomonadota	Alphaproteobacteria	Rhodobacterales	Paracoccaceae	0.0010	0.0000	0.0000
Marivivens	1759396	G	Bacteria	Pseudomonadati	Pseudomonadota	Alphaproteobacteria	Rhodobacterales	Paracoccaceae	0.0010	0.0000	0.0000
Pelagovum	2795377	G	Bacteria	Pseudomonadati	Pseudomonadota	Alphaproteobacteria	Rhodobacterales	Paracoccaceae	0.0010	0.0000	0.0010
Fontisubflavum	3118803	G	Bacteria	Pseudomonadati	Pseudomonadota	Alphaproteobacteria	Rhodobacterales	Paracoccaceae	0.0010	0.0000	0.0010
Qingshengfaniella	2816884	G	Bacteria	Pseudomonadati	Pseudomonadota	Alphaproteobacteria	Rhodobacterales	Paracoccaceae	0.0010	0.0000	0.0000
Gemmobacter	204456	G	Bacteria	Pseudomonadati	Pseudomonadota	Alphaproteobacteria	Rhodobacterales	Paracoccaceae	0.0010	0.0000	0.0010
Pseudorhodobacter	238783	G	Bacteria	Pseudomonadati	Pseudomonadota	Alphaproteobacteria	Rhodobacterales	Paracoccaceae	0.0010	0.0000	0.0000
Haematobacter	366614	G	Bacteria	Pseudomonadati	Pseudomonadota	Alphaproteobacteria	Rhodobacterales	Paracoccaceae	0.0020	0.0000	0.0010
Marinibacterium	1931200	G	Bacteria	Pseudomonadati	Pseudomonadota	Alphaproteobacteria	Rhodobacterales	Paracoccaceae	0.0010	0.0000	0.0000
Arenibacterium	2824249	G	Bacteria	Pseudomonadati	Pseudomonadota	Alphaproteobacteria	Rhodobacterales	Paracoccaceae	0.0010	0.0000	0.0000
Nioella	1775424	G	Bacteria	Pseudomonadati	Pseudomonadota	Alphaproteobacteria	Rhodobacterales	Paracoccaceae	0.0010	0.0000	0.0000
Pikeienuella	2831955	G	Bacteria	Pseudomonadati	Pseudomonadota	Alphaproteobacteria	Rhodobacterales	Paracoccaceae	0.0010	0.0000	0.0000
Pacificitalea	2846749	G	Bacteria	Pseudomonadati	Pseudomonadota	Alphaproteobacteria	Rhodobacterales	Paracoccaceae	0.0010	0.0000	0.0000
Aestuariibius	2109360	G	Bacteria	Pseudomonadati	Pseudomonadota	Alphaproteobacteria	Rhodobacterales	Paracoccaceae	0.0010	0.0000	0.0050
Roseicitreum	1209946	G	Bacteria	Pseudomonadati	Pseudomonadota	Alphaproteobacteria	Rhodobacterales	Paracoccaceae	0.0010	0.0000	0.0000
Frigidibacter	1775705	G	Bacteria	Pseudomonadati	Pseudomonadota	Alphaproteobacteria	Rhodobacterales	Paracoccaceae	0.0010	0.0000	0.0000
Vannielia	2813041	G	Bacteria	Pseudomonadati	Pseudomonadota	Alphaproteobacteria	Rhodobacterales	Paracoccaceae	0.0010	0.0000	0.0000
Pseudoroseicyclus	1813601	G	Bacteria	Pseudomonadati	Pseudomonadota	Alphaproteobacteria	Rhodobacterales	Paracoccaceae	0.0010	0.0000	0.0000
Amaricoccus	56999	G	Bacteria	Pseudomonadati	Pseudomonadota	Alphaproteobacteria	Rhodobacterales	Paracoccaceae	0.0010	0.0000	0.0000
Paragemmobacter	3143992	G	Bacteria	Pseudomonadati	Pseudomonadota	Alphaproteobacteria	Rhodobacterales	Paracoccaceae	0.0010	0.0000	0.0000
Albidovulum	205889	G	Bacteria	Pseudomonadati	Pseudomonadota	Alphaproteobacteria	Rhodobacterales	Paracoccaceae	0.0000	0.0000	0.0000
Brevirhabdus	1855413	G	Bacteria	Pseudomonadati	Pseudomonadota	Alphaproteobacteria	Rhodobacterales	Paracoccaceae	0.0010	0.0000	0.0010
Fuscovulum	2818469	G	Bacteria	Pseudomonadati	Pseudomonadota	Alphaproteobacteria	Rhodobacterales	Paracoccaceae	0.0010	0.0000	0.0000
Pukyongiella	2831925	G	Bacteria	Pseudomonadati	Pseudomonadota	Alphaproteobacteria	Rhodobacterales	Paracoccaceae	0.0010	0.0000	0.0010
Silicimonas	1955420	G	Bacteria	Pseudomonadati	Pseudomonadota	Alphaproteobacteria	Rhodobacterales	Paracoccaceae	0.0000	0.0000	0.0000
Pseudogemmobacter	2663134	G	Bacteria	Pseudomonadati	Pseudomonadota	Alphaproteobacteria	Rhodobacterales	Paracoccaceae	0.0000	0.0000	0.0000
Paroceanicella	2683599	G	Bacteria	Pseudomonadati	Pseudomonadota	Alphaproteobacteria	Rhodobacterales	Paracoccaceae	0.0000	0.0000	0.0000
Neotabrizicola	2946607	G	Bacteria	Pseudomonadati	Pseudomonadota	Alphaproteobacteria	Rhodobacterales	Paracoccaceae	0.0000	0.0000	0.0000
Polymorphum	991903	G	Bacteria	Pseudomonadati	Pseudomonadota	Alphaproteobacteria	Rhodobacterales	Paracoccaceae	0.0000	0.0000	0.0000
Rhodobacter	1060	G	Bacteria	Pseudomonadati	Pseudomonadota	Alphaproteobacteria	Rhodobacterales		0.0060	0.0000	0.0020
Sphingomonas	13687	G	Bacteria	Pseudomonadati	Pseudomonadota	Alphaproteobacteria	Sphingomonadales	Sphingomonadaceae	0.0810	0.0210	0.1270
Novosphingobium	165696	G	Bacteria	Pseudomonadati	Pseudomonadota	Alphaproteobacteria	Sphingomonadales	Sphingomonadaceae	0.0260	0.0050	0.0160
Alterisphingorhabdus (ex Yan et al. 2024)	3382518	G	Bacteria	Pseudomonadati	Pseudomonadota	Alphaproteobacteria	Sphingomonadales	Sphingomonadaceae	0.0050	0.0000	0.0010
Stakelama	1124625	G	Bacteria	Pseudomonadati	Pseudomonadota	Alphaproteobacteria	Sphingomonadales	Sphingomonadaceae	0.0000	0.0000	0.0000
Citromicrobium	72173	G	Bacteria	Pseudomonadati	Pseudomonadota	Alphaproteobacteria	Sphingomonadales	Sphingomonadaceae	0.0000	0.0000	0.0000
Parablastomonas	1654718	G	Bacteria	Pseudomonadati	Pseudomonadota	Alphaproteobacteria	Sphingomonadales	Sphingomonadaceae	0.0000	0.0000	0.0000
Hankyongella	1763827	G	Bacteria	Pseudomonadati	Pseudomonadota	Alphaproteobacteria	Sphingomonadales	Sphingomonadaceae	0.0000	0.0000	0.0000
Tardibacter	2685927	G	Bacteria	Pseudomonadati	Pseudomonadota	Alphaproteobacteria	Sphingomonadales	Sphingomonadaceae	0.0000	0.0000	0.0000
Sphingosinithalassobacter	2676233	G	Bacteria	Pseudomonadati	Pseudomonadota	Alphaproteobacteria	Sphingomonadales	Sphingomonadaceae	0.0000	0.0000	0.0000
Erythrobacter	1041	G	Bacteria	Pseudomonadati	Pseudomonadota	Alphaproteobacteria	Sphingomonadales	Erythrobacteraceae	0.0120	0.0010	0.0060
Porphyrobacter	1111	G	Bacteria	Pseudomonadati	Pseudomonadota	Alphaproteobacteria	Sphingomonadales	Erythrobacteraceae	0.0020	0.0000	0.0010
Altererythrobacter	361177	G	Bacteria	Pseudomonadati	Pseudomonadota	Alphaproteobacteria	Sphingomonadales	Erythrobacteraceae	0.0110	0.0010	0.0020
Qipengyuania	1855416	G	Bacteria	Pseudomonadati	Pseudomonadota	Alphaproteobacteria	Sphingomonadales	Erythrobacteraceae	0.0090	0.0010	0.0040
Caenibius	2827482	G	Bacteria	Pseudomonadati	Pseudomonadota	Alphaproteobacteria	Sphingomonadales	Erythrobacteraceae	0.0050	0.0000	0.0010
Croceicoccus	1295327	G	Bacteria	Pseudomonadati	Pseudomonadota	Alphaproteobacteria	Sphingomonadales	Erythrobacteraceae	0.0040	0.0010	0.0020
Tsuneonella	2800686	G	Bacteria	Pseudomonadati	Pseudomonadota	Alphaproteobacteria	Sphingomonadales	Erythrobacteraceae	0.0030	0.0000	0.0010
Aurantiacibacter	2800681	G	Bacteria	Pseudomonadati	Pseudomonadota	Alphaproteobacteria	Sphingomonadales	Erythrobacteraceae	0.0020	0.0000	0.0010
Croceibacterium	2676755	G	Bacteria	Pseudomonadati	Pseudomonadota	Alphaproteobacteria	Sphingomonadales	Erythrobacteraceae	0.0020	0.0010	0.0010
Pseudoblastomonas	3423750	G	Bacteria	Pseudomonadati	Pseudomonadota	Alphaproteobacteria	Sphingomonadales	Erythrobacteraceae	0.0010	0.0000	0.0000
Pelagerythrobacter	2800685	G	Bacteria	Pseudomonadati	Pseudomonadota	Alphaproteobacteria	Sphingomonadales	Erythrobacteraceae	0.0010	0.0000	0.0010
Paraurantiacibacter	2800682	G	Bacteria	Pseudomonadati	Pseudomonadota	Alphaproteobacteria	Sphingomonadales	Erythrobacteraceae	0.0000	0.0000	0.0000
Parerythrobacter	2800684	G	Bacteria	Pseudomonadati	Pseudomonadota	Alphaproteobacteria	Sphingomonadales	Erythrobacteraceae	0.0000	0.0000	0.0000
Parasphingorhabdus	2709685	G	Bacteria	Pseudomonadati	Pseudomonadota	Alphaproteobacteria	Sphingomonadales	Sphingorhabdaceae	0.0140	0.0010	0.0040
Sphingorhabdus	1434046	G	Bacteria	Pseudomonadati	Pseudomonadota	Alphaproteobacteria	Sphingomonadales	Sphingorhabdaceae	0.0120	0.0060	0.0120
Novosphingopyxis	2709686	G	Bacteria	Pseudomonadati	Pseudomonadota	Alphaproteobacteria	Sphingomonadales	Sphingorhabdaceae	0.0010	0.0000	0.0000
Sphingobium	165695	G	Bacteria	Pseudomonadati	Pseudomonadota	Alphaproteobacteria	Sphingomonadales	Sphingobiaceae	0.0380	0.0210	0.0200
Sphingopyxis	165697	G	Bacteria	Pseudomonadati	Pseudomonadota	Alphaproteobacteria	Sphingomonadales	Sphingopyxidaceae	0.0180	0.0020	0.0090
Zymomonas	541	G	Bacteria	Pseudomonadati	Pseudomonadota	Alphaproteobacteria	Sphingomonadales	Zymomonadaceae	0.0190	0.0000	0.0030
Polymorphobacter	1508451	G	Bacteria	Pseudomonadati	Pseudomonadota	Alphaproteobacteria	Sphingomonadales	Sphingosinicellaceae	0.0010	0.0000	0.0000
Sphingosinicella	335405	G	Bacteria	Pseudomonadati	Pseudomonadota	Alphaproteobacteria	Sphingomonadales	Sphingosinicellaceae	0.0010	0.0000	0.0010
Glacieibacterium	2860235	G	Bacteria	Pseudomonadati	Pseudomonadota	Alphaproteobacteria	Sphingomonadales	Sphingosinicellaceae	0.0010	0.0000	0.0010
Sandaracinobacteroides	2883109	G	Bacteria	Pseudomonadati	Pseudomonadota	Alphaproteobacteria	Sphingomonadales	Sphingosinicellaceae	0.0010	0.0000	0.0000
Sphingomicrobium	1227948	G	Bacteria	Pseudomonadati	Pseudomonadota	Alphaproteobacteria	Sphingomonadales	Sphingomicrobiaceae	0.0020	0.0000	0.0010
Allosphingosinicella	2823232	G	Bacteria	Pseudomonadati	Pseudomonadota	Alphaproteobacteria	Sphingomonadales	Sphingomicrobiaceae	0.0010	0.0000	0.0000
Parasphingopyxis	1234545	G	Bacteria	Pseudomonadati	Pseudomonadota	Alphaproteobacteria	Sphingomonadales	Parasphingopyxidaceae	0.0030	0.0000	0.0000
Blastomonas	150203	G	Bacteria	Pseudomonadati	Pseudomonadota	Alphaproteobacteria	Sphingomonadales	Blastomonadaceae	0.0030	0.0000	0.0010
Rhizorhabdus	1649486	G	Bacteria	Pseudomonadati	Pseudomonadota	Alphaproteobacteria	Sphingomonadales	Rhizorhabdaceae	0.0040	0.0030	0.0020
Alterirhizorhabdus	3423723	G	Bacteria	Pseudomonadati	Pseudomonadota	Alphaproteobacteria	Sphingomonadales	Rhizorhabdaceae	0.0000	0.0000	0.0010
Aquisediminimonas	2676781	G	Bacteria	Pseudomonadati	Pseudomonadota	Alphaproteobacteria	Sphingomonadales	Aquisediminimonadaceae	0.0000	0.0000	0.0000
Thalassospira	168934	G	Bacteria	Pseudomonadati	Pseudomonadota	Alphaproteobacteria	Rhodospirillales	Thalassospiraceae	0.0300	0.0020	0.0080
Magnetospira	1182780	G	Bacteria	Pseudomonadati	Pseudomonadota	Alphaproteobacteria	Rhodospirillales	Thalassospiraceae	0.0020	0.0000	0.0010
Azospirillum	191	G	Bacteria	Pseudomonadati	Pseudomonadota	Alphaproteobacteria	Rhodospirillales	Azospirillaceae	0.0180	0.0020	0.0090
Niveispirillum	1543704	G	Bacteria	Pseudomonadati	Pseudomonadota	Alphaproteobacteria	Rhodospirillales	Azospirillaceae	0.0050	0.0000	0.0030
Nitrospirillum	1543705	G	Bacteria	Pseudomonadati	Pseudomonadota	Alphaproteobacteria	Rhodospirillales	Azospirillaceae	0.0020	0.0000	0.0030
Skermanella	204447	G	Bacteria	Pseudomonadati	Pseudomonadota	Alphaproteobacteria	Rhodospirillales	Azospirillaceae	0.0030	0.0000	0.0020
Indioceanicola	2478349	G	Bacteria	Pseudomonadati	Pseudomonadota	Alphaproteobacteria	Rhodospirillales	Azospirillaceae	0.0010	0.0000	0.0010
Terasakiella	196080	G	Bacteria	Pseudomonadati	Pseudomonadota	Alphaproteobacteria	Rhodospirillales	Terasakiellaceae	0.0130	0.0020	0.0030
Candidatus Endolissoclinum	1263978	G	Bacteria	Pseudomonadati	Pseudomonadota	Alphaproteobacteria	Rhodospirillales	Rhodospirillaceae	0.0040	0.0020	0.0010
Magnetospirillum	13134	G	Bacteria	Pseudomonadati	Pseudomonadota	Alphaproteobacteria	Rhodospirillales	Rhodospirillaceae	0.0040	0.0000	0.0020
Rhodospirillum	1081	G	Bacteria	Pseudomonadati	Pseudomonadota	Alphaproteobacteria	Rhodospirillales	Rhodospirillaceae	0.0020	0.0000	0.0010
Ferrovibrio	1231242	G	Bacteria	Pseudomonadati	Pseudomonadota	Alphaproteobacteria	Rhodospirillales	Rhodospirillaceae	0.0020	0.0010	0.0010
Pararhodospirillum	1612157	G	Bacteria	Pseudomonadati	Pseudomonadota	Alphaproteobacteria	Rhodospirillales	Rhodospirillaceae	0.0010	0.0000	0.0010
Defluviicoccus	111830	G	Bacteria	Pseudomonadati	Pseudomonadota	Alphaproteobacteria	Rhodospirillales	Rhodospirillaceae	0.0010	0.0000	0.0000
Aerophototrophica	2811387	G	Bacteria	Pseudomonadati	Pseudomonadota	Alphaproteobacteria	Rhodospirillales	Rhodospirillaceae	0.0010	0.0000	0.0000
Aestuariispira	1647175	G	Bacteria	Pseudomonadati	Pseudomonadota	Alphaproteobacteria	Rhodospirillales	Aestuariispiraceae	0.0020	0.0000	0.0010
Hwanghaeella	2605940	G	Bacteria	Pseudomonadati	Pseudomonadota	Alphaproteobacteria	Rhodospirillales	Aestuariispiraceae	0.0020	0.0000	0.0010
Haematospirillum	1804663	G	Bacteria	Pseudomonadati	Pseudomonadota	Alphaproteobacteria	Rhodospirillales	Novispirillaceae	0.0030	0.0000	0.0010
Caenispirillum	414051	G	Bacteria	Pseudomonadati	Pseudomonadota	Alphaproteobacteria	Rhodospirillales	Novispirillaceae	0.0010	0.0000	0.0010
Nisaea	390876	G	Bacteria	Pseudomonadati	Pseudomonadota	Alphaproteobacteria	Rhodospirillales	Thalassobaculaceae	0.0030	0.0000	0.0020
Thalassobaculum	526215	G	Bacteria	Pseudomonadati	Pseudomonadota	Alphaproteobacteria	Rhodospirillales	Thalassobaculaceae	0.0010	0.0000	0.0010
Zavarzinia	204446	G	Bacteria	Pseudomonadati	Pseudomonadota	Alphaproteobacteria	Rhodospirillales	Zavarziniaceae	0.0020	0.0000	0.0010
Hypericibacter	2705399	G	Bacteria	Pseudomonadati	Pseudomonadota	Alphaproteobacteria	Rhodospirillales	Dongiaceae	0.0020	0.0000	0.0010
Pelagibius	643951	G	Bacteria	Pseudomonadati	Pseudomonadota	Alphaproteobacteria	Rhodospirillales	Rhodovibrionaceae	0.0020	0.0000	0.0010
Algihabitans	2821512	G	Bacteria	Pseudomonadati	Pseudomonadota	Alphaproteobacteria	Rhodospirillales	Rhodovibrionaceae	0.0010	0.0000	0.0000
Varunaivibrio	1866954	G	Bacteria	Pseudomonadati	Pseudomonadota	Alphaproteobacteria	Rhodospirillales	Magnetovibrionaceae	0.0010	0.0000	0.0000
Allostella	93	G	Bacteria	Pseudomonadati	Pseudomonadota	Alphaproteobacteria	Rhodospirillales	Allostellaceae	0.0010	0.0000	0.0010
Paramagnetospirillum	3031148	G	Bacteria	Pseudomonadati	Pseudomonadota	Alphaproteobacteria	Rhodospirillales	Magnetospirillaceae	0.0010	0.0000	0.0010
Rickettsia	780	G	Bacteria	Pseudomonadati	Pseudomonadota	Alphaproteobacteria	Rickettsiales	Rickettsiaceae	0.0220	0.0380	0.0300
Orientia	69474	G	Bacteria	Pseudomonadati	Pseudomonadota	Alphaproteobacteria	Rickettsiales	Rickettsiaceae	0.0080	0.0110	0.0120
Candidatus Trichorickettsia	1522201	G	Bacteria	Pseudomonadati	Pseudomonadota	Alphaproteobacteria	Rickettsiales	Rickettsiaceae	0.0070	0.0040	0.0040
Candidatus Tisiphia	2996317	G	Bacteria	Pseudomonadati	Pseudomonadota	Alphaproteobacteria	Rickettsiales	Rickettsiaceae	0.0080	0.0070	0.0090
Candidatus Megaera	1742636	G	Bacteria	Pseudomonadati	Pseudomonadota	Alphaproteobacteria	Rickettsiales	Rickettsiaceae	0.0010	0.0000	0.0000
Candidatus Phycorickettsia	2115980	G	Bacteria	Pseudomonadati	Pseudomonadota	Alphaproteobacteria	Rickettsiales	Rickettsiaceae	0.0000	0.0000	0.0000
Wolbachia	953	G	Bacteria	Pseudomonadati	Pseudomonadota	Alphaproteobacteria	Rickettsiales	Anaplasmataceae	0.0210	0.0320	0.0340
Ehrlichia	943	G	Bacteria	Pseudomonadati	Pseudomonadota	Alphaproteobacteria	Rickettsiales	Anaplasmataceae	0.0040	0.0090	0.0020
Candidatus Neoehrlichia	467749	G	Bacteria	Pseudomonadati	Pseudomonadota	Alphaproteobacteria	Rickettsiales	Anaplasmataceae	0.0030	0.0000	0.0010
Anaplasma	768	G	Bacteria	Pseudomonadati	Pseudomonadota	Alphaproteobacteria	Rickettsiales	Anaplasmataceae	0.0010	0.0000	0.0050
Neorickettsia	33993	G	Bacteria	Pseudomonadati	Pseudomonadota	Alphaproteobacteria	Rickettsiales	Anaplasmataceae	0.0010	0.0000	0.0010
Candidatus Mesenet	2883098	G	Bacteria	Pseudomonadati	Pseudomonadota	Alphaproteobacteria	Rickettsiales	Anaplasmataceae	0.0040	0.0000	0.0010
Candidatus Bandiella	2716172	G	Bacteria	Pseudomonadati	Pseudomonadota	Alphaproteobacteria	Rickettsiales	Candidatus Midichloriaceae	0.0020	0.0000	0.0000
Candidatus Lariskella	1175554	G	Bacteria	Pseudomonadati	Pseudomonadota	Alphaproteobacteria	Rickettsiales	Candidatus Midichloriaceae	0.0010	0.0000	0.0000
Candidatus Fokinia	1802983	G	Bacteria	Pseudomonadati	Pseudomonadota	Alphaproteobacteria	Rickettsiales	Candidatus Midichloriaceae	0.0000	0.0000	0.0000
Candidatus Midichloria	411566	G	Bacteria	Pseudomonadati	Pseudomonadota	Alphaproteobacteria	Rickettsiales	Candidatus Midichloriaceae	0.0000	0.0000	0.0000
Candidatus Deianiraea	2603321	G	Bacteria	Pseudomonadati	Pseudomonadota	Alphaproteobacteria	Rickettsiales	Candidatus Deianiraeaceae	0.0010	0.0000	0.0000
Candidatus Pelagibacter	198251	G	Bacteria	Pseudomonadati	Pseudomonadota	Alphaproteobacteria	Candidatus Pelagibacterales	Candidatus Pelagibacteraceae	0.0370	0.0410	0.0210
Candidatus Fonsibacter	2045213	G	Bacteria	Pseudomonadati	Pseudomonadota	Alphaproteobacteria	Candidatus Pelagibacterales		0.0060	0.0000	0.0000
Brevundimonas	41275	G	Bacteria	Pseudomonadati	Pseudomonadota	Alphaproteobacteria	Caulobacterales	Caulobacteraceae	0.0240	0.0030	0.0140
Caulobacter	75	G	Bacteria	Pseudomonadati	Pseudomonadota	Alphaproteobacteria	Caulobacterales	Caulobacteraceae	0.0100	0.0010	0.0050
Asticcacaulis	76890	G	Bacteria	Pseudomonadati	Pseudomonadota	Alphaproteobacteria	Caulobacterales	Caulobacteraceae	0.0080	0.0010	0.0040
Phenylobacterium	20	G	Bacteria	Pseudomonadati	Pseudomonadota	Alphaproteobacteria	Caulobacterales	Caulobacteraceae	0.0020	0.0000	0.0010
Terricaulis	2768684	G	Bacteria	Pseudomonadati	Pseudomonadota	Alphaproteobacteria	Caulobacterales	Caulobacteraceae	0.0000	0.0000	0.0000
Hyphobacterium	2004661	G	Bacteria	Pseudomonadati	Pseudomonadota	Alphaproteobacteria	Maricaulales	Maricaulaceae	0.0120	0.0010	0.0030
Oceanicaulis	153232	G	Bacteria	Pseudomonadati	Pseudomonadota	Alphaproteobacteria	Maricaulales	Maricaulaceae	0.0050	0.0000	0.0010
Glycocaulis	1433402	G	Bacteria	Pseudomonadati	Pseudomonadota	Alphaproteobacteria	Maricaulales	Maricaulaceae	0.0040	0.0000	0.0010
Maricaulis	74317	G	Bacteria	Pseudomonadati	Pseudomonadota	Alphaproteobacteria	Maricaulales	Maricaulaceae	0.0030	0.0000	0.0010
Marinicauda	1649466	G	Bacteria	Pseudomonadati	Pseudomonadota	Alphaproteobacteria	Maricaulales	Maricaulaceae	0.0020	0.0000	0.0000
Fretibacter	1649331	G	Bacteria	Pseudomonadati	Pseudomonadota	Alphaproteobacteria	Maricaulales	Robiginitomaculaceae	0.0050	0.0000	0.0000
Litorimonas	1167830	G	Bacteria	Pseudomonadati	Pseudomonadota	Alphaproteobacteria	Maricaulales	Robiginitomaculaceae	0.0030	0.0000	0.0010
Algimonas	1246884	G	Bacteria	Pseudomonadati	Pseudomonadota	Alphaproteobacteria	Maricaulales	Robiginitomaculaceae	0.0000	0.0000	0.0040
Candidatus Cytomitobacter	2601574	G	Bacteria	Pseudomonadati	Pseudomonadota	Alphaproteobacteria	Holosporales	Holosporaceae	0.0040	0.0010	0.0030
Candidatus Bealeia	1920992	G	Bacteria	Pseudomonadati	Pseudomonadota	Alphaproteobacteria	Holosporales	Holosporaceae	0.0060	0.0000	0.0010
Candidatus Gromoviella	2900571	G	Bacteria	Pseudomonadati	Pseudomonadota	Alphaproteobacteria	Holosporales	Holosporaceae	0.0000	0.0000	0.0000
Candidatus Hydrogenosomobacter	2654634	G	Bacteria	Pseudomonadati	Pseudomonadota	Alphaproteobacteria	Holosporales	Holosporaceae	0.0000	0.0000	0.0000
Candidatus Odyssella	84646	G	Bacteria	Pseudomonadati	Pseudomonadota	Alphaproteobacteria	Holosporales	Candidatus Paracaedibacteraceae	0.0020	0.0000	0.0010
Candidatus Bodocaedibacter	3163645	G	Bacteria	Pseudomonadati	Pseudomonadota	Alphaproteobacteria	Holosporales	Candidatus Paracaedibacteraceae	0.0010	0.0000	0.0000
Candidatus Nucleicultrix	1509243	G	Bacteria	Pseudomonadati	Pseudomonadota	Alphaproteobacteria	Holosporales	Candidatus Nucleicultricaceae	0.0010	0.0150	0.0010
Kordiimonas	288021	G	Bacteria	Pseudomonadati	Pseudomonadota	Alphaproteobacteria	Kordiimonadales	Kordiimonadaceae	0.0100	0.0000	0.0020
Temperatibacter	1549129	G	Bacteria	Pseudomonadati	Pseudomonadota	Alphaproteobacteria	Kordiimonadales	Temperatibacteraceae	0.0030	0.0000	0.0010
Gimibacter	3058346	G	Bacteria	Pseudomonadati	Pseudomonadota	Alphaproteobacteria	Kordiimonadales	Temperatibacteraceae	0.0010	0.0000	0.0000
Hyphomonas	85	G	Bacteria	Pseudomonadati	Pseudomonadota	Alphaproteobacteria	Hyphomonadales	Hyphomonadaceae	0.0090	0.0000	0.0070
Hirschia	2723	G	Bacteria	Pseudomonadati	Pseudomonadota	Alphaproteobacteria	Hyphomonadales	Hyphomonadaceae	0.0030	0.0000	0.0000
Candidatus Viadribacter	2892997	G	Bacteria	Pseudomonadati	Pseudomonadota	Alphaproteobacteria	Hyphomonadales	Hyphomonadaceae	0.0000	0.0000	0.0000
Sneathiella	510690	G	Bacteria	Pseudomonadati	Pseudomonadota	Alphaproteobacteria	Sneathiellales	Sneathiellaceae	0.0110	0.0000	0.0010
Hyphococcus	2038635	G	Bacteria	Pseudomonadati	Pseudomonadota	Alphaproteobacteria	Parvularculales	Parvularculaceae	0.0040	0.0000	0.0010
Parvularcula	208215	G	Bacteria	Pseudomonadati	Pseudomonadota	Alphaproteobacteria	Parvularculales	Parvularculaceae	0.0040	0.0000	0.0010
Aquisalinus	1795639	G	Bacteria	Pseudomonadati	Pseudomonadota	Alphaproteobacteria	Parvularculales	Parvularculaceae	0.0010	0.0000	0.0000
Tistrella	171436	G	Bacteria	Pseudomonadati	Pseudomonadota	Alphaproteobacteria	Geminicoccales	Geminicoccaceae	0.0100	0.0010	0.0050
Marinivivus	3457535	G	Bacteria	Pseudomonadati	Pseudomonadota	Alphaproteobacteria	Geminicoccales	Geminicoccaceae	0.0010	0.0000	0.0010
Pseudemcibacter	2943291	G	Bacteria	Pseudomonadati	Pseudomonadota	Alphaproteobacteria	Emcibacterales	Emcibacteraceae	0.0030	0.0010	0.0020
Luteithermobacter	2813803	G	Bacteria	Pseudomonadati	Pseudomonadota	Alphaproteobacteria	Emcibacterales	Emcibacteraceae	0.0020	0.0000	0.0010
Emcibacter	1602338	G	Bacteria	Pseudomonadati	Pseudomonadota	Alphaproteobacteria	Emcibacterales	Emcibacteraceae	0.0020	0.0000	0.0010
Paremcibacter	2813804	G	Bacteria	Pseudomonadati	Pseudomonadota	Alphaproteobacteria	Emcibacterales	Emcibacteraceae	0.0010	0.0000	0.0000
Candidatus Puniceispirillum	767891	G	Bacteria	Pseudomonadati	Pseudomonadota	Alphaproteobacteria	Candidatus Puniceispirillales	Candidatus Puniceispirillaceae	0.0030	0.0000	0.0010
Candidatus Ponderosibacter	3457287	G	Bacteria	Pseudomonadati	Pseudomonadota	Alphaproteobacteria	Candidatus Puniceispirillales	Candidatus Puniceispirillaceae	0.0020	0.0000	0.0000
Candidatus Levibacter	3457288	G	Bacteria	Pseudomonadati	Pseudomonadota	Alphaproteobacteria	Candidatus Puniceispirillales	Candidatus Levibacteraceae	0.0010	0.0030	0.0000
Radicibacter	3462474	G	Bacteria	Pseudomonadati	Pseudomonadota	Alphaproteobacteria	Radicibacterales	Radicibacteraceae	0.0020	0.0000	0.0010
Minwuia	2493629	G	Bacteria	Pseudomonadati	Pseudomonadota	Alphaproteobacteria	Minwuiales	Minwuiaceae	0.0010	0.0000	0.0010
Tatumella	82986	G	Bacteria	Pseudomonadati	Pseudomonadota	Gammaproteobacteria	Enterobacterales	Erwiniaceae	0.1130	0.2070	0.2400
Pantoea	53335	G	Bacteria	Pseudomonadati	Pseudomonadota	Gammaproteobacteria	Enterobacterales	Erwiniaceae	0.1080	0.0780	0.5780
Buchnera	32199	G	Bacteria	Pseudomonadati	Pseudomonadota	Gammaproteobacteria	Enterobacterales	Erwiniaceae	0.1040	0.1960	0.1400
Erwinia	551	G	Bacteria	Pseudomonadati	Pseudomonadota	Gammaproteobacteria	Enterobacterales	Erwiniaceae	0.0400	0.0400	0.0860
Wigglesworthia	51228	G	Bacteria	Pseudomonadati	Pseudomonadota	Gammaproteobacteria	Enterobacterales	Erwiniaceae	0.0220	0.0330	0.0200
Mixta	2100764	G	Bacteria	Pseudomonadati	Pseudomonadota	Gammaproteobacteria	Enterobacterales	Erwiniaceae	0.0050	0.0020	0.0050
Paramixta	3231896	G	Bacteria	Pseudomonadati	Pseudomonadota	Gammaproteobacteria	Enterobacterales	Erwiniaceae	0.0020	0.0010	0.0020
Winslowiella	2997349	G	Bacteria	Pseudomonadati	Pseudomonadota	Gammaproteobacteria	Enterobacterales	Erwiniaceae	0.0010	0.0010	0.0030
Duffyella	3026546	G	Bacteria	Pseudomonadati	Pseudomonadota	Gammaproteobacteria	Enterobacterales	Erwiniaceae	0.0010	0.0650	0.0020
Klebsiella	570	G	Bacteria	Pseudomonadati	Pseudomonadota	Gammaproteobacteria	Enterobacterales	Enterobacteriaceae	0.1240	0.0780	0.1350
Enterobacter	547	G	Bacteria	Pseudomonadati	Pseudomonadota	Gammaproteobacteria	Enterobacterales	Enterobacteriaceae	0.0830	0.0430	0.1340
Citrobacter	544	G	Bacteria	Pseudomonadati	Pseudomonadota	Gammaproteobacteria	Enterobacterales	Enterobacteriaceae	0.0580	0.0450	0.0530
Escherichia	561	G	Bacteria	Pseudomonadati	Pseudomonadota	Gammaproteobacteria	Enterobacterales	Enterobacteriaceae	0.2500	0.2430	0.1820
Candidatus Blochmanniella	203804	G	Bacteria	Pseudomonadati	Pseudomonadota	Gammaproteobacteria	Enterobacterales	Enterobacteriaceae	0.0070	0.0280	0.0200
Candidatus Westeberhardia	1699619	G	Bacteria	Pseudomonadati	Pseudomonadota	Gammaproteobacteria	Enterobacterales	Enterobacteriaceae	0.0030	0.0000	0.0000
Candidatus Williamhamiltonella	568987	G	Bacteria	Pseudomonadati	Pseudomonadota	Gammaproteobacteria	Enterobacterales	Enterobacteriaceae	0.0010	0.0020	0.0020
Candidatus Regiella	568988	G	Bacteria	Pseudomonadati	Pseudomonadota	Gammaproteobacteria	Enterobacterales	Enterobacteriaceae	0.0000	0.0000	0.0010
Candidatus Hartigia	1449912	G	Bacteria	Pseudomonadati	Pseudomonadota	Gammaproteobacteria	Enterobacterales	Enterobacteriaceae	0.0030	0.0130	0.0100
Candidatus Tachikawaea	1682492	G	Bacteria	Pseudomonadati	Pseudomonadota	Gammaproteobacteria	Enterobacterales	Enterobacteriaceae	0.0020	0.0030	0.0020
Symbiopectobacterium	801	G	Bacteria	Pseudomonadati	Pseudomonadota	Gammaproteobacteria	Enterobacterales	Enterobacteriaceae	0.0020	0.0050	0.0110
Candidatus Mikella	1906660	G	Bacteria	Pseudomonadati	Pseudomonadota	Gammaproteobacteria	Enterobacterales	Enterobacteriaceae	0.0010	0.0000	0.0000
Candidatus Purcelliella	472825	G	Bacteria	Pseudomonadati	Pseudomonadota	Gammaproteobacteria	Enterobacterales	Enterobacteriaceae	0.0010	0.0010	0.0010
Candidatus Annandia	1302410	G	Bacteria	Pseudomonadati	Pseudomonadota	Gammaproteobacteria	Enterobacterales	Enterobacteriaceae	0.0010	0.0000	0.0000
Candidatus Hoaglandella	1906659	G	Bacteria	Pseudomonadati	Pseudomonadota	Gammaproteobacteria	Enterobacterales	Enterobacteriaceae	0.0010	0.0000	0.0450
Candidatus Gullanella	1906661	G	Bacteria	Pseudomonadati	Pseudomonadota	Gammaproteobacteria	Enterobacterales	Enterobacteriaceae	0.0000	0.0000	0.0000
Candidatus Doolittlea	1906657	G	Bacteria	Pseudomonadati	Pseudomonadota	Gammaproteobacteria	Enterobacterales	Enterobacteriaceae	0.0220	0.0000	0.0000
Kosakonia	1330547	G	Bacteria	Pseudomonadati	Pseudomonadota	Gammaproteobacteria	Enterobacterales	Enterobacteriaceae	0.0170	0.0060	0.0320
Pseudescherichia	2055880	G	Bacteria	Pseudomonadati	Pseudomonadota	Gammaproteobacteria	Enterobacterales	Enterobacteriaceae	0.0190	0.0250	0.0160
Leclercia	83654	G	Bacteria	Pseudomonadati	Pseudomonadota	Gammaproteobacteria	Enterobacterales	Enterobacteriaceae	0.0180	0.0030	0.0170
Cedecea	158483	G	Bacteria	Pseudomonadati	Pseudomonadota	Gammaproteobacteria	Enterobacterales	Enterobacteriaceae	0.0090	0.0090	0.0290
Salmonella	590	G	Bacteria	Pseudomonadati	Pseudomonadota	Gammaproteobacteria	Enterobacterales	Enterobacteriaceae	0.1200	0.0570	0.0590
Kluyvera	579	G	Bacteria	Pseudomonadati	Pseudomonadota	Gammaproteobacteria	Enterobacterales	Enterobacteriaceae	0.0090	0.0020	0.0170
Candidatus Schneideria	1081630	G	Bacteria	Pseudomonadati	Pseudomonadota	Gammaproteobacteria	Enterobacterales	Enterobacteriaceae	0.0060	0.0130	0.0070
Siccibacter	1649298	G	Bacteria	Pseudomonadati	Pseudomonadota	Gammaproteobacteria	Enterobacterales	Enterobacteriaceae	0.0060	0.0050	0.0040
Buttiauxella	82976	G	Bacteria	Pseudomonadati	Pseudomonadota	Gammaproteobacteria	Enterobacterales	Enterobacteriaceae	0.0050	0.0020	0.0040
Cronobacter	413496	G	Bacteria	Pseudomonadati	Pseudomonadota	Gammaproteobacteria	Enterobacterales	Enterobacteriaceae	0.0060	0.0020	0.0060
Lelliottia	1330545	G	Bacteria	Pseudomonadati	Pseudomonadota	Gammaproteobacteria	Enterobacterales	Enterobacteriaceae	0.0040	0.0010	0.0020
Pseudocitrobacter	1504576	G	Bacteria	Pseudomonadati	Pseudomonadota	Gammaproteobacteria	Enterobacterales	Enterobacteriaceae	0.0030	0.0010	0.0020
Superficieibacter	2303321	G	Bacteria	Pseudomonadati	Pseudomonadota	Gammaproteobacteria	Enterobacterales	Enterobacteriaceae	0.0020	0.0000	0.0020
Franconibacter	1649295	G	Bacteria	Pseudomonadati	Pseudomonadota	Gammaproteobacteria	Enterobacterales	Enterobacteriaceae	0.0020	0.0010	0.0010
Phytobacter	447792	G	Bacteria	Pseudomonadati	Pseudomonadota	Gammaproteobacteria	Enterobacterales	Enterobacteriaceae	0.0050	0.0010	0.0050
Atlantibacter	1903434	G	Bacteria	Pseudomonadati	Pseudomonadota	Gammaproteobacteria	Enterobacterales	Enterobacteriaceae	0.0020	0.0010	0.0010
Candidatus Profftia	1177214	G	Bacteria	Pseudomonadati	Pseudomonadota	Gammaproteobacteria	Enterobacterales	Enterobacteriaceae	0.0020	0.0020	0.0040
Dryocola	3021684	G	Bacteria	Pseudomonadati	Pseudomonadota	Gammaproteobacteria	Enterobacterales	Enterobacteriaceae	0.0020	0.0010	0.0020
Candidatus Ishikawella	409304	G	Bacteria	Pseudomonadati	Pseudomonadota	Gammaproteobacteria	Enterobacterales	Enterobacteriaceae	0.0010	0.0040	0.0010
Shimwellia	1335483	G	Bacteria	Pseudomonadati	Pseudomonadota	Gammaproteobacteria	Enterobacterales	Enterobacteriaceae	0.0010	0.0000	0.0010
Scandinavium	2726810	G	Bacteria	Pseudomonadati	Pseudomonadota	Gammaproteobacteria	Enterobacterales	Enterobacteriaceae	0.0010	0.0000	0.0010
Pluralibacter	1330546	G	Bacteria	Pseudomonadati	Pseudomonadota	Gammaproteobacteria	Enterobacterales	Enterobacteriaceae	0.0010	0.0010	0.0020
Plesiomonas	702	G	Bacteria	Pseudomonadati	Pseudomonadota	Gammaproteobacteria	Enterobacterales	Enterobacteriaceae	0.0010	0.0010	0.0020
Jejuibacter	2815296	G	Bacteria	Pseudomonadati	Pseudomonadota	Gammaproteobacteria	Enterobacterales	Enterobacteriaceae	0.0010	0.0010	0.0010
Shigella	620	G	Bacteria	Pseudomonadati	Pseudomonadota	Gammaproteobacteria	Enterobacterales	Enterobacteriaceae	0.0040	0.0070	0.0160
Candidatus Curculioniphilus	690591	G	Bacteria	Pseudomonadati	Pseudomonadota	Gammaproteobacteria	Enterobacterales	Enterobacteriaceae	0.0010	0.0000	0.0010
Mangrovibacter	451512	G	Bacteria	Pseudomonadati	Pseudomonadota	Gammaproteobacteria	Enterobacterales	Enterobacteriaceae	0.0010	0.0160	0.0100
Candidatus Gillettellia	1177217	G	Bacteria	Pseudomonadati	Pseudomonadota	Gammaproteobacteria	Enterobacterales	Enterobacteriaceae	0.0000	0.0000	0.0000
Candidatus Riesia	401618	G	Bacteria	Pseudomonadati	Pseudomonadota	Gammaproteobacteria	Enterobacterales	Enterobacteriaceae	0.0000	0.0000	0.0000
Candidatus Psyllophila	3682497	G	Bacteria	Pseudomonadati	Pseudomonadota	Gammaproteobacteria	Enterobacterales	Enterobacteriaceae	0.0000	0.0010	0.0000
Yokenella	158876	G	Bacteria	Pseudomonadati	Pseudomonadota	Gammaproteobacteria	Enterobacterales	Enterobacteriaceae	0.0000	0.0000	0.0010
Trabulsiella	158851	G	Bacteria	Pseudomonadati	Pseudomonadota	Gammaproteobacteria	Enterobacterales	Enterobacteriaceae	0.0000	0.0000	0.0010
Candidatus Moranella	1048757	G	Bacteria	Pseudomonadati	Pseudomonadota	Gammaproteobacteria	Enterobacterales	Enterobacteriaceae	0.0000	0.0000	0.0000
Providencia	586	G	Bacteria	Pseudomonadati	Pseudomonadota	Gammaproteobacteria	Enterobacterales	Morganellaceae	0.0910	0.0520	0.0700
Proteus	583	G	Bacteria	Pseudomonadati	Pseudomonadota	Gammaproteobacteria	Enterobacterales	Morganellaceae	0.0430	0.0440	0.0300
Xenorhabdus	626	G	Bacteria	Pseudomonadati	Pseudomonadota	Gammaproteobacteria	Enterobacterales	Morganellaceae	0.0140	0.0070	0.0320
Arsenophonus	637	G	Bacteria	Pseudomonadati	Pseudomonadota	Gammaproteobacteria	Enterobacterales	Morganellaceae	0.0130	2.4180	0.0180
Morganella	581	G	Bacteria	Pseudomonadati	Pseudomonadota	Gammaproteobacteria	Enterobacterales	Morganellaceae	0.0130	0.0040	0.0120
Photorhabdus	29487	G	Bacteria	Pseudomonadati	Pseudomonadota	Gammaproteobacteria	Enterobacterales	Morganellaceae	0.0060	0.0030	0.0080
Moellerella	158848	G	Bacteria	Pseudomonadati	Pseudomonadota	Gammaproteobacteria	Enterobacterales	Morganellaceae	0.0030	0.0020	0.0010
Yersinia	629	G	Bacteria	Pseudomonadati	Pseudomonadota	Gammaproteobacteria	Enterobacterales	Yersiniaceae	0.0460	0.0470	0.0390
Serratia	613	G	Bacteria	Pseudomonadati	Pseudomonadota	Gammaproteobacteria	Enterobacterales	Yersiniaceae	0.0450	0.0400	0.0530
Candidatus Fukatsuia	1927833	G	Bacteria	Pseudomonadati	Pseudomonadota	Gammaproteobacteria	Enterobacterales	Yersiniaceae	0.0080	0.0090	0.0120
Rahnella	34037	G	Bacteria	Pseudomonadati	Pseudomonadota	Gammaproteobacteria	Enterobacterales	Yersiniaceae	0.0080	0.0030	0.0070
Rouxiella	1565532	G	Bacteria	Pseudomonadati	Pseudomonadota	Gammaproteobacteria	Enterobacterales	Yersiniaceae	0.0050	0.0010	0.0020
Gibbsiella	929812	G	Bacteria	Pseudomonadati	Pseudomonadota	Gammaproteobacteria	Enterobacterales	Yersiniaceae	0.0020	0.0010	0.0030
Ewingella	41201	G	Bacteria	Pseudomonadati	Pseudomonadota	Gammaproteobacteria	Enterobacterales	Yersiniaceae	0.0010	0.0000	0.0000
Chimaeribacter	2716544	G	Bacteria	Pseudomonadati	Pseudomonadota	Gammaproteobacteria	Enterobacterales	Yersiniaceae	0.0010	0.0000	0.0010
Nissabacter	1964366	G	Bacteria	Pseudomonadati	Pseudomonadota	Gammaproteobacteria	Enterobacterales	Yersiniaceae	0.0010	0.0000	0.0010
Chania	1745211	G	Bacteria	Pseudomonadati	Pseudomonadota	Gammaproteobacteria	Enterobacterales	Yersiniaceae	0.0010	0.0000	0.0000
Pectobacterium	122277	G	Bacteria	Pseudomonadati	Pseudomonadota	Gammaproteobacteria	Enterobacterales	Pectobacteriaceae	0.0190	0.0240	0.0240
Dickeya	204037	G	Bacteria	Pseudomonadati	Pseudomonadota	Gammaproteobacteria	Enterobacterales	Pectobacteriaceae	0.0120	0.0050	0.0100
Brenneria	71655	G	Bacteria	Pseudomonadati	Pseudomonadota	Gammaproteobacteria	Enterobacterales	Pectobacteriaceae	0.0040	0.0010	0.0020
Lonsdalea	1082702	G	Bacteria	Pseudomonadati	Pseudomonadota	Gammaproteobacteria	Enterobacterales	Pectobacteriaceae	0.0010	0.0000	0.0010
Musicola	2884243	G	Bacteria	Pseudomonadati	Pseudomonadota	Gammaproteobacteria	Enterobacterales	Pectobacteriaceae	0.0010	0.0000	0.0010
Prodigiosinella	3059405	G	Bacteria	Pseudomonadati	Pseudomonadota	Gammaproteobacteria	Enterobacterales	Pectobacteriaceae	0.0020	0.0000	0.0010
Edwardsiella	635	G	Bacteria	Pseudomonadati	Pseudomonadota	Gammaproteobacteria	Enterobacterales	Hafniaceae	0.0070	0.0030	0.0100
Hafnia	568	G	Bacteria	Pseudomonadati	Pseudomonadota	Gammaproteobacteria	Enterobacterales	Hafniaceae	0.0050	0.0020	0.0070
Obesumbacterium	82982	G	Bacteria	Pseudomonadati	Pseudomonadota	Gammaproteobacteria	Enterobacterales	Hafniaceae	0.0000	0.0000	0.0010
Sodalis	84565	G	Bacteria	Pseudomonadati	Pseudomonadota	Gammaproteobacteria	Enterobacterales	Bruguierivoracaceae	0.0060	0.0020	0.0180
Limnobaculum	2172100	G	Bacteria	Pseudomonadati	Pseudomonadota	Gammaproteobacteria	Enterobacterales	Budviciaceae	0.0030	0.0010	0.0010
Pragia	82984	G	Bacteria	Pseudomonadati	Pseudomonadota	Gammaproteobacteria	Enterobacterales	Budviciaceae	0.0020	0.0000	0.0010
Leminorella	82980	G	Bacteria	Pseudomonadati	Pseudomonadota	Gammaproteobacteria	Enterobacterales	Budviciaceae	0.0010	0.0000	0.0010
Gallaecimonas	745410	G	Bacteria	Pseudomonadati	Pseudomonadota	Gammaproteobacteria	Enterobacterales	Gallaecimonadaceae	0.0030	0.0000	0.0010
Acinetobacter	469	G	Bacteria	Pseudomonadati	Pseudomonadota	Gammaproteobacteria	Moraxellales	Moraxellaceae	0.7460	0.8760	1.4690
Psychrobacter	497	G	Bacteria	Pseudomonadati	Pseudomonadota	Gammaproteobacteria	Moraxellales	Moraxellaceae	0.0460	0.0090	0.0190
Moraxella	475	G	Bacteria	Pseudomonadati	Pseudomonadota	Gammaproteobacteria	Moraxellales	Moraxellaceae	0.0140	0.0040	0.0070
Faucicola	1604696	G	Bacteria	Pseudomonadati	Pseudomonadota	Gammaproteobacteria	Moraxellales	Moraxellaceae	0.0070	0.0120	0.0020
Lwoffella	3444169	G	Bacteria	Pseudomonadati	Pseudomonadota	Gammaproteobacteria	Moraxellales	Moraxellaceae	0.0020	0.0000	0.0010
Aquirhabdus	2824158	G	Bacteria	Pseudomonadati	Pseudomonadota	Gammaproteobacteria	Moraxellales	Moraxellaceae	0.0010	0.0000	0.0000
Pseudoalteromonas	53246	G	Bacteria	Pseudomonadati	Pseudomonadota	Gammaproteobacteria	Alteromonadales	Pseudoalteromonadaceae	0.0990	0.0980	0.0730
Psychrosphaera	907197	G	Bacteria	Pseudomonadati	Pseudomonadota	Gammaproteobacteria	Alteromonadales	Pseudoalteromonadaceae	0.0020	0.0000	0.0010
Flocculibacter	2834759	G	Bacteria	Pseudomonadati	Pseudomonadota	Gammaproteobacteria	Alteromonadales	Pseudoalteromonadaceae	0.0010	0.0040	0.0000
Shewanella	22	G	Bacteria	Pseudomonadati	Pseudomonadota	Gammaproteobacteria	Alteromonadales	Shewanellaceae	0.0720	0.0300	0.0670
Parashewanella	2547964	G	Bacteria	Pseudomonadati	Pseudomonadota	Gammaproteobacteria	Alteromonadales	Shewanellaceae	0.0130	0.0130	0.0100
Psychrobium	1573826	G	Bacteria	Pseudomonadati	Pseudomonadota	Gammaproteobacteria	Alteromonadales	Shewanellaceae	0.0010	0.0000	0.0000
Thalassotalea	1518149	G	Bacteria	Pseudomonadati	Pseudomonadota	Gammaproteobacteria	Alteromonadales	Colwelliaceae	0.0350	0.0260	0.0300
Colwellia	28228	G	Bacteria	Pseudomonadati	Pseudomonadota	Gammaproteobacteria	Alteromonadales	Colwelliaceae	0.0320	0.0460	0.0290
Thalassomonas	137583	G	Bacteria	Pseudomonadati	Pseudomonadota	Gammaproteobacteria	Alteromonadales	Colwelliaceae	0.0030	0.0020	0.0040
Litorilituus	1407056	G	Bacteria	Pseudomonadati	Pseudomonadota	Gammaproteobacteria	Alteromonadales	Colwelliaceae	0.0030	0.0010	0.0010
Pseudocolwellia	2848177	G	Bacteria	Pseudomonadati	Pseudomonadota	Gammaproteobacteria	Alteromonadales	Colwelliaceae	0.0020	0.0040	0.0040
Cognaticolwellia	2848171	G	Bacteria	Pseudomonadati	Pseudomonadota	Gammaproteobacteria	Alteromonadales	Colwelliaceae	0.0010	0.0020	0.0010
Alteromonas	226	G	Bacteria	Pseudomonadati	Pseudomonadota	Gammaproteobacteria	Alteromonadales	Alteromonadaceae	0.0240	0.0130	0.0120
Salinimonas	288793	G	Bacteria	Pseudomonadati	Pseudomonadota	Gammaproteobacteria	Alteromonadales	Alteromonadaceae	0.0050	0.0000	0.0020
Paraglaciecola	1621534	G	Bacteria	Pseudomonadati	Pseudomonadota	Gammaproteobacteria	Alteromonadales	Alteromonadaceae	0.0110	0.0080	0.0060
Catenovulum	1172191	G	Bacteria	Pseudomonadati	Pseudomonadota	Gammaproteobacteria	Alteromonadales	Alteromonadaceae	0.0080	0.0090	0.0090
Agarivorans	261825	G	Bacteria	Pseudomonadati	Pseudomonadota	Gammaproteobacteria	Alteromonadales	Alteromonadaceae	0.0070	0.0010	0.0030
Alkalimarinus	1858563	G	Bacteria	Pseudomonadati	Pseudomonadota	Gammaproteobacteria	Alteromonadales	Alteromonadaceae	0.0030	0.0020	0.0020
Saccharobesus	2894574	G	Bacteria	Pseudomonadati	Pseudomonadota	Gammaproteobacteria	Alteromonadales	Alteromonadaceae	0.0020	0.0000	0.0000
Alishewanella	111142	G	Bacteria	Pseudomonadati	Pseudomonadota	Gammaproteobacteria	Alteromonadales	Alteromonadaceae	0.0020	0.0000	0.0010
Brumicola	3160924	G	Bacteria	Pseudomonadati	Pseudomonadota	Gammaproteobacteria	Alteromonadales	Alteromonadaceae	0.0020	0.0000	0.0010
Ningiella	2751156	G	Bacteria	Pseudomonadati	Pseudomonadota	Gammaproteobacteria	Alteromonadales	Alteromonadaceae	0.0010	0.0000	0.0010
Lacimicrobium	1751872	G	Bacteria	Pseudomonadati	Pseudomonadota	Gammaproteobacteria	Alteromonadales	Alteromonadaceae	0.0010	0.0000	0.0000
Paraneptunicella	2905123	G	Bacteria	Pseudomonadati	Pseudomonadota	Gammaproteobacteria	Alteromonadales	Alteromonadaceae	0.0010	0.0000	0.0000
Halioxenophilus	2108524	G	Bacteria	Pseudomonadati	Pseudomonadota	Gammaproteobacteria	Alteromonadales	Alteromonadaceae	0.0010	0.0000	0.0000
Planctobacterium	2200736	G	Bacteria	Pseudomonadati	Pseudomonadota	Gammaproteobacteria	Alteromonadales	Alteromonadaceae	0.0000	0.0000	0.0000
Neptunicella	2125985	G	Bacteria	Pseudomonadati	Pseudomonadota	Gammaproteobacteria	Alteromonadales	Alteromonadaceae	0.0000	0.0000	0.0010
Hydrocarboniclastica	2650549	G	Bacteria	Pseudomonadati	Pseudomonadota	Gammaproteobacteria	Alteromonadales	Alteromonadaceae	0.0000	0.0000	0.0000
Aliiglaciecola	1406885	G	Bacteria	Pseudomonadati	Pseudomonadota	Gammaproteobacteria	Alteromonadales	Alteromonadaceae	0.0000	0.0000	0.0000
Gayadomonas	1234605	G	Bacteria	Pseudomonadati	Pseudomonadota	Gammaproteobacteria	Alteromonadales	Alteromonadaceae	0.0000	0.0000	0.0000
Saliniradius	2661818	G	Bacteria	Pseudomonadati	Pseudomonadota	Gammaproteobacteria	Alteromonadales	Alteromonadaceae	0.0000	0.0000	0.0000
Psychromonas	67572	G	Bacteria	Pseudomonadati	Pseudomonadota	Gammaproteobacteria	Alteromonadales	Psychromonadaceae	0.0220	0.0230	0.0140
Idiomarina	135575	G	Bacteria	Pseudomonadati	Pseudomonadota	Gammaproteobacteria	Alteromonadales	Idiomarinaceae	0.0140	0.0010	0.0020
Pseudidiomarina	2800384	G	Bacteria	Pseudomonadati	Pseudomonadota	Gammaproteobacteria	Alteromonadales	Idiomarinaceae	0.0030	0.0000	0.0010
Moritella	58050	G	Bacteria	Pseudomonadati	Pseudomonadota	Gammaproteobacteria	Alteromonadales	Moritellaceae	0.0090	0.0010	0.0130
Ferrimonas	44011	G	Bacteria	Pseudomonadati	Pseudomonadota	Gammaproteobacteria	Alteromonadales	Ferrimonadaceae	0.0030	0.0000	0.0010
Motilimonas	1914248	G	Bacteria	Pseudomonadati	Pseudomonadota	Gammaproteobacteria	Alteromonadales		0.0020	0.0010	0.0010
Aegicerorhabdus	3614798	G	Bacteria	Pseudomonadati	Pseudomonadota	Gammaproteobacteria	Alteromonadales	Aegicerorhabdaceae	0.0000	0.0000	0.0000
Pseudomonas	286	G	Bacteria	Pseudomonadati	Pseudomonadota	Gammaproteobacteria	Pseudomonadales	Pseudomonadaceae	0.2980	0.1000	0.5160
Stutzerimonas	2901164	G	Bacteria	Pseudomonadati	Pseudomonadota	Gammaproteobacteria	Pseudomonadales	Pseudomonadaceae	0.0130	0.0020	0.0070
Halopseudomonas	2901189	G	Bacteria	Pseudomonadati	Pseudomonadota	Gammaproteobacteria	Pseudomonadales	Pseudomonadaceae	0.0060	0.0010	0.0020
Entomomonas	2758906	G	Bacteria	Pseudomonadati	Pseudomonadota	Gammaproteobacteria	Pseudomonadales	Pseudomonadaceae	0.0050	0.0050	0.0070
Ectopseudomonas	3236654	G	Bacteria	Pseudomonadati	Pseudomonadota	Gammaproteobacteria	Pseudomonadales	Pseudomonadaceae	0.0070	0.0020	0.0040
Azotobacter	352	G	Bacteria	Pseudomonadati	Pseudomonadota	Gammaproteobacteria	Pseudomonadales	Pseudomonadaceae	0.0020	0.0000	0.0010
Azorhizophilus	157913	G	Bacteria	Pseudomonadati	Pseudomonadota	Gammaproteobacteria	Pseudomonadales	Pseudomonadaceae	0.0000	0.0000	0.0000
Metapseudomonas	3236656	G	Bacteria	Pseudomonadati	Pseudomonadota	Gammaproteobacteria	Pseudomonadales	Pseudomonadaceae	0.0030	0.0000	0.0020
Thiopseudomonas	1654787	G	Bacteria	Pseudomonadati	Pseudomonadota	Gammaproteobacteria	Pseudomonadales	Pseudomonadaceae	0.0020	0.0000	0.0010
Aquipseudomonas	3236652	G	Bacteria	Pseudomonadati	Pseudomonadota	Gammaproteobacteria	Pseudomonadales	Pseudomonadaceae	0.0010	0.0000	0.0000
Phytopseudomonas	3236657	G	Bacteria	Pseudomonadati	Pseudomonadota	Gammaproteobacteria	Pseudomonadales	Pseudomonadaceae	0.0010	0.0010	0.0030
Permianibacter	1649479	G	Bacteria	Pseudomonadati	Pseudomonadota	Gammaproteobacteria	Pseudomonadales	Pseudomonadaceae	0.0000	0.0000	0.0000
Denitrificimonas	2901261	G	Bacteria	Pseudomonadati	Pseudomonadota	Gammaproteobacteria	Pseudomonadales	Pseudomonadaceae	0.0010	0.0000	0.0000
Marinobacter	2742	G	Bacteria	Pseudomonadati	Pseudomonadota	Gammaproteobacteria	Pseudomonadales	Marinobacteraceae	0.0230	0.0040	0.0090
Candidatus Njordibacter	3457297	G	Bacteria	Pseudomonadati	Pseudomonadota	Gammaproteobacteria	Pseudomonadales	Candidatus Njordibacteraceae	0.0130	0.0120	0.0060
Ketobacter	2025617	G	Bacteria	Pseudomonadati	Pseudomonadota	Gammaproteobacteria	Pseudomonadales	Ketobacteraceae	0.0020	0.0000	0.0000
Pseudohongiella	1524249	G	Bacteria	Pseudomonadati	Pseudomonadota	Gammaproteobacteria	Pseudomonadales	Pseudohongiellaceae	0.0010	0.0000	0.0000
Vibrio	662	G	Bacteria	Pseudomonadati	Pseudomonadota	Gammaproteobacteria	Vibrionales	Vibrionaceae	0.2270	0.1730	0.1890
Photobacterium	657	G	Bacteria	Pseudomonadati	Pseudomonadota	Gammaproteobacteria	Vibrionales	Vibrionaceae	0.0420	0.0220	0.0240
Aliivibrio	511678	G	Bacteria	Pseudomonadati	Pseudomonadota	Gammaproteobacteria	Vibrionales	Vibrionaceae	0.0050	0.0030	0.0140
Salinivibrio	51366	G	Bacteria	Pseudomonadati	Pseudomonadota	Gammaproteobacteria	Vibrionales	Vibrionaceae	0.0030	0.0000	0.0010
Enterovibrio	188143	G	Bacteria	Pseudomonadati	Pseudomonadota	Gammaproteobacteria	Vibrionales	Vibrionaceae	0.0020	0.0000	0.0010
Grimontia	246861	G	Bacteria	Pseudomonadati	Pseudomonadota	Gammaproteobacteria	Vibrionales	Vibrionaceae	0.0020	0.0000	0.0010
Thaumasiovibrio	2014233	G	Bacteria	Pseudomonadati	Pseudomonadota	Gammaproteobacteria	Vibrionales	Vibrionaceae	0.0010	0.0000	0.0000
Paraphotobacterium	2042066	G	Bacteria	Pseudomonadati	Pseudomonadota	Gammaproteobacteria	Vibrionales	Vibrionaceae	0.0010	0.0070	0.0030
Parasalinivibrio	3378804	G	Bacteria	Pseudomonadati	Pseudomonadota	Gammaproteobacteria	Vibrionales	Vibrionaceae	0.0010	0.0000	0.0000
Marinomonas	28253	G	Bacteria	Pseudomonadati	Pseudomonadota	Gammaproteobacteria	Oceanospirillales	Oceanospirillaceae	0.0380	0.0120	0.0240
Amphritea	515417	G	Bacteria	Pseudomonadati	Pseudomonadota	Gammaproteobacteria	Oceanospirillales	Oceanospirillaceae	0.0090	0.0000	0.0020
Nitrincola	267849	G	Bacteria	Pseudomonadati	Pseudomonadota	Gammaproteobacteria	Oceanospirillales	Oceanospirillaceae	0.0080	0.0000	0.0010
Neptuniibacter	459520	G	Bacteria	Pseudomonadati	Pseudomonadota	Gammaproteobacteria	Oceanospirillales	Oceanospirillaceae	0.0060	0.0020	0.0070
Neptunomonas	75687	G	Bacteria	Pseudomonadati	Pseudomonadota	Gammaproteobacteria	Oceanospirillales	Oceanospirillaceae	0.0040	0.0020	0.0020
Marinobacterium	48075	G	Bacteria	Pseudomonadati	Pseudomonadota	Gammaproteobacteria	Oceanospirillales	Oceanospirillaceae	0.0040	0.0000	0.0020
Aliamphritea	3018276	G	Bacteria	Pseudomonadati	Pseudomonadota	Gammaproteobacteria	Oceanospirillales	Oceanospirillaceae	0.0030	0.0000	0.0020
Venatoribacter	2893036	G	Bacteria	Pseudomonadati	Pseudomonadota	Gammaproteobacteria	Oceanospirillales	Oceanospirillaceae	0.0030	0.0000	0.0010
Bermanella	599651	G	Bacteria	Pseudomonadati	Pseudomonadota	Gammaproteobacteria	Oceanospirillales	Oceanospirillaceae	0.0030	0.0020	0.0010
Thalassolituus	187492	G	Bacteria	Pseudomonadati	Pseudomonadota	Gammaproteobacteria	Oceanospirillales	Oceanospirillaceae	0.0030	0.0310	0.0010
Bacterioplanoides	2066071	G	Bacteria	Pseudomonadati	Pseudomonadota	Gammaproteobacteria	Oceanospirillales	Oceanospirillaceae	0.0020	0.0000	0.0010
Bacterioplanes	1537406	G	Bacteria	Pseudomonadati	Pseudomonadota	Gammaproteobacteria	Oceanospirillales	Oceanospirillaceae	0.0020	0.0000	0.0000
Marinospirillum	64968	G	Bacteria	Pseudomonadati	Pseudomonadota	Gammaproteobacteria	Oceanospirillales	Oceanospirillaceae	0.0010	0.0000	0.0000
Motiliproteus	1775292	G	Bacteria	Pseudomonadati	Pseudomonadota	Gammaproteobacteria	Oceanospirillales	Oceanospirillaceae	0.0000	0.0000	0.0000
Halomonas	2745	G	Bacteria	Pseudomonadati	Pseudomonadota	Gammaproteobacteria	Oceanospirillales	Halomonadaceae	0.0350	0.0140	0.0240
Vreelandella	3137766	G	Bacteria	Pseudomonadati	Pseudomonadota	Gammaproteobacteria	Oceanospirillales	Halomonadaceae	0.0180	0.0010	0.0050
Zymobacter	33073	G	Bacteria	Pseudomonadati	Pseudomonadota	Gammaproteobacteria	Oceanospirillales	Halomonadaceae	0.0040	0.0020	0.0020
Candidatus Carsonella	114185	G	Bacteria	Pseudomonadati	Pseudomonadota	Gammaproteobacteria	Oceanospirillales	Halomonadaceae	0.0010	0.0060	0.0040
Kushneria	504090	G	Bacteria	Pseudomonadati	Pseudomonadota	Gammaproteobacteria	Oceanospirillales	Halomonadaceae	0.0050	0.0000	0.0010
Salinicola	404432	G	Bacteria	Pseudomonadati	Pseudomonadota	Gammaproteobacteria	Oceanospirillales	Halomonadaceae	0.0040	0.0020	0.0020
Cobetia	204286	G	Bacteria	Pseudomonadati	Pseudomonadota	Gammaproteobacteria	Oceanospirillales	Halomonadaceae	0.0020	0.0000	0.0010
Chromohalobacter	42054	G	Bacteria	Pseudomonadati	Pseudomonadota	Gammaproteobacteria	Oceanospirillales	Halomonadaceae	0.0020	0.0000	0.0010
Billgrantia	3137761	G	Bacteria	Pseudomonadati	Pseudomonadota	Gammaproteobacteria	Oceanospirillales	Halomonadaceae	0.0010	0.0000	0.0010
Halotalea	376488	G	Bacteria	Pseudomonadati	Pseudomonadota	Gammaproteobacteria	Oceanospirillales	Halomonadaceae	0.0010	0.0000	0.0000
Pistricoccus	1897649	G	Bacteria	Pseudomonadati	Pseudomonadota	Gammaproteobacteria	Oceanospirillales	Halomonadaceae	0.0000	0.0000	0.0000
Bisbaumannia	3137762	G	Bacteria	Pseudomonadati	Pseudomonadota	Gammaproteobacteria	Oceanospirillales	Halomonadaceae	0.0000	0.0000	0.0000
Aliikangiella	1920241	G	Bacteria	Pseudomonadati	Pseudomonadota	Gammaproteobacteria	Oceanospirillales	Pleioneaceae	0.0130	0.0200	0.0140
Pleionea	1502941	G	Bacteria	Pseudomonadati	Pseudomonadota	Gammaproteobacteria	Oceanospirillales	Pleioneaceae	0.0010	0.0000	0.0000
Spartinivicinus	2768738	G	Bacteria	Pseudomonadati	Pseudomonadota	Gammaproteobacteria	Oceanospirillales	Zooshikellaceae	0.0140	0.0110	0.0060
Endozoicomonas	305899	G	Bacteria	Pseudomonadati	Pseudomonadota	Gammaproteobacteria	Oceanospirillales	Endozoicomonadaceae	0.0120	0.0020	0.0050
Gynuella	1445504	G	Bacteria	Pseudomonadati	Pseudomonadota	Gammaproteobacteria	Oceanospirillales	Saccharospirillaceae	0.0040	0.0000	0.0010
Saccharospirillum	231683	G	Bacteria	Pseudomonadati	Pseudomonadota	Gammaproteobacteria	Oceanospirillales	Saccharospirillaceae	0.0010	0.0000	0.0000
Reinekea	230494	G	Bacteria	Pseudomonadati	Pseudomonadota	Gammaproteobacteria	Oceanospirillales	Saccharospirillaceae	0.0010	0.0000	0.0000
Salinispirillum	1649491	G	Bacteria	Pseudomonadati	Pseudomonadota	Gammaproteobacteria	Oceanospirillales	Saccharospirillaceae	0.0010	0.0000	0.0000
Hahella	158481	G	Bacteria	Pseudomonadati	Pseudomonadota	Gammaproteobacteria	Oceanospirillales	Hahellaceae	0.0030	0.0000	0.0020
Thermohahella	3449104	G	Bacteria	Pseudomonadati	Pseudomonadota	Gammaproteobacteria	Oceanospirillales	Hahellaceae	0.0010	0.0000	0.0000
Allohahella	1855402	G	Bacteria	Pseudomonadati	Pseudomonadota	Gammaproteobacteria	Oceanospirillales	Hahellaceae	0.0000	0.0000	0.0000
Alcanivorax	59753	G	Bacteria	Pseudomonadati	Pseudomonadota	Gammaproteobacteria	Oceanospirillales	Alcanivoracaceae	0.0030	0.0000	0.0010
Alloalcanivorax	3020832	G	Bacteria	Pseudomonadati	Pseudomonadota	Gammaproteobacteria	Oceanospirillales	Alcanivoracaceae	0.0010	0.0000	0.0000
Isoalcanivorax	3020833	G	Bacteria	Pseudomonadati	Pseudomonadota	Gammaproteobacteria	Oceanospirillales	Alcanivoracaceae	0.0010	0.0000	0.0000
Marinicellulosiphila	3414216	G	Bacteria	Pseudomonadati	Pseudomonadota	Gammaproteobacteria	Oceanospirillales		0.0030	0.0090	0.0070
Pokkaliibacter	2301194	G	Bacteria	Pseudomonadati	Pseudomonadota	Gammaproteobacteria	Oceanospirillales	Balneatrichaceae	0.0010	0.0000	0.0000
Litorivicinus	418700	G	Bacteria	Pseudomonadati	Pseudomonadota	Gammaproteobacteria	Oceanospirillales	Litorivicinaceae	0.0000	0.0000	0.0000
Oleiphilus	141450	G	Bacteria	Pseudomonadati	Pseudomonadota	Gammaproteobacteria	Oceanospirillales	Oleiphilaceae	0.0000	0.0010	0.0010
Haemophilus	724	G	Bacteria	Pseudomonadati	Pseudomonadota	Gammaproteobacteria	Pasteurellales	Pasteurellaceae	0.0420	0.0170	0.0400
Mannheimia	75984	G	Bacteria	Pseudomonadati	Pseudomonadota	Gammaproteobacteria	Pasteurellales	Pasteurellaceae	0.0210	0.0260	0.0270
Pasteurella	745	G	Bacteria	Pseudomonadati	Pseudomonadota	Gammaproteobacteria	Pasteurellales	Pasteurellaceae	0.0250	0.0120	0.0180
Actinobacillus	713	G	Bacteria	Pseudomonadati	Pseudomonadota	Gammaproteobacteria	Pasteurellales	Pasteurellaceae	0.0180	0.0180	0.0140
Avibacterium	292486	G	Bacteria	Pseudomonadati	Pseudomonadota	Gammaproteobacteria	Pasteurellales	Pasteurellaceae	0.0090	0.0130	0.0270
Frederiksenia	1649317	G	Bacteria	Pseudomonadati	Pseudomonadota	Gammaproteobacteria	Pasteurellales	Pasteurellaceae	0.0090	0.0040	0.0030
Aggregatibacter	416916	G	Bacteria	Pseudomonadati	Pseudomonadota	Gammaproteobacteria	Pasteurellales	Pasteurellaceae	0.0080	0.0050	0.0070
Glaesserella	2094023	G	Bacteria	Pseudomonadati	Pseudomonadota	Gammaproteobacteria	Pasteurellales	Pasteurellaceae	0.0070	0.0020	0.0030
Gallibacterium	155493	G	Bacteria	Pseudomonadati	Pseudomonadota	Gammaproteobacteria	Pasteurellales	Pasteurellaceae	0.0070	0.0080	0.0240
Histophilus	214906	G	Bacteria	Pseudomonadati	Pseudomonadota	Gammaproteobacteria	Pasteurellales	Pasteurellaceae	0.0060	0.0010	0.0040
Phocoenobacter	146805	G	Bacteria	Pseudomonadati	Pseudomonadota	Gammaproteobacteria	Pasteurellales	Pasteurellaceae	0.0040	0.0070	0.0060
Bisgaardia	109471	G	Bacteria	Pseudomonadati	Pseudomonadota	Gammaproteobacteria	Pasteurellales	Pasteurellaceae	0.0030	0.0040	0.0030
Lonepinella	53416	G	Bacteria	Pseudomonadati	Pseudomonadota	Gammaproteobacteria	Pasteurellales	Pasteurellaceae	0.0030	0.0000	0.0010
Testudinibacter	1755672	G	Bacteria	Pseudomonadati	Pseudomonadota	Gammaproteobacteria	Pasteurellales	Pasteurellaceae	0.0020	0.0000	0.0000
Otariodibacter	1249016	G	Bacteria	Pseudomonadati	Pseudomonadota	Gammaproteobacteria	Pasteurellales	Pasteurellaceae	0.0020	0.0010	0.0010
Rodentibacter	1960084	G	Bacteria	Pseudomonadati	Pseudomonadota	Gammaproteobacteria	Pasteurellales	Pasteurellaceae	0.0020	0.0010	0.0010
Mergibacter	2899790	G	Bacteria	Pseudomonadati	Pseudomonadota	Gammaproteobacteria	Pasteurellales	Pasteurellaceae	0.0010	0.0200	0.0050
Bibersteinia	476528	G	Bacteria	Pseudomonadati	Pseudomonadota	Gammaproteobacteria	Pasteurellales	Pasteurellaceae	0.0020	0.0000	0.0000
Basfia	697331	G	Bacteria	Pseudomonadati	Pseudomonadota	Gammaproteobacteria	Pasteurellales	Pasteurellaceae	0.0010	0.0000	0.0000
Vespertiliibacter	1520333	G	Bacteria	Pseudomonadati	Pseudomonadota	Gammaproteobacteria	Pasteurellales	Pasteurellaceae	0.0010	0.0000	0.0000
Xanthomonas	338	G	Bacteria	Pseudomonadati	Pseudomonadota	Gammaproteobacteria	Lysobacterales	Lysobacteraceae	0.0550	0.0170	0.0300
Stenotrophomonas	40323	G	Bacteria	Pseudomonadati	Pseudomonadota	Gammaproteobacteria	Lysobacterales	Lysobacteraceae	0.0240	0.0100	0.1310
Lysobacter	68	G	Bacteria	Pseudomonadati	Pseudomonadota	Gammaproteobacteria	Lysobacterales	Lysobacteraceae	0.0070	0.0010	0.0020
Pseudoxanthomonas	83618	G	Bacteria	Pseudomonadati	Pseudomonadota	Gammaproteobacteria	Lysobacterales	Lysobacteraceae	0.0060	0.0010	0.0060
Luteimonas	83614	G	Bacteria	Pseudomonadati	Pseudomonadota	Gammaproteobacteria	Lysobacterales	Lysobacteraceae	0.0040	0.0010	0.0020
Xylella	2370	G	Bacteria	Pseudomonadati	Pseudomonadota	Gammaproteobacteria	Lysobacterales	Lysobacteraceae	0.0030	0.0000	0.0010
Thermomonas	141948	G	Bacteria	Pseudomonadati	Pseudomonadota	Gammaproteobacteria	Lysobacterales	Lysobacteraceae	0.0010	0.0000	0.0000
Agrilutibacter	3382696	G	Bacteria	Pseudomonadati	Pseudomonadota	Gammaproteobacteria	Lysobacterales	Lysobacteraceae	0.0000	0.0000	0.0000
Marilutibacter	3382698	G	Bacteria	Pseudomonadati	Pseudomonadota	Gammaproteobacteria	Lysobacterales	Lysobacteraceae	0.0000	0.0000	0.0000
Arenimonas	490567	G	Bacteria	Pseudomonadati	Pseudomonadota	Gammaproteobacteria	Lysobacterales	Lysobacteraceae	0.0000	0.0000	0.0000
Novilysobacter	3382699	G	Bacteria	Pseudomonadati	Pseudomonadota	Gammaproteobacteria	Lysobacterales	Lysobacteraceae	0.0000	0.0000	0.0000
Luteibacter	242605	G	Bacteria	Pseudomonadati	Pseudomonadota	Gammaproteobacteria	Lysobacterales	Rhodanobacteraceae	0.0130	0.0010	0.0150
Dyella	231454	G	Bacteria	Pseudomonadati	Pseudomonadota	Gammaproteobacteria	Lysobacterales	Rhodanobacteraceae	0.0090	0.0010	0.0050
Frateuria	70411	G	Bacteria	Pseudomonadati	Pseudomonadota	Gammaproteobacteria	Lysobacterales	Rhodanobacteraceae	0.0040	0.0000	0.0010
Rhodanobacter	75309	G	Bacteria	Pseudomonadati	Pseudomonadota	Gammaproteobacteria	Lysobacterales	Rhodanobacteraceae	0.0030	0.0000	0.0010
Pseudolysobacter	2709666	G	Bacteria	Pseudomonadati	Pseudomonadota	Gammaproteobacteria	Lysobacterales	Rhodanobacteraceae	0.0020	0.0000	0.0000
Ahniella	2233801	G	Bacteria	Pseudomonadati	Pseudomonadota	Gammaproteobacteria	Lysobacterales	Rhodanobacteraceae	0.0010	0.0000	0.0000
Dokdonella	323413	G	Bacteria	Pseudomonadati	Pseudomonadota	Gammaproteobacteria	Lysobacterales	Rhodanobacteraceae	0.0010	0.0000	0.0000
Tahibacter	1453544	G	Bacteria	Pseudomonadati	Pseudomonadota	Gammaproteobacteria	Lysobacterales	Rhodanobacteraceae	0.0000	0.0000	0.0000
Aerosticca	2707020	G	Bacteria	Pseudomonadati	Pseudomonadota	Gammaproteobacteria	Lysobacterales	Rhodanobacteraceae	0.0000	0.0000	0.0000
Marinicella	863253	G	Bacteria	Pseudomonadati	Pseudomonadota	Gammaproteobacteria	Lysobacterales	Marinicellaceae	0.0010	0.0000	0.0000
Coxiella	776	G	Bacteria	Pseudomonadati	Pseudomonadota	Gammaproteobacteria	Legionellales	Coxiellaceae	0.0630	0.0810	0.0320
Rickettsiella	59195	G	Bacteria	Pseudomonadati	Pseudomonadota	Gammaproteobacteria	Legionellales	Coxiellaceae	0.0050	0.0070	0.0050
Candidiatus Paracoxiella	3405119	G	Bacteria	Pseudomonadati	Pseudomonadota	Gammaproteobacteria	Legionellales	Coxiellaceae	0.0110	0.0000	0.0000
Aquicella	254245	G	Bacteria	Pseudomonadati	Pseudomonadota	Gammaproteobacteria	Legionellales	Coxiellaceae	0.0010	0.0000	0.0010
Legionella	445	G	Bacteria	Pseudomonadati	Pseudomonadota	Gammaproteobacteria	Legionellales	Legionellaceae	0.0340	0.0190	0.0390
Fluoribacter	461	G	Bacteria	Pseudomonadati	Pseudomonadota	Gammaproteobacteria	Legionellales	Legionellaceae	0.0010	0.0000	0.0000
Thiomicrorhabdus	2039723	G	Bacteria	Pseudomonadati	Pseudomonadota	Gammaproteobacteria	Thiotrichales	Piscirickettsiaceae	0.0130	0.0010	0.0030
Cycloclasticus	34067	G	Bacteria	Pseudomonadati	Pseudomonadota	Gammaproteobacteria	Thiotrichales	Piscirickettsiaceae	0.0110	0.0200	0.0100
Thiomicrospira	933	G	Bacteria	Pseudomonadati	Pseudomonadota	Gammaproteobacteria	Thiotrichales	Piscirickettsiaceae	0.0090	0.0000	0.0010
Piscirickettsia	1237	G	Bacteria	Pseudomonadati	Pseudomonadota	Gammaproteobacteria	Thiotrichales	Piscirickettsiaceae	0.0080	0.0100	0.0080
Methylophaga	40222	G	Bacteria	Pseudomonadati	Pseudomonadota	Gammaproteobacteria	Thiotrichales	Piscirickettsiaceae	0.0060	0.0010	0.0020
Hydrogenovibrio	28884	G	Bacteria	Pseudomonadati	Pseudomonadota	Gammaproteobacteria	Thiotrichales	Piscirickettsiaceae	0.0050	0.0010	0.0010
Thiosulfatimonas	2781121	G	Bacteria	Pseudomonadati	Pseudomonadota	Gammaproteobacteria	Thiotrichales	Piscirickettsiaceae	0.0020	0.0020	0.0010
Thiosulfativibrio	2781120	G	Bacteria	Pseudomonadati	Pseudomonadota	Gammaproteobacteria	Thiotrichales	Piscirickettsiaceae	0.0010	0.0000	0.0000
Francisella	262	G	Bacteria	Pseudomonadati	Pseudomonadota	Gammaproteobacteria	Thiotrichales	Francisellaceae	0.0360	0.0310	0.0220
Allofrancisella	1869285	G	Bacteria	Pseudomonadati	Pseudomonadota	Gammaproteobacteria	Thiotrichales	Francisellaceae	0.0020	0.0000	0.0020
Thiothrix	1030	G	Bacteria	Pseudomonadati	Pseudomonadota	Gammaproteobacteria	Thiotrichales	Thiotrichaceae	0.0040	0.0020	0.0030
Beggiatoa	1021	G	Bacteria	Pseudomonadati	Pseudomonadota	Gammaproteobacteria	Thiotrichales	Thiotrichaceae	0.0010	0.0020	0.0020
Cysteiniphilum	2056696	G	Bacteria	Pseudomonadati	Pseudomonadota	Gammaproteobacteria	Thiotrichales	Fastidiosibacteraceae	0.0000	0.0000	0.0000
Teredinibacter	2425	G	Bacteria	Pseudomonadati	Pseudomonadota	Gammaproteobacteria	Cellvibrionales	Cellvibrionaceae	0.0070	0.0040	0.0010
Saccharophagus	316625	G	Bacteria	Pseudomonadati	Pseudomonadota	Gammaproteobacteria	Cellvibrionales	Cellvibrionaceae	0.0070	0.0030	0.0010
Cellvibrio	10	G	Bacteria	Pseudomonadati	Pseudomonadota	Gammaproteobacteria	Cellvibrionales	Cellvibrionaceae	0.0060	0.0010	0.0020
Simiduia	447467	G	Bacteria	Pseudomonadati	Pseudomonadota	Gammaproteobacteria	Cellvibrionales	Cellvibrionaceae	0.0060	0.0060	0.0040
Gilvimarinus	940550	G	Bacteria	Pseudomonadati	Pseudomonadota	Gammaproteobacteria	Cellvibrionales	Cellvibrionaceae	0.0040	0.0000	0.0010
Agaribacterium	2038244	G	Bacteria	Pseudomonadati	Pseudomonadota	Gammaproteobacteria	Cellvibrionales	Cellvibrionaceae	0.0030	0.0000	0.0000
Agarilytica	2036021	G	Bacteria	Pseudomonadati	Pseudomonadota	Gammaproteobacteria	Cellvibrionales	Cellvibrionaceae	0.0010	0.0000	0.0000
Marinagarivorans	1792291	G	Bacteria	Pseudomonadati	Pseudomonadota	Gammaproteobacteria	Cellvibrionales	Cellvibrionaceae	0.0010	0.0000	0.0000
Maricurvus	1122283	G	Bacteria	Pseudomonadati	Pseudomonadota	Gammaproteobacteria	Cellvibrionales	Cellvibrionaceae	0.0010	0.0000	0.0000
Marinimicrobium	359337	G	Bacteria	Pseudomonadati	Pseudomonadota	Gammaproteobacteria	Cellvibrionales	Cellvibrionaceae	0.0010	0.0000	0.0000
Microbulbifer	48073	G	Bacteria	Pseudomonadati	Pseudomonadota	Gammaproteobacteria	Cellvibrionales	Microbulbiferaceae	0.0180	0.0050	0.0070
Porticoccus	1123967	G	Bacteria	Pseudomonadati	Pseudomonadota	Gammaproteobacteria	Cellvibrionales	Porticoccaceae	0.0070	0.0120	0.0070
Kineobactrum	2678529	G	Bacteria	Pseudomonadati	Pseudomonadota	Gammaproteobacteria	Cellvibrionales	Halieaceae	0.0030	0.0000	0.0000
Congregibacter	393661	G	Bacteria	Pseudomonadati	Pseudomonadota	Gammaproteobacteria	Cellvibrionales	Halieaceae	0.0010	0.0000	0.0000
Halioglobus	1217416	G	Bacteria	Pseudomonadati	Pseudomonadota	Gammaproteobacteria	Cellvibrionales	Halieaceae	0.0010	0.0000	0.0000
Luminiphilus	1341118	G	Bacteria	Pseudomonadati	Pseudomonadota	Gammaproteobacteria	Cellvibrionales	Halieaceae	0.0000	0.0000	0.0000
Aequoribacter	2847769	G	Bacteria	Pseudomonadati	Pseudomonadota	Gammaproteobacteria	Cellvibrionales	Halieaceae	0.0000	0.0000	0.0000
Candidatus Paraluminiphilus	3040948	G	Bacteria	Pseudomonadati	Pseudomonadota	Gammaproteobacteria	Cellvibrionales	Halieaceae	0.0000	0.0000	0.0000
Spongiibacter	630749	G	Bacteria	Pseudomonadati	Pseudomonadota	Gammaproteobacteria	Cellvibrionales	Spongiibacteraceae	0.0020	0.0010	0.0020
Oceanicoccus	1084558	G	Bacteria	Pseudomonadati	Pseudomonadota	Gammaproteobacteria	Cellvibrionales	Spongiibacteraceae	0.0010	0.0000	0.0000
Zhongshania	1434050	G	Bacteria	Pseudomonadati	Pseudomonadota	Gammaproteobacteria	Cellvibrionales	Spongiibacteraceae	0.0000	0.0000	0.0000
Gilliamella	1193503	G	Bacteria	Pseudomonadati	Pseudomonadota	Gammaproteobacteria	Orbales	Orbaceae	0.0430	0.0650	0.0380
Orbus	743714	G	Bacteria	Pseudomonadati	Pseudomonadota	Gammaproteobacteria	Orbales	Orbaceae	0.0160	0.0070	0.0150
Frischella	1335631	G	Bacteria	Pseudomonadati	Pseudomonadota	Gammaproteobacteria	Orbales	Orbaceae	0.0060	0.0130	0.0090
Utexia	3373510	G	Bacteria	Pseudomonadati	Pseudomonadota	Gammaproteobacteria	Orbales	Orbaceae	0.0030	0.0000	0.0010
Zophobihabitans	2894762	G	Bacteria	Pseudomonadati	Pseudomonadota	Gammaproteobacteria	Orbales	Orbaceae	0.0010	0.0000	0.0000
Aeromonas	642	G	Bacteria	Pseudomonadati	Pseudomonadota	Gammaproteobacteria	Aeromonadales	Aeromonadaceae	0.0370	0.0260	0.0340
Oceanisphaera	225143	G	Bacteria	Pseudomonadati	Pseudomonadota	Gammaproteobacteria	Aeromonadales	Aeromonadaceae	0.0110	0.0180	0.0010
Zobellella	347533	G	Bacteria	Pseudomonadati	Pseudomonadota	Gammaproteobacteria	Aeromonadales	Aeromonadaceae	0.0030	0.0000	0.0010
Tolumonas	43947	G	Bacteria	Pseudomonadati	Pseudomonadota	Gammaproteobacteria	Aeromonadales	Aeromonadaceae	0.0020	0.0000	0.0000
Oceanimonas	129577	G	Bacteria	Pseudomonadati	Pseudomonadota	Gammaproteobacteria	Aeromonadales	Aeromonadaceae	0.0020	0.0000	0.0000
Pseudaeromonas	1929090	G	Bacteria	Pseudomonadati	Pseudomonadota	Gammaproteobacteria	Aeromonadales	Aeromonadaceae	0.0010	0.0000	0.0010
Dongshaea	2802288	G	Bacteria	Pseudomonadati	Pseudomonadota	Gammaproteobacteria	Aeromonadales	Aeromonadaceae	0.0010	0.0000	0.0010
Succinivibrio	83770	G	Bacteria	Pseudomonadati	Pseudomonadota	Gammaproteobacteria	Aeromonadales	Succinivibrionaceae	0.0100	0.0040	0.0050
Rheinheimera	67575	G	Bacteria	Pseudomonadati	Pseudomonadota	Gammaproteobacteria	Chromatiales	Chromatiaceae	0.0090	0.0150	0.0030
Nitrosococcus	1227	G	Bacteria	Pseudomonadati	Pseudomonadota	Gammaproteobacteria	Chromatiales	Chromatiaceae	0.0040	0.0010	0.0050
Candidatus Nitrosacidococcus	2796146	G	Bacteria	Pseudomonadati	Pseudomonadota	Gammaproteobacteria	Chromatiales	Chromatiaceae	0.0020	0.0000	0.0010
Caldichromatium	2828366	G	Bacteria	Pseudomonadati	Pseudomonadota	Gammaproteobacteria	Chromatiales	Chromatiaceae	0.0010	0.0000	0.0000
Thiorhodovibrio	61593	G	Bacteria	Pseudomonadati	Pseudomonadota	Gammaproteobacteria	Chromatiales	Chromatiaceae	0.0010	0.0000	0.0000
Thiocapsa	1056	G	Bacteria	Pseudomonadati	Pseudomonadota	Gammaproteobacteria	Chromatiales	Chromatiaceae	0.0010	0.0000	0.0000
Candidatus Nitrosoglobus	1980513	G	Bacteria	Pseudomonadati	Pseudomonadota	Gammaproteobacteria	Chromatiales	Chromatiaceae	0.0010	0.0000	0.0000
Thiodictyon	53392	G	Bacteria	Pseudomonadati	Pseudomonadota	Gammaproteobacteria	Chromatiales	Chromatiaceae	0.0000	0.0000	0.0000
Thiocystis	13724	G	Bacteria	Pseudomonadati	Pseudomonadota	Gammaproteobacteria	Chromatiales	Chromatiaceae	0.0000	0.0000	0.0000
Thermochromatium	85073	G	Bacteria	Pseudomonadati	Pseudomonadota	Gammaproteobacteria	Chromatiales	Chromatiaceae	0.0000	0.0010	0.0010
Allochromatium	85072	G	Bacteria	Pseudomonadati	Pseudomonadota	Gammaproteobacteria	Chromatiales	Chromatiaceae	0.0000	0.0000	0.0000
Marichromatium	85076	G	Bacteria	Pseudomonadati	Pseudomonadota	Gammaproteobacteria	Chromatiales	Chromatiaceae	0.0000	0.0000	0.0000
Acidihalobacter	1765964	G	Bacteria	Pseudomonadati	Pseudomonadota	Gammaproteobacteria	Chromatiales	Ectothiorhodospiraceae	0.0020	0.0000	0.0010
Spiribacter	1335745	G	Bacteria	Pseudomonadati	Pseudomonadota	Gammaproteobacteria	Chromatiales	Ectothiorhodospiraceae	0.0020	0.0000	0.0000
Halorhodospira	85108	G	Bacteria	Pseudomonadati	Pseudomonadota	Gammaproteobacteria	Chromatiales	Ectothiorhodospiraceae	0.0020	0.0000	0.0000
Ectothiorhodosinus	233099	G	Bacteria	Pseudomonadati	Pseudomonadota	Gammaproteobacteria	Chromatiales	Ectothiorhodospiraceae	0.0020	0.0000	0.0000
Aquisalimonas	406099	G	Bacteria	Pseudomonadati	Pseudomonadota	Gammaproteobacteria	Chromatiales	Ectothiorhodospiraceae	0.0010	0.0000	0.0000
Thioalkalivibrio	106633	G	Bacteria	Pseudomonadati	Pseudomonadota	Gammaproteobacteria	Chromatiales	Ectothiorhodospiraceae	0.0010	0.0000	0.0010
Sediminicurvatus	3383961	G	Bacteria	Pseudomonadati	Pseudomonadota	Gammaproteobacteria	Chromatiales	Ectothiorhodospiraceae	0.0010	0.0000	0.0000
Ectothiorhodospira	1051	G	Bacteria	Pseudomonadati	Pseudomonadota	Gammaproteobacteria	Chromatiales	Ectothiorhodospiraceae	0.0010	0.0000	0.0000
Alkalilimnicola	133193	G	Bacteria	Pseudomonadati	Pseudomonadota	Gammaproteobacteria	Chromatiales	Ectothiorhodospiraceae	0.0000	0.0000	0.0000
Candidatus Endoriftia	393764	G	Bacteria	Pseudomonadati	Pseudomonadota	Gammaproteobacteria	Chromatiales	Sedimenticolaceae	0.0040	0.0040	0.0020
Candidatus Thiodiazotropha	1913444	G	Bacteria	Pseudomonadati	Pseudomonadota	Gammaproteobacteria	Chromatiales	Sedimenticolaceae	0.0010	0.0010	0.0000
Sedimenticola	349742	G	Bacteria	Pseudomonadati	Pseudomonadota	Gammaproteobacteria	Chromatiales	Sedimenticolaceae	0.0010	0.0000	0.0000
Magnetovirga	3425870	G	Bacteria	Pseudomonadati	Pseudomonadota	Gammaproteobacteria	Chromatiales	Sedimenticolaceae	0.0000	0.0000	0.0000
Thiosocius	2780488	G	Bacteria	Pseudomonadati	Pseudomonadota	Gammaproteobacteria	Chromatiales	Sedimenticolaceae	0.0000	0.0000	0.0000
Thiolapillus	1608298	G	Bacteria	Pseudomonadati	Pseudomonadota	Gammaproteobacteria	Chromatiales	Sedimenticolaceae	0.0000	0.0000	0.0010
Halothiobacillus	109262	G	Bacteria	Pseudomonadati	Pseudomonadota	Gammaproteobacteria	Chromatiales	Halothiobacillaceae	0.0020	0.0000	0.0010
Granulosicoccus	437504	G	Bacteria	Pseudomonadati	Pseudomonadota	Gammaproteobacteria	Chromatiales	Granulosicoccaceae	0.0010	0.0000	0.0000
Sulfuriflexus	1860077	G	Bacteria	Pseudomonadati	Pseudomonadota	Gammaproteobacteria	Chromatiales	Granulosicoccaceae	0.0000	0.0000	0.0000
Wenzhouxiangella	1676142	G	Bacteria	Pseudomonadati	Pseudomonadota	Gammaproteobacteria	Chromatiales	Wenzhouxiangellaceae	0.0010	0.0000	0.0000
Guyparkeria	2035712	G	Bacteria	Pseudomonadati	Pseudomonadota	Gammaproteobacteria	Chromatiales	Thioalkalibacteraceae	0.0010	0.0000	0.0000
Methylomonas	416	G	Bacteria	Pseudomonadati	Pseudomonadota	Gammaproteobacteria	Methylococcales	Methylococcaceae	0.0120	0.0010	0.0040
Methylobacter	429	G	Bacteria	Pseudomonadati	Pseudomonadota	Gammaproteobacteria	Methylococcales	Methylococcaceae	0.0060	0.0060	0.0050
Methylocaldum	73778	G	Bacteria	Pseudomonadati	Pseudomonadota	Gammaproteobacteria	Methylococcales	Methylococcaceae	0.0050	0.0010	0.0020
Methylotuvimicrobium	2822410	G	Bacteria	Pseudomonadati	Pseudomonadota	Gammaproteobacteria	Methylococcales	Methylococcaceae	0.0040	0.0040	0.0020
Methylomagnum	1760987	G	Bacteria	Pseudomonadati	Pseudomonadota	Gammaproteobacteria	Methylococcales	Methylococcaceae	0.0030	0.0000	0.0000
Methylovulum	762296	G	Bacteria	Pseudomonadati	Pseudomonadota	Gammaproteobacteria	Methylococcales	Methylococcaceae	0.0030	0.0000	0.0010
Methylococcus	413	G	Bacteria	Pseudomonadati	Pseudomonadota	Gammaproteobacteria	Methylococcales	Methylococcaceae	0.0020	0.0000	0.0010
Methylomicrobium	39773	G	Bacteria	Pseudomonadati	Pseudomonadota	Gammaproteobacteria	Methylococcales	Methylococcaceae	0.0020	0.0000	0.0000
Methylomarinum	1221209	G	Bacteria	Pseudomonadati	Pseudomonadota	Gammaproteobacteria	Methylococcales	Methylococcaceae	0.0010	0.0000	0.0000
Methyloprofundus	1565313	G	Bacteria	Pseudomonadati	Pseudomonadota	Gammaproteobacteria	Methylococcales	Methylococcaceae	0.0010	0.0000	0.0000
Methylogaea	1295378	G	Bacteria	Pseudomonadati	Pseudomonadota	Gammaproteobacteria	Methylococcales	Methylococcaceae	0.0010	0.0000	0.0000
Candidatus Methylospira	1808977	G	Bacteria	Pseudomonadati	Pseudomonadota	Gammaproteobacteria	Methylococcales	Methylococcaceae	0.0000	0.0000	0.0010
Candidatus Methylocalor	3135206	G	Bacteria	Pseudomonadati	Pseudomonadota	Gammaproteobacteria	Methylococcales	Methylococcaceae	0.0000	0.0000	0.0000
Methylomarinovum	1486720	G	Bacteria	Pseudomonadati	Pseudomonadota	Gammaproteobacteria	Methylococcales	Methylothermaceae	0.0000	0.0000	0.0010
Candidatus Pseudothioglobus	2841677	G	Bacteria	Pseudomonadati	Pseudomonadota	Gammaproteobacteria		Candidatus Pseudothioglobaceae	0.0060	0.0050	0.0150
Candidatus Vesicomyidisocius	2732587	G	Bacteria	Pseudomonadati	Pseudomonadota	Gammaproteobacteria		Candidatus Pseudothioglobaceae	0.0010	0.0000	0.0000
Candidatus Thioglobus	655184	G	Bacteria	Pseudomonadati	Pseudomonadota	Gammaproteobacteria		Candidatus Pseudothioglobaceae	0.0010	0.0000	0.0010
Candidatus Ruthturnera	1541743	G	Bacteria	Pseudomonadati	Pseudomonadota	Gammaproteobacteria		Candidatus Pseudothioglobaceae	0.0010	0.0000	0.0010
Candidatus Thiodubiliella	2738885	G	Bacteria	Pseudomonadati	Pseudomonadota	Gammaproteobacteria		Candidatus Pseudothioglobaceae	0.0020	0.0000	0.0010
Candidatus Vondammii	2686004	G	Bacteria	Pseudomonadati	Pseudomonadota	Gammaproteobacteria			0.0010	0.0000	0.0000
Candidatus Palibaumannia	198346	G	Bacteria	Pseudomonadati	Pseudomonadota	Gammaproteobacteria			0.0020	0.0020	0.0000
Celerinatantimonas	412033	G	Bacteria	Pseudomonadati	Pseudomonadota	Gammaproteobacteria		Celerinatantimonadaceae	0.0020	0.0000	0.0000
Candidatus Reidiella	2738850	G	Bacteria	Pseudomonadati	Pseudomonadota	Gammaproteobacteria			0.0020	0.0000	0.0030
Candidatus Steffania	1076625	G	Bacteria	Pseudomonadati	Pseudomonadota	Gammaproteobacteria			0.0000	0.0000	0.0000
Kangiella	261963	G	Bacteria	Pseudomonadati	Pseudomonadota	Gammaproteobacteria	Kangiellales	Kangiellaceae	0.0110	0.0030	0.0060
Ignatzschineria	112008	G	Bacteria	Pseudomonadati	Pseudomonadota	Gammaproteobacteria	Cardiobacteriales	Ignatzschineriaceae	0.0040	0.0090	0.0010
Wohlfahrtiimonas	582472	G	Bacteria	Pseudomonadati	Pseudomonadota	Gammaproteobacteria	Cardiobacteriales	Ignatzschineriaceae	0.0020	0.0010	0.0020
Suttonella	13275	G	Bacteria	Pseudomonadati	Pseudomonadota	Gammaproteobacteria	Cardiobacteriales	Cardiobacteriaceae	0.0020	0.0000	0.0000
Dichelobacter	869	G	Bacteria	Pseudomonadati	Pseudomonadota	Gammaproteobacteria	Cardiobacteriales	Cardiobacteriaceae	0.0010	0.0000	0.0010
Cardiobacterium	2717	G	Bacteria	Pseudomonadati	Pseudomonadota	Gammaproteobacteria	Cardiobacteriales	Cardiobacteriaceae	0.0010	0.0000	0.0000
Sulfuricaulis	1744881	G	Bacteria	Pseudomonadati	Pseudomonadota	Gammaproteobacteria	Acidiferrobacterales	Acidiferrobacteraceae	0.0010	0.0000	0.0000
Acidiferrobacter	986106	G	Bacteria	Pseudomonadati	Pseudomonadota	Gammaproteobacteria	Acidiferrobacterales	Acidiferrobacteraceae	0.0000	0.0000	0.0000
Sulfurifustis	1692042	G	Bacteria	Pseudomonadati	Pseudomonadota	Gammaproteobacteria	Acidiferrobacterales	Acidiferrobacteraceae	0.0000	0.0000	0.0000
Sinimarinibacterium	1861863	G	Bacteria	Pseudomonadati	Pseudomonadota	Gammaproteobacteria	Nevskiales	Nevskiaceae	0.0010	0.0000	0.0000
Hydrocarboniphaga	243627	G	Bacteria	Pseudomonadati	Pseudomonadota	Gammaproteobacteria	Nevskiales	Nevskiaceae	0.0000	0.0000	0.0000
Nevskia	64001	G	Bacteria	Pseudomonadati	Pseudomonadota	Gammaproteobacteria	Nevskiales	Nevskiaceae	0.0000	0.0000	0.0000
Solimonas	413435	G	Bacteria	Pseudomonadati	Pseudomonadota	Gammaproteobacteria	Nevskiales	Nevskiaceae	0.0000	0.0000	0.0000
Algiphilus	1266053	G	Bacteria	Pseudomonadati	Pseudomonadota	Gammaproteobacteria	Nevskiales	Algiphilaceae	0.0020	0.0000	0.0010
Salinisphaera	180541	G	Bacteria	Pseudomonadati	Pseudomonadota	Gammaproteobacteria	Salinisphaerales	Salinisphaeraceae	0.0010	0.0000	0.0010
Woeseia	1738655	G	Bacteria	Pseudomonadati	Pseudomonadota	Gammaproteobacteria	Woeseiales	Woeseiaceae	0.0010	0.0000	0.0000
Candidatus Portiera	235572	G	Bacteria	Pseudomonadati	Pseudomonadota	Gammaproteobacteria	Candidatus Johnevansiales	Candidatus Johnevansiaceae	0.0010	0.0000	0.0000
Thiohalobacter	1273155	G	Bacteria	Pseudomonadati	Pseudomonadota	Gammaproteobacteria	Thiohalobacterales	Thiohalobacteraceae	0.0010	0.0000	0.0000
Immundisolibacter	1934947	G	Bacteria	Pseudomonadati	Pseudomonadota	Gammaproteobacteria	Immundisolibacterales	Immundisolibacteraceae	0.0010	0.0000	0.0000
Candidatus Comchoanobacter	2975286	G	Bacteria	Pseudomonadati	Pseudomonadota	Gammaproteobacteria	Candidatus Comchoanobacterales	Candidatus Comchoanobacteraceae	0.0000	0.0000	0.0000
Candidatus Spongiihabitans	3033996	G	Bacteria	Pseudomonadati	Pseudomonadota	Gammaproteobacteria	Arenicellales	Candidatus Poriferihabitaceae	0.0000	0.0000	0.0000
Candidatus Rariloculus ( ex Nguyen 2022)	2978114	G	Bacteria	Pseudomonadati	Pseudomonadota	Gammaproteobacteria	Candidatus Rariloculales	Candidatus Rariloculaceae	0.0000	0.0000	0.0000
Sulfurivermis	2034504	G	Bacteria	Pseudomonadati	Pseudomonadota	Gammaproteobacteria	Thiohalomonadales	Thiohalomonadaceae	0.0000	0.0000	0.0000
Steroidobacter	469322	G	Bacteria	Pseudomonadati	Pseudomonadota	Gammaproteobacteria	Steroidobacterales	Steroidobacteraceae	0.0000	0.0000	0.0000
Candidatus Foliamicus	3023563	G	Bacteria	Pseudomonadati	Pseudomonadota	Gammaproteobacteria	Candidatus Foliamicales	Candidatus Foliamicaceae	0.0000	0.0000	0.0000
Burkholderia	32008	G	Bacteria	Pseudomonadati	Pseudomonadota	Betaproteobacteria	Burkholderiales	Burkholderiaceae	0.3480	0.0090	0.0590
Paraburkholderia	1822464	G	Bacteria	Pseudomonadati	Pseudomonadota	Betaproteobacteria	Burkholderiales	Burkholderiaceae	0.0660	0.0030	0.0290
Polynucleobacter	44013	G	Bacteria	Pseudomonadati	Pseudomonadota	Betaproteobacteria	Burkholderiales	Burkholderiaceae	0.0450	0.0420	0.0450
Cupriavidus	106589	G	Bacteria	Pseudomonadati	Pseudomonadota	Betaproteobacteria	Burkholderiales	Burkholderiaceae	0.0180	0.0020	0.0080
Pandoraea	93217	G	Bacteria	Pseudomonadati	Pseudomonadota	Betaproteobacteria	Burkholderiales	Burkholderiaceae	0.0100	0.0010	0.0030
Ralstonia	48736	G	Bacteria	Pseudomonadati	Pseudomonadota	Betaproteobacteria	Burkholderiales	Burkholderiaceae	0.0080	0.0030	0.0080
Caballeronia	1827195	G	Bacteria	Pseudomonadati	Pseudomonadota	Betaproteobacteria	Burkholderiales	Burkholderiaceae	0.0040	0.0010	0.0020
Candidatus Vallotiella	2018044	G	Bacteria	Pseudomonadati	Pseudomonadota	Betaproteobacteria	Burkholderiales	Burkholderiaceae	0.0030	0.0000	0.0000
Limnobacter	131079	G	Bacteria	Pseudomonadati	Pseudomonadota	Betaproteobacteria	Burkholderiales	Burkholderiaceae	0.0030	0.0000	0.0000
Mycoavidus	1810868	G	Bacteria	Pseudomonadati	Pseudomonadota	Betaproteobacteria	Burkholderiales	Burkholderiaceae	0.0020	0.0000	0.0000
Robbsia	2038280	G	Bacteria	Pseudomonadati	Pseudomonadota	Betaproteobacteria	Burkholderiales	Burkholderiaceae	0.0020	0.0000	0.0010
Pararobbsia	2718863	G	Bacteria	Pseudomonadati	Pseudomonadota	Betaproteobacteria	Burkholderiales	Burkholderiaceae	0.0010	0.0000	0.0000
Ephemeroptericola	2680021	G	Bacteria	Pseudomonadati	Pseudomonadota	Betaproteobacteria	Burkholderiales	Burkholderiaceae	0.0010	0.0000	0.0000
Imbroritus	3422601	G	Bacteria	Pseudomonadati	Pseudomonadota	Betaproteobacteria	Burkholderiales	Burkholderiaceae	0.0010	0.0000	0.0010
Trinickia	2571160	G	Bacteria	Pseudomonadati	Pseudomonadota	Betaproteobacteria	Burkholderiales	Burkholderiaceae	0.0010	0.0000	0.0000
Mycetohabitans	2571159	G	Bacteria	Pseudomonadati	Pseudomonadota	Betaproteobacteria	Burkholderiales	Burkholderiaceae	0.0010	0.0000	0.0010
Lautropia	47670	G	Bacteria	Pseudomonadati	Pseudomonadota	Betaproteobacteria	Burkholderiales	Burkholderiaceae	0.0000	0.0000	0.0000
Variovorax	34072	G	Bacteria	Pseudomonadati	Pseudomonadota	Betaproteobacteria	Burkholderiales	Comamonadaceae	0.0130	0.0030	0.0070
Comamonas	283	G	Bacteria	Pseudomonadati	Pseudomonadota	Betaproteobacteria	Burkholderiales	Comamonadaceae	0.0140	0.0030	0.0090
Acidovorax	12916	G	Bacteria	Pseudomonadati	Pseudomonadota	Betaproteobacteria	Burkholderiales	Comamonadaceae	0.0110	0.0030	0.0050
Rhodoferax	28065	G	Bacteria	Pseudomonadati	Pseudomonadota	Betaproteobacteria	Burkholderiales	Comamonadaceae	0.0050	0.0010	0.0020
Hydrogenophaga	47420	G	Bacteria	Pseudomonadati	Pseudomonadota	Betaproteobacteria	Burkholderiales	Comamonadaceae	0.0050	0.0010	0.0030
Alicycliphilus	201096	G	Bacteria	Pseudomonadati	Pseudomonadota	Betaproteobacteria	Burkholderiales	Comamonadaceae	0.0060	0.0020	0.0110
Limnohabitans	665874	G	Bacteria	Pseudomonadati	Pseudomonadota	Betaproteobacteria	Burkholderiales	Comamonadaceae	0.0030	0.0000	0.0010
Ottowia	219181	G	Bacteria	Pseudomonadati	Pseudomonadota	Betaproteobacteria	Burkholderiales	Comamonadaceae	0.0030	0.0010	0.0040
Diaphorobacter	238749	G	Bacteria	Pseudomonadati	Pseudomonadota	Betaproteobacteria	Burkholderiales	Comamonadaceae	0.0060	0.0010	0.0030
Polaromonas	52972	G	Bacteria	Pseudomonadati	Pseudomonadota	Betaproteobacteria	Burkholderiales	Comamonadaceae	0.0020	0.0030	0.0010
Delftia	80865	G	Bacteria	Pseudomonadati	Pseudomonadota	Betaproteobacteria	Burkholderiales	Comamonadaceae	0.0050	0.0010	0.0020
Ramlibacter	174951	G	Bacteria	Pseudomonadati	Pseudomonadota	Betaproteobacteria	Burkholderiales	Comamonadaceae	0.0010	0.0000	0.0010
Paracidovorax	3051137	G	Bacteria	Pseudomonadati	Pseudomonadota	Betaproteobacteria	Burkholderiales	Comamonadaceae	0.0010	0.0000	0.0050
Candidatus Symbiobacter	1436289	G	Bacteria	Pseudomonadati	Pseudomonadota	Betaproteobacteria	Burkholderiales	Comamonadaceae	0.0000	0.0000	0.0000
Curvibacter	281915	G	Bacteria	Pseudomonadati	Pseudomonadota	Betaproteobacteria	Burkholderiales	Comamonadaceae	0.0000	0.0000	0.0000
Melaminivora	1649468	G	Bacteria	Pseudomonadati	Pseudomonadota	Betaproteobacteria	Burkholderiales	Comamonadaceae	0.0010	0.0000	0.0000
Serpentinimonas	2490452	G	Bacteria	Pseudomonadati	Pseudomonadota	Betaproteobacteria	Burkholderiales	Comamonadaceae	0.0000	0.0000	0.0000
Hylemonella	232523	G	Bacteria	Pseudomonadati	Pseudomonadota	Betaproteobacteria	Burkholderiales	Comamonadaceae	0.0000	0.0000	0.0000
Simplicispira	352450	G	Bacteria	Pseudomonadati	Pseudomonadota	Betaproteobacteria	Burkholderiales	Comamonadaceae	0.0000	0.0000	0.0000
Vandammella	2919468	G	Bacteria	Pseudomonadati	Pseudomonadota	Betaproteobacteria	Burkholderiales	Comamonadaceae	0.0000	0.0000	0.0000
Pulveribacter	2678886	G	Bacteria	Pseudomonadati	Pseudomonadota	Betaproteobacteria	Burkholderiales	Comamonadaceae	0.0000	0.0000	0.0000
Verminephrobacter	364316	G	Bacteria	Pseudomonadati	Pseudomonadota	Betaproteobacteria	Burkholderiales	Comamonadaceae	0.0000	0.0000	0.0000
Brachymonas	28219	G	Bacteria	Pseudomonadati	Pseudomonadota	Betaproteobacteria	Burkholderiales	Comamonadaceae	0.0000	0.0000	0.0000
Paenacidovorax	3051138	G	Bacteria	Pseudomonadati	Pseudomonadota	Betaproteobacteria	Burkholderiales	Comamonadaceae	0.0000	0.0000	0.0000
Herbaspirillum	963	G	Bacteria	Pseudomonadati	Pseudomonadota	Betaproteobacteria	Burkholderiales	Oxalobacteraceae	0.0230	0.0110	0.0100
Massilia	149698	G	Bacteria	Pseudomonadati	Pseudomonadota	Betaproteobacteria	Burkholderiales	Oxalobacteraceae	0.0090	0.0010	0.0060
Pseudoduganella	1522432	G	Bacteria	Pseudomonadati	Pseudomonadota	Betaproteobacteria	Burkholderiales	Oxalobacteraceae	0.0030	0.0010	0.0020
Duganella	75654	G	Bacteria	Pseudomonadati	Pseudomonadota	Betaproteobacteria	Burkholderiales	Oxalobacteraceae	0.0020	0.0000	0.0020
Rugamonas	212744	G	Bacteria	Pseudomonadati	Pseudomonadota	Betaproteobacteria	Burkholderiales	Oxalobacteraceae	0.0000	0.0000	0.0000
Telluria	34069	G	Bacteria	Pseudomonadati	Pseudomonadota	Betaproteobacteria	Burkholderiales	Oxalobacteraceae	0.0000	0.0000	0.0000
Undibacterium	401469	G	Bacteria	Pseudomonadati	Pseudomonadota	Betaproteobacteria	Burkholderiales	Oxalobacteraceae	0.0100	0.0100	0.0070
Janthinobacterium	29580	G	Bacteria	Pseudomonadati	Pseudomonadota	Betaproteobacteria	Burkholderiales	Oxalobacteraceae	0.0080	0.0010	0.0030
Oxalobacter	846	G	Bacteria	Pseudomonadati	Pseudomonadota	Betaproteobacteria	Burkholderiales	Oxalobacteraceae	0.0030	0.0010	0.0010
Collimonas	202907	G	Bacteria	Pseudomonadati	Pseudomonadota	Betaproteobacteria	Burkholderiales	Oxalobacteraceae	0.0020	0.0000	0.0010
Noviherbaspirillum	1344552	G	Bacteria	Pseudomonadati	Pseudomonadota	Betaproteobacteria	Burkholderiales	Oxalobacteraceae	0.0010	0.0000	0.0000
Candidatus Zinderia	884214	G	Bacteria	Pseudomonadati	Pseudomonadota	Betaproteobacteria	Burkholderiales	Oxalobacteraceae	0.0010	0.0010	0.0020
Herminiimonas	303379	G	Bacteria	Pseudomonadati	Pseudomonadota	Betaproteobacteria	Burkholderiales	Oxalobacteraceae	0.0010	0.0000	0.0000
Affinundibacterium	3078230	G	Bacteria	Pseudomonadati	Pseudomonadota	Betaproteobacteria	Burkholderiales	Oxalobacteraceae	0.0010	0.0000	0.0000
Neoundibacterium	3078232	G	Bacteria	Pseudomonadati	Pseudomonadota	Betaproteobacteria	Burkholderiales	Oxalobacteraceae	0.0000	0.0000	0.0010
Glaciimonas	1229970	G	Bacteria	Pseudomonadati	Pseudomonadota	Betaproteobacteria	Burkholderiales	Oxalobacteraceae	0.0000	0.0000	0.0000
Actimicrobium	1051898	G	Bacteria	Pseudomonadati	Pseudomonadota	Betaproteobacteria	Burkholderiales	Oxalobacteraceae	0.0000	0.0000	0.0000
Achromobacter	222	G	Bacteria	Pseudomonadati	Pseudomonadota	Betaproteobacteria	Burkholderiales	Alcaligenaceae	0.0180	0.0020	0.0070
Alcaligenes	507	G	Bacteria	Pseudomonadati	Pseudomonadota	Betaproteobacteria	Burkholderiales	Alcaligenaceae	0.0120	0.0010	0.0040
Bordetella	517	G	Bacteria	Pseudomonadati	Pseudomonadota	Betaproteobacteria	Burkholderiales	Alcaligenaceae	0.0110	0.0010	0.0060
Oligella	90243	G	Bacteria	Pseudomonadati	Pseudomonadota	Betaproteobacteria	Burkholderiales	Alcaligenaceae	0.0050	0.0010	0.0020
Taylorella	29574	G	Bacteria	Pseudomonadati	Pseudomonadota	Betaproteobacteria	Burkholderiales	Alcaligenaceae	0.0050	0.0050	0.0020
Castellaniella	359336	G	Bacteria	Pseudomonadati	Pseudomonadota	Betaproteobacteria	Burkholderiales	Alcaligenaceae	0.0040	0.0000	0.0010
Neopusillimonas	2987605	G	Bacteria	Pseudomonadati	Pseudomonadota	Betaproteobacteria	Burkholderiales	Alcaligenaceae	0.0050	0.0000	0.0010
Pelistega	106146	G	Bacteria	Pseudomonadati	Pseudomonadota	Betaproteobacteria	Burkholderiales	Alcaligenaceae	0.0030	0.0000	0.0010
Advenella	290425	G	Bacteria	Pseudomonadati	Pseudomonadota	Betaproteobacteria	Burkholderiales	Alcaligenaceae	0.0030	0.0000	0.0010
Orrella	1921582	G	Bacteria	Pseudomonadati	Pseudomonadota	Betaproteobacteria	Burkholderiales	Alcaligenaceae	0.0030	0.0010	0.0010
Paenalcaligenes	1100891	G	Bacteria	Pseudomonadati	Pseudomonadota	Betaproteobacteria	Burkholderiales	Alcaligenaceae	0.0020	0.0010	0.0010
Pigmentiphaga	152267	G	Bacteria	Pseudomonadati	Pseudomonadota	Betaproteobacteria	Burkholderiales	Alcaligenaceae	0.0010	0.0000	0.0010
Pollutimonas	2987599	G	Bacteria	Pseudomonadati	Pseudomonadota	Betaproteobacteria	Burkholderiales	Alcaligenaceae	0.0010	0.0000	0.0000
Ampullimonas	1920247	G	Bacteria	Pseudomonadati	Pseudomonadota	Betaproteobacteria	Burkholderiales	Alcaligenaceae	0.0010	0.0000	0.0000
Kerstersia	257820	G	Bacteria	Pseudomonadati	Pseudomonadota	Betaproteobacteria	Burkholderiales	Alcaligenaceae	0.0010	0.0000	0.0000
Basilea	1472344	G	Bacteria	Pseudomonadati	Pseudomonadota	Betaproteobacteria	Burkholderiales	Alcaligenaceae	0.0000	0.0010	0.0000
Parapusillimonas	1403714	G	Bacteria	Pseudomonadati	Pseudomonadota	Betaproteobacteria	Burkholderiales	Alcaligenaceae	0.0010	0.0000	0.0000
Paralcaligenes	1148163	G	Bacteria	Pseudomonadati	Pseudomonadota	Betaproteobacteria	Burkholderiales	Alcaligenaceae	0.0000	0.0000	0.0000
Pusillimonas	305976	G	Bacteria	Pseudomonadati	Pseudomonadota	Betaproteobacteria	Burkholderiales	Alcaligenaceae	0.0000	0.0000	0.0000
Roseateles	93681	G	Bacteria	Pseudomonadati	Pseudomonadota	Betaproteobacteria	Burkholderiales	Sphaerotilaceae	0.0040	0.0010	0.0040
Rubrivivax	28067	G	Bacteria	Pseudomonadati	Pseudomonadota	Betaproteobacteria	Burkholderiales	Sphaerotilaceae	0.0020	0.0000	0.0010
Piscinibacter	1114981	G	Bacteria	Pseudomonadati	Pseudomonadota	Betaproteobacteria	Burkholderiales	Sphaerotilaceae	0.0010	0.0010	0.0010
Inhella	644355	G	Bacteria	Pseudomonadati	Pseudomonadota	Betaproteobacteria	Burkholderiales	Sphaerotilaceae	0.0010	0.0000	0.0000
Sphaerotilus	34102	G	Bacteria	Pseudomonadati	Pseudomonadota	Betaproteobacteria	Burkholderiales	Sphaerotilaceae	0.0010	0.0000	0.0000
Methylibium	316612	G	Bacteria	Pseudomonadati	Pseudomonadota	Betaproteobacteria	Burkholderiales	Sphaerotilaceae	0.0010	0.0000	0.0010
Caldimonas	196013	G	Bacteria	Pseudomonadati	Pseudomonadota	Betaproteobacteria	Burkholderiales	Sphaerotilaceae	0.0010	0.0000	0.0000
Leptothrix	88	G	Bacteria	Pseudomonadati	Pseudomonadota	Betaproteobacteria	Burkholderiales	Sphaerotilaceae	0.0000	0.0000	0.0000
Aquincola	391952	G	Bacteria	Pseudomonadati	Pseudomonadota	Betaproteobacteria	Burkholderiales	Sphaerotilaceae	0.0000	0.0000	0.0000
Ideonella	36862	G	Bacteria	Pseudomonadati	Pseudomonadota	Betaproteobacteria	Burkholderiales	Sphaerotilaceae	0.0000	0.0000	0.0000
Sutterella	40544	G	Bacteria	Pseudomonadati	Pseudomonadota	Betaproteobacteria	Burkholderiales	Sutterellaceae	0.0030	0.0000	0.0000
Duodenibacillus	1980697	G	Bacteria	Pseudomonadati	Pseudomonadota	Betaproteobacteria	Burkholderiales	Sutterellaceae	0.0010	0.0000	0.0000
Turicimonas	1918598	G	Bacteria	Pseudomonadati	Pseudomonadota	Betaproteobacteria	Burkholderiales	Sutterellaceae	0.0010	0.0000	0.0000
Candidatus Ichthyocystis	2929841	G	Bacteria	Pseudomonadati	Pseudomonadota	Betaproteobacteria	Burkholderiales		0.0010	0.0030	0.0040
Thiomonas	32012	G	Bacteria	Pseudomonadati	Pseudomonadota	Betaproteobacteria	Burkholderiales		0.0010	0.0000	0.0000
Rhizobacter	212743	G	Bacteria	Pseudomonadati	Pseudomonadota	Betaproteobacteria	Burkholderiales		0.0000	0.0000	0.0010
Xylophilus	54066	G	Bacteria	Pseudomonadati	Pseudomonadota	Betaproteobacteria	Burkholderiales		0.0000	0.0000	0.0010
Tepidimonas	114248	G	Bacteria	Pseudomonadati	Pseudomonadota	Betaproteobacteria	Burkholderiales		0.0000	0.0000	0.0000
Aquabacterium	92793	G	Bacteria	Pseudomonadati	Pseudomonadota	Betaproteobacteria	Burkholderiales		0.0000	0.0000	0.0000
Eleftheria	1597779	G	Bacteria	Pseudomonadati	Pseudomonadota	Betaproteobacteria	Burkholderiales		0.0000	0.0000	0.0000
Piscinibacterium	2066914	G	Bacteria	Pseudomonadati	Pseudomonadota	Betaproteobacteria	Burkholderiales		0.0000	0.0000	0.0000
Snodgrassella	1193515	G	Bacteria	Pseudomonadati	Pseudomonadota	Betaproteobacteria	Neisseriales	Neisseriaceae	0.0210	0.0240	0.0220
Neisseria	482	G	Bacteria	Pseudomonadati	Pseudomonadota	Betaproteobacteria	Neisseriales	Neisseriaceae	0.0210	0.0070	0.0140
Kingella	32257	G	Bacteria	Pseudomonadati	Pseudomonadota	Betaproteobacteria	Neisseriales	Neisseriaceae	0.0030	0.0000	0.0010
Vitreoscilla	59	G	Bacteria	Pseudomonadati	Pseudomonadota	Betaproteobacteria	Neisseriales	Neisseriaceae	0.0020	0.0010	0.0020
Conchiformibius	334107	G	Bacteria	Pseudomonadati	Pseudomonadota	Betaproteobacteria	Neisseriales	Neisseriaceae	0.0020	0.0000	0.0000
Alysiella	194195	G	Bacteria	Pseudomonadati	Pseudomonadota	Betaproteobacteria	Neisseriales	Neisseriaceae	0.0020	0.0000	0.0000
Aquella	2593687	G	Bacteria	Pseudomonadati	Pseudomonadota	Betaproteobacteria	Neisseriales	Neisseriaceae	0.0010	0.0000	0.0010
Eikenella	538	G	Bacteria	Pseudomonadati	Pseudomonadota	Betaproteobacteria	Neisseriales	Neisseriaceae	0.0010	0.0010	0.0020
Simonsiella	71	G	Bacteria	Pseudomonadati	Pseudomonadota	Betaproteobacteria	Neisseriales	Neisseriaceae	0.0010	0.0000	0.0010
Wielerella	2944815	G	Bacteria	Pseudomonadati	Pseudomonadota	Betaproteobacteria	Neisseriales	Neisseriaceae	0.0010	0.0000	0.0000
Uruburuella	299568	G	Bacteria	Pseudomonadati	Pseudomonadota	Betaproteobacteria	Neisseriales	Neisseriaceae	0.0000	0.0000	0.0010
Morococcus	212742	G	Bacteria	Pseudomonadati	Pseudomonadota	Betaproteobacteria	Neisseriales	Neisseriaceae	0.0010	0.0000	0.0000
Paralysiella	2898489	G	Bacteria	Pseudomonadati	Pseudomonadota	Betaproteobacteria	Neisseriales	Neisseriaceae	0.0000	0.0000	0.0000
Iodobacter	32014	G	Bacteria	Pseudomonadati	Pseudomonadota	Betaproteobacteria	Neisseriales	Chitinibacteraceae	0.0050	0.0000	0.0010
Chitinibacter	230666	G	Bacteria	Pseudomonadati	Pseudomonadota	Betaproteobacteria	Neisseriales	Chitinibacteraceae	0.0050	0.0000	0.0010
Deefgea	400947	G	Bacteria	Pseudomonadati	Pseudomonadota	Betaproteobacteria	Neisseriales	Chitinibacteraceae	0.0020	0.0010	0.0010
Jeongeupia	885864	G	Bacteria	Pseudomonadati	Pseudomonadota	Betaproteobacteria	Neisseriales	Chitinibacteraceae	0.0010	0.0000	0.0000
Chitinimonas	240411	G	Bacteria	Pseudomonadati	Pseudomonadota	Betaproteobacteria	Neisseriales	Chitinibacteraceae	0.0010	0.0000	0.0010
Chitiniphilus	585890	G	Bacteria	Pseudomonadati	Pseudomonadota	Betaproteobacteria	Neisseriales	Chitinibacteraceae	0.0010	0.0000	0.0010
Silvimonas	300264	G	Bacteria	Pseudomonadati	Pseudomonadota	Betaproteobacteria	Neisseriales	Chitinibacteraceae	0.0010	0.0000	0.0020
Chitinirhabdus	3683957	G	Bacteria	Pseudomonadati	Pseudomonadota	Betaproteobacteria	Neisseriales	Chitinibacteraceae	0.0000	0.0000	0.0000
Chitinolyticbacter	1055692	G	Bacteria	Pseudomonadati	Pseudomonadota	Betaproteobacteria	Neisseriales	Chitinibacteraceae	0.0000	0.0000	0.0000
Chromobacterium	535	G	Bacteria	Pseudomonadati	Pseudomonadota	Betaproteobacteria	Neisseriales	Chromobacteriaceae	0.0050	0.0010	0.0020
Aquitalea	407217	G	Bacteria	Pseudomonadati	Pseudomonadota	Betaproteobacteria	Neisseriales	Chromobacteriaceae	0.0030	0.0000	0.0010
Paludibacterium	400060	G	Bacteria	Pseudomonadati	Pseudomonadota	Betaproteobacteria	Neisseriales	Chromobacteriaceae	0.0020	0.0000	0.0010
Vogesella	57739	G	Bacteria	Pseudomonadati	Pseudomonadota	Betaproteobacteria	Neisseriales	Chromobacteriaceae	0.0010	0.0000	0.0010
Pseudogulbenkiania	568394	G	Bacteria	Pseudomonadati	Pseudomonadota	Betaproteobacteria	Neisseriales	Chromobacteriaceae	0.0010	0.0000	0.0000
Aquaspirillum	187	G	Bacteria	Pseudomonadati	Pseudomonadota	Betaproteobacteria	Neisseriales	Aquaspirillaceae	0.0010	0.0000	0.0000
Microvirgula	57479	G	Bacteria	Pseudomonadati	Pseudomonadota	Betaproteobacteria	Neisseriales	Aquaspirillaceae	0.0010	0.0000	0.0000
Laribacter	168470	G	Bacteria	Pseudomonadati	Pseudomonadota	Betaproteobacteria	Neisseriales	Aquaspirillaceae	0.0000	0.0000	0.0000
Candidatus Methylopumilus	1679002	G	Bacteria	Pseudomonadati	Pseudomonadota	Betaproteobacteria	Nitrosomonadales	Methylophilaceae	0.0140	0.0200	0.0060
Methylophilus	16	G	Bacteria	Pseudomonadati	Pseudomonadota	Betaproteobacteria	Nitrosomonadales	Methylophilaceae	0.0030	0.0020	0.0010
Methylotenera	359407	G	Bacteria	Pseudomonadati	Pseudomonadota	Betaproteobacteria	Nitrosomonadales	Methylophilaceae	0.0020	0.0000	0.0010
Methyloradius	2872156	G	Bacteria	Pseudomonadati	Pseudomonadota	Betaproteobacteria	Nitrosomonadales	Methylophilaceae	0.0010	0.0000	0.0000
Methylovorus	81682	G	Bacteria	Pseudomonadati	Pseudomonadota	Betaproteobacteria	Nitrosomonadales	Methylophilaceae	0.0010	0.0000	0.0000
Methylobacillus	404	G	Bacteria	Pseudomonadati	Pseudomonadota	Betaproteobacteria	Nitrosomonadales	Methylophilaceae	0.0000	0.0000	0.0000
Nitrosomonas	914	G	Bacteria	Pseudomonadati	Pseudomonadota	Betaproteobacteria	Nitrosomonadales	Nitrosomonadaceae	0.0050	0.0020	0.0020
Nitrosospira	35798	G	Bacteria	Pseudomonadati	Pseudomonadota	Betaproteobacteria	Nitrosomonadales	Nitrosomonadaceae	0.0030	0.0010	0.0020
Denitratisoma	311181	G	Bacteria	Pseudomonadati	Pseudomonadota	Betaproteobacteria	Nitrosomonadales	Sterolibacteriaceae	0.0010	0.0000	0.0000
Rugosibacter	1914449	G	Bacteria	Pseudomonadati	Pseudomonadota	Betaproteobacteria	Nitrosomonadales	Sterolibacteriaceae	0.0010	0.0000	0.0000
Sulfuricystis	3050898	G	Bacteria	Pseudomonadati	Pseudomonadota	Betaproteobacteria	Nitrosomonadales	Sterolibacteriaceae	0.0010	0.0000	0.0000
Methyloversatilis	378210	G	Bacteria	Pseudomonadati	Pseudomonadota	Betaproteobacteria	Nitrosomonadales	Sterolibacteriaceae	0.0000	0.0000	0.0000
Sulfuritalea	1054211	G	Bacteria	Pseudomonadati	Pseudomonadota	Betaproteobacteria	Nitrosomonadales	Sterolibacteriaceae	0.0000	0.0000	0.0000
Sterolibacterium	157591	G	Bacteria	Pseudomonadati	Pseudomonadota	Betaproteobacteria	Nitrosomonadales	Sterolibacteriaceae	0.0000	0.0000	0.0000
Sulfuriferula	1778653	G	Bacteria	Pseudomonadati	Pseudomonadota	Betaproteobacteria	Nitrosomonadales	Sulfuricellaceae	0.0020	0.0000	0.0020
Sulfurimicrobium	2772198	G	Bacteria	Pseudomonadati	Pseudomonadota	Betaproteobacteria	Nitrosomonadales	Sulfuricellaceae	0.0010	0.0000	0.0000
Sulfuricella	935200	G	Bacteria	Pseudomonadati	Pseudomonadota	Betaproteobacteria	Nitrosomonadales	Sulfuricellaceae	0.0000	0.0000	0.0000
Candidatus Nitrotoga	453161	G	Bacteria	Pseudomonadati	Pseudomonadota	Betaproteobacteria	Nitrosomonadales	Gallionellaceae	0.0010	0.0000	0.0000
Ferrigenium	2249462	G	Bacteria	Pseudomonadati	Pseudomonadota	Betaproteobacteria	Nitrosomonadales	Gallionellaceae	0.0010	0.0000	0.0000
Sideroxydans	314343	G	Bacteria	Pseudomonadati	Pseudomonadota	Betaproteobacteria	Nitrosomonadales	Gallionellaceae	0.0000	0.0000	0.0000
Ferriphaselus	1443590	G	Bacteria	Pseudomonadati	Pseudomonadota	Betaproteobacteria	Nitrosomonadales	Gallionellaceae	0.0000	0.0000	0.0000
Sideroxyarcus	2943286	G	Bacteria	Pseudomonadati	Pseudomonadota	Betaproteobacteria	Nitrosomonadales	Gallionellaceae	0.0000	0.0000	0.0000
Gallionella	96	G	Bacteria	Pseudomonadati	Pseudomonadota	Betaproteobacteria	Nitrosomonadales	Gallionellaceae	0.0000	0.0000	0.0000
Thiobacillus	919	G	Bacteria	Pseudomonadati	Pseudomonadota	Betaproteobacteria	Nitrosomonadales	Thiobacillaceae	0.0010	0.0000	0.0010
Sulfuritortus	1938335	G	Bacteria	Pseudomonadati	Pseudomonadota	Betaproteobacteria	Nitrosomonadales	Thiobacillaceae	0.0000	0.0000	0.0000
Usitatibacter	2803845	G	Bacteria	Pseudomonadati	Pseudomonadota	Betaproteobacteria	Nitrosomonadales	Usitatibacteraceae	0.0000	0.0010	0.0000
Candidatus Kinetoplastidibacterium	33055	G	Bacteria	Pseudomonadati	Pseudomonadota	Betaproteobacteria			0.0170	0.0370	0.0130
Candidatus Vidania	1191175	G	Bacteria	Pseudomonadati	Pseudomonadota	Betaproteobacteria			0.0050	0.0010	0.0020
Casimicrobium	2706000	G	Bacteria	Pseudomonadati	Pseudomonadota	Betaproteobacteria		Casimicrobiaceae	0.0010	0.0000	0.0000
Candidatus Accumulibacter	327159	G	Bacteria	Pseudomonadati	Pseudomonadota	Betaproteobacteria			0.0010	0.0000	0.0000
Candidatus Profftella	1381133	G	Bacteria	Pseudomonadati	Pseudomonadota	Betaproteobacteria			0.0020	0.0000	0.0010
Chitinivorax	1433992	G	Bacteria	Pseudomonadati	Pseudomonadota	Betaproteobacteria			0.0000	0.0000	0.0000
Azoarcus	12960	G	Bacteria	Pseudomonadati	Pseudomonadota	Betaproteobacteria	Rhodocyclales	Zoogloeaceae	0.0030	0.0000	0.0010
Thauera	33057	G	Bacteria	Pseudomonadati	Pseudomonadota	Betaproteobacteria	Rhodocyclales	Zoogloeaceae	0.0020	0.0000	0.0010
Nitrogeniibacter	2891294	G	Bacteria	Pseudomonadati	Pseudomonadota	Betaproteobacteria	Rhodocyclales	Zoogloeaceae	0.0010	0.0000	0.0000
Pseudazoarcus	2891323	G	Bacteria	Pseudomonadati	Pseudomonadota	Betaproteobacteria	Rhodocyclales	Zoogloeaceae	0.0010	0.0000	0.0000
Parazoarcus	2891322	G	Bacteria	Pseudomonadati	Pseudomonadota	Betaproteobacteria	Rhodocyclales	Zoogloeaceae	0.0000	0.0000	0.0000
Pseudothauera	2891324	G	Bacteria	Pseudomonadati	Pseudomonadota	Betaproteobacteria	Rhodocyclales	Zoogloeaceae	0.0000	0.0000	0.0000
Azonexus	146936	G	Bacteria	Pseudomonadati	Pseudomonadota	Betaproteobacteria	Rhodocyclales	Azonexaceae	0.0030	0.0000	0.0000
Dechloromonas	73029	G	Bacteria	Pseudomonadati	Pseudomonadota	Betaproteobacteria	Rhodocyclales	Azonexaceae	0.0010	0.0000	0.0010
Quatrionicoccus	138117	G	Bacteria	Pseudomonadati	Pseudomonadota	Betaproteobacteria	Rhodocyclales	Azonexaceae	0.0010	0.0000	0.0000
Ferribacterium	88875	G	Bacteria	Pseudomonadati	Pseudomonadota	Betaproteobacteria	Rhodocyclales	Azonexaceae	0.0000	0.0000	0.0000
Azospira	146937	G	Bacteria	Pseudomonadati	Pseudomonadota	Betaproteobacteria	Rhodocyclales	Rhodocyclaceae	0.0030	0.0000	0.0010
Niveibacterium	1769726	G	Bacteria	Pseudomonadati	Pseudomonadota	Betaproteobacteria	Rhodocyclales	Rhodocyclaceae	0.0010	0.0000	0.0000
Aromatoleum	551759	G	Bacteria	Pseudomonadati	Pseudomonadota	Betaproteobacteria	Rhodocyclales	Rhodocyclaceae	0.0000	0.0000	0.0010
Fluviibacter	2808942	G	Bacteria	Pseudomonadati	Pseudomonadota	Betaproteobacteria	Rhodocyclales	Fluviibacteraceae	0.0010	0.0010	0.0000
Ferrovum	416212	G	Bacteria	Pseudomonadati	Pseudomonadota	Betaproteobacteria	Ferrovales	Ferrovaceae	0.0000	0.0000	0.0000
Acidithiobacillus	119977	G	Bacteria	Pseudomonadati	Pseudomonadota	Acidithiobacillia	Acidithiobacillales	Acidithiobacillaceae	0.0100	0.0010	0.0040
Mariprofundus	377315	G	Bacteria	Pseudomonadati	Pseudomonadota	Candidatius Mariprofundia	Mariprofundales	Mariprofundaceae	0.0010	0.0000	0.0010
Magnetococcus	162171	G	Bacteria	Pseudomonadati	Pseudomonadota	Magnetococcia	Magnetococcales	Magnetococcaceae	0.0010	0.0000	0.0000
Hydrogenophilus	70774	G	Bacteria	Pseudomonadati	Pseudomonadota	Hydrogenophilia	Hydrogenophilales	Hydrogenophilaceae	0.0000	0.0000	0.0010
Flavobacterium	237	G	Bacteria	Pseudomonadati	Bacteroidota	Flavobacteriia	Flavobacteriales	Flavobacteriaceae	0.2760	0.4780	0.3560
Tenacibaculum	104267	G	Bacteria	Pseudomonadati	Bacteroidota	Flavobacteriia	Flavobacteriales	Flavobacteriaceae	0.0810	0.1220	0.0810
Polaribacter	52959	G	Bacteria	Pseudomonadati	Bacteroidota	Flavobacteriia	Flavobacteriales	Flavobacteriaceae	0.0630	0.1360	0.0830
Capnocytophaga	1016	G	Bacteria	Pseudomonadati	Bacteroidota	Flavobacteriia	Flavobacteriales	Flavobacteriaceae	0.0300	0.0460	0.0690
Nonlabens	363408	G	Bacteria	Pseudomonadati	Bacteroidota	Flavobacteriia	Flavobacteriales	Flavobacteriaceae	0.0300	0.0250	0.0180
Winogradskyella	286104	G	Bacteria	Pseudomonadati	Bacteroidota	Flavobacteriia	Flavobacteriales	Flavobacteriaceae	0.0280	0.0370	0.0300
Flagellimonas	444459	G	Bacteria	Pseudomonadati	Bacteroidota	Flavobacteriia	Flavobacteriales	Flavobacteriaceae	0.0270	0.0400	0.0190
Maribacter	252356	G	Bacteria	Pseudomonadati	Bacteroidota	Flavobacteriia	Flavobacteriales	Flavobacteriaceae	0.0240	0.0180	0.0240
Antarcticibacterium	2058174	G	Bacteria	Pseudomonadati	Bacteroidota	Flavobacteriia	Flavobacteriales	Flavobacteriaceae	0.0260	0.0280	0.0140
Aquimarina	290174	G	Bacteria	Pseudomonadati	Bacteroidota	Flavobacteriia	Flavobacteriales	Flavobacteriaceae	0.0200	0.0310	0.0200
Lutibacter	358023	G	Bacteria	Pseudomonadati	Bacteroidota	Flavobacteriia	Flavobacteriales	Flavobacteriaceae	0.0190	0.0280	0.0180
Lacinutrix	291183	G	Bacteria	Pseudomonadati	Bacteroidota	Flavobacteriia	Flavobacteriales	Flavobacteriaceae	0.0210	0.0360	0.0300
Myroides	76831	G	Bacteria	Pseudomonadati	Bacteroidota	Flavobacteriia	Flavobacteriales	Flavobacteriaceae	0.0170	0.0330	0.0080
Formosa	225842	G	Bacteria	Pseudomonadati	Bacteroidota	Flavobacteriia	Flavobacteriales	Flavobacteriaceae	0.0130	0.0400	0.0110
Algibacter	261827	G	Bacteria	Pseudomonadati	Bacteroidota	Flavobacteriia	Flavobacteriales	Flavobacteriaceae	0.0120	0.0110	0.0050
Cellulophaga	104264	G	Bacteria	Pseudomonadati	Bacteroidota	Flavobacteriia	Flavobacteriales	Flavobacteriaceae	0.0100	0.0080	0.0080
Zunongwangia	417127	G	Bacteria	Pseudomonadati	Bacteroidota	Flavobacteriia	Flavobacteriales	Flavobacteriaceae	0.0100	0.0120	0.0240
Leeuwenhoekiella	283735	G	Bacteria	Pseudomonadati	Bacteroidota	Flavobacteriia	Flavobacteriales	Flavobacteriaceae	0.0110	0.0020	0.0060
Bizionia	283785	G	Bacteria	Pseudomonadati	Bacteroidota	Flavobacteriia	Flavobacteriales	Flavobacteriaceae	0.0090	0.0060	0.0150
Dokdonia	326319	G	Bacteria	Pseudomonadati	Bacteroidota	Flavobacteriia	Flavobacteriales	Flavobacteriaceae	0.0070	0.0060	0.0410
Christiangramia	292691	G	Bacteria	Pseudomonadati	Bacteroidota	Flavobacteriia	Flavobacteriales	Flavobacteriaceae	0.0070	0.0060	0.0130
Aequorivita	153265	G	Bacteria	Pseudomonadati	Bacteroidota	Flavobacteriia	Flavobacteriales	Flavobacteriaceae	0.0060	0.0020	0.0040
Yeosuana	288018	G	Bacteria	Pseudomonadati	Bacteroidota	Flavobacteriia	Flavobacteriales	Flavobacteriaceae	0.0070	0.0000	0.0050
Wenyingzhuangia	1518147	G	Bacteria	Pseudomonadati	Bacteroidota	Flavobacteriia	Flavobacteriales	Flavobacteriaceae	0.0060	0.0020	0.0090
Kordia	221065	G	Bacteria	Pseudomonadati	Bacteroidota	Flavobacteriia	Flavobacteriales	Flavobacteriaceae	0.0060	0.0050	0.0080
Aegicerativicinus	2893197	G	Bacteria	Pseudomonadati	Bacteroidota	Flavobacteriia	Flavobacteriales	Flavobacteriaceae	0.0050	0.0130	0.0070
Arenibacter	178469	G	Bacteria	Pseudomonadati	Bacteroidota	Flavobacteriia	Flavobacteriales	Flavobacteriaceae	0.0060	0.0050	0.0010
Pontimicrobium	2918913	G	Bacteria	Pseudomonadati	Bacteroidota	Flavobacteriia	Flavobacteriales	Flavobacteriaceae	0.0050	0.0080	0.0020
Marixanthomonas	387658	G	Bacteria	Pseudomonadati	Bacteroidota	Flavobacteriia	Flavobacteriales	Flavobacteriaceae	0.0050	0.0100	0.0170
Hwangdonia	1649460	G	Bacteria	Pseudomonadati	Bacteroidota	Flavobacteriia	Flavobacteriales	Flavobacteriaceae	0.0050	0.0020	0.0050
Olleya	336276	G	Bacteria	Pseudomonadati	Bacteroidota	Flavobacteriia	Flavobacteriales	Flavobacteriaceae	0.0060	0.0020	0.0040
Psychroflexus	83612	G	Bacteria	Pseudomonadati	Bacteroidota	Flavobacteriia	Flavobacteriales	Flavobacteriaceae	0.0040	0.0020	0.0060
Thalassobellus	3400333	G	Bacteria	Pseudomonadati	Bacteroidota	Flavobacteriia	Flavobacteriales	Flavobacteriaceae	0.0040	0.0020	0.0010
Mariniflexile	527198	G	Bacteria	Pseudomonadati	Bacteroidota	Flavobacteriia	Flavobacteriales	Flavobacteriaceae	0.0040	0.0050	0.0040
Allomuricauda	111500	G	Bacteria	Pseudomonadati	Bacteroidota	Flavobacteriia	Flavobacteriales	Flavobacteriaceae	0.0040	0.0010	0.0020
Flavivirga	1209327	G	Bacteria	Pseudomonadati	Bacteroidota	Flavobacteriia	Flavobacteriales	Flavobacteriaceae	0.0030	0.0080	0.0040
Candidatus Marifrigoribacter	3457289	G	Bacteria	Pseudomonadati	Bacteroidota	Flavobacteriia	Flavobacteriales	Flavobacteriaceae	0.0030	0.0020	0.0020
Galbibacter	379068	G	Bacteria	Pseudomonadati	Bacteroidota	Flavobacteriia	Flavobacteriales	Flavobacteriaceae	0.0040	0.0040	0.0060
Aestuariibaculum	1386924	G	Bacteria	Pseudomonadati	Bacteroidota	Flavobacteriia	Flavobacteriales	Flavobacteriaceae	0.0030	0.0000	0.0000
Abyssalbus	2967089	G	Bacteria	Pseudomonadati	Bacteroidota	Flavobacteriia	Flavobacteriales	Flavobacteriaceae	0.0030	0.0080	0.0070
Salegentibacter	143222	G	Bacteria	Pseudomonadati	Bacteroidota	Flavobacteriia	Flavobacteriales	Flavobacteriaceae	0.0040	0.0210	0.0190
Allotamlana	3400365	G	Bacteria	Pseudomonadati	Bacteroidota	Flavobacteriia	Flavobacteriales	Flavobacteriaceae	0.0020	0.0030	0.0000
Salinimicrobium	561367	G	Bacteria	Pseudomonadati	Bacteroidota	Flavobacteriia	Flavobacteriales	Flavobacteriaceae	0.0020	0.0000	0.0000
Vaginella	1935184	G	Bacteria	Pseudomonadati	Bacteroidota	Flavobacteriia	Flavobacteriales	Flavobacteriaceae	0.0040	0.0000	0.0010
Seonamhaeicola	1649495	G	Bacteria	Pseudomonadati	Bacteroidota	Flavobacteriia	Flavobacteriales	Flavobacteriaceae	0.0020	0.0160	0.0060
Zobellia	112040	G	Bacteria	Pseudomonadati	Bacteroidota	Flavobacteriia	Flavobacteriales	Flavobacteriaceae	0.0020	0.0020	0.0080
Mangrovimonas	1211036	G	Bacteria	Pseudomonadati	Bacteroidota	Flavobacteriia	Flavobacteriales	Flavobacteriaceae	0.0020	0.0010	0.0010
Paenimyroides	3085669	G	Bacteria	Pseudomonadati	Bacteroidota	Flavobacteriia	Flavobacteriales	Flavobacteriaceae	0.0060	0.0110	0.0180
Mesoflavibacter	444051	G	Bacteria	Pseudomonadati	Bacteroidota	Flavobacteriia	Flavobacteriales	Flavobacteriaceae	0.0020	0.0050	0.0010
Zhouia	561555	G	Bacteria	Pseudomonadati	Bacteroidota	Flavobacteriia	Flavobacteriales	Flavobacteriaceae	0.0020	0.0080	0.0030
Pseudalgibacter	2861660	G	Bacteria	Pseudomonadati	Bacteroidota	Flavobacteriia	Flavobacteriales	Flavobacteriaceae	0.0020	0.0050	0.0030
Psychroserpens	49277	G	Bacteria	Pseudomonadati	Bacteroidota	Flavobacteriia	Flavobacteriales	Flavobacteriaceae	0.0020	0.0020	0.0010
Urechidicola	2700084	G	Bacteria	Pseudomonadati	Bacteroidota	Flavobacteriia	Flavobacteriales	Flavobacteriaceae	0.0020	0.0020	0.0010
Patiriisocius	2822394	G	Bacteria	Pseudomonadati	Bacteroidota	Flavobacteriia	Flavobacteriales	Flavobacteriaceae	0.0010	0.0030	0.0010
Robiginitalea	252306	G	Bacteria	Pseudomonadati	Bacteroidota	Flavobacteriia	Flavobacteriales	Flavobacteriaceae	0.0010	0.0000	0.0010
Sediminicola	389486	G	Bacteria	Pseudomonadati	Bacteroidota	Flavobacteriia	Flavobacteriales	Flavobacteriaceae	0.0010	0.0010	0.0030
Tamlana	393005	G	Bacteria	Pseudomonadati	Bacteroidota	Flavobacteriia	Flavobacteriales	Flavobacteriaceae	0.0020	0.0010	0.0040
Ulvibacterium	2665910	G	Bacteria	Pseudomonadati	Bacteroidota	Flavobacteriia	Flavobacteriales	Flavobacteriaceae	0.0010	0.0000	0.0000
Muriicola	762641	G	Bacteria	Pseudomonadati	Bacteroidota	Flavobacteriia	Flavobacteriales	Flavobacteriaceae	0.0010	0.0000	0.0000
Aureibaculum	2706948	G	Bacteria	Pseudomonadati	Bacteroidota	Flavobacteriia	Flavobacteriales	Flavobacteriaceae	0.0010	0.0050	0.0020
Rasiella	2987594	G	Bacteria	Pseudomonadati	Bacteroidota	Flavobacteriia	Flavobacteriales	Flavobacteriaceae	0.0010	0.0000	0.0010
Euzebyella	1287916	G	Bacteria	Pseudomonadati	Bacteroidota	Flavobacteriia	Flavobacteriales	Flavobacteriaceae	0.0010	0.0000	0.0000
Constantimarinum	2907134	G	Bacteria	Pseudomonadati	Bacteroidota	Flavobacteriia	Flavobacteriales	Flavobacteriaceae	0.0010	0.0000	0.0000
Changchengzhania	2049301	G	Bacteria	Pseudomonadati	Bacteroidota	Flavobacteriia	Flavobacteriales	Flavobacteriaceae	0.0010	0.0000	0.0000
Croceibacter	216431	G	Bacteria	Pseudomonadati	Bacteroidota	Flavobacteriia	Flavobacteriales	Flavobacteriaceae	0.0010	0.0000	0.0000
Gillisia	244698	G	Bacteria	Pseudomonadati	Bacteroidota	Flavobacteriia	Flavobacteriales	Flavobacteriaceae	0.0010	0.0000	0.0010
Aggregatimonas	2913017	G	Bacteria	Pseudomonadati	Bacteroidota	Flavobacteriia	Flavobacteriales	Flavobacteriaceae	0.0010	0.0000	0.0000
Costertonia	343334	G	Bacteria	Pseudomonadati	Bacteroidota	Flavobacteriia	Flavobacteriales	Flavobacteriaceae	0.0010	0.0040	0.0020
Flaviramulus	369400	G	Bacteria	Pseudomonadati	Bacteroidota	Flavobacteriia	Flavobacteriales	Flavobacteriaceae	0.0000	0.0010	0.0000
Imtechella	1165076	G	Bacteria	Pseudomonadati	Bacteroidota	Flavobacteriia	Flavobacteriales	Flavobacteriaceae	0.0000	0.0000	0.0020
Daejeonia	2027867	G	Bacteria	Pseudomonadati	Bacteroidota	Flavobacteriia	Flavobacteriales	Flavobacteriaceae	0.0010	0.0000	0.0000
Gilvibacter	379070	G	Bacteria	Pseudomonadati	Bacteroidota	Flavobacteriia	Flavobacteriales	Flavobacteriaceae	0.0000	0.0000	0.0010
Sinomicrobium	1434045	G	Bacteria	Pseudomonadati	Bacteroidota	Flavobacteriia	Flavobacteriales	Flavobacteriaceae	0.0000	0.0000	0.0000
Pseudotamlana	3400368	G	Bacteria	Pseudomonadati	Bacteroidota	Flavobacteriia	Flavobacteriales	Flavobacteriaceae	0.0010	0.0010	0.0000
Siansivirga	1204360	G	Bacteria	Pseudomonadati	Bacteroidota	Flavobacteriia	Flavobacteriales	Flavobacteriaceae	0.0000	0.0010	0.0010
Oceanihabitans	2045416	G	Bacteria	Pseudomonadati	Bacteroidota	Flavobacteriia	Flavobacteriales	Flavobacteriaceae	0.0000	0.0060	0.0030
Croceiramulus	3568316	G	Bacteria	Pseudomonadati	Bacteroidota	Flavobacteriia	Flavobacteriales	Flavobacteriaceae	0.0000	0.0000	0.0000
Candidatus Arcticimaribacter	2953860	G	Bacteria	Pseudomonadati	Bacteroidota	Flavobacteriia	Flavobacteriales	Flavobacteriaceae	0.0000	0.0000	0.0000
Lutimonas	449810	G	Bacteria	Pseudomonadati	Bacteroidota	Flavobacteriia	Flavobacteriales	Flavobacteriaceae	0.0000	0.0000	0.0000
Amniculibacterium	2715289	G	Bacteria	Pseudomonadati	Bacteroidota	Flavobacteriia	Flavobacteriales	Flavobacteriaceae	0.0000	0.0050	0.0000
Pukyongia	2831916	G	Bacteria	Pseudomonadati	Bacteroidota	Flavobacteriia	Flavobacteriales	Flavobacteriaceae	0.0000	0.0000	0.0000
Chryseobacterium	59732	G	Bacteria	Pseudomonadati	Bacteroidota	Flavobacteriia	Flavobacteriales	Weeksellaceae	0.0970	0.1360	0.1200
Kaistella	2782231	G	Bacteria	Pseudomonadati	Bacteroidota	Flavobacteriia	Flavobacteriales	Weeksellaceae	0.0100	0.0080	0.0170
Epilithonimonas	2782229	G	Bacteria	Pseudomonadati	Bacteroidota	Flavobacteriia	Flavobacteriales	Weeksellaceae	0.0040	0.0020	0.0140
Empedobacter	59734	G	Bacteria	Pseudomonadati	Bacteroidota	Flavobacteriia	Flavobacteriales	Weeksellaceae	0.0180	0.0340	0.0170
Apibacter	1778601	G	Bacteria	Pseudomonadati	Bacteroidota	Flavobacteriia	Flavobacteriales	Weeksellaceae	0.0110	0.0070	0.0080
Elizabethkingia	308865	G	Bacteria	Pseudomonadati	Bacteroidota	Flavobacteriia	Flavobacteriales	Weeksellaceae	0.0090	0.0150	0.0210
Faecalibacter	2766734	G	Bacteria	Pseudomonadati	Bacteroidota	Flavobacteriia	Flavobacteriales	Weeksellaceae	0.0050	0.0080	0.0110
Cloacibacterium	501783	G	Bacteria	Pseudomonadati	Bacteroidota	Flavobacteriia	Flavobacteriales	Weeksellaceae	0.0030	0.0030	0.0080
Riemerella	34084	G	Bacteria	Pseudomonadati	Bacteroidota	Flavobacteriia	Flavobacteriales	Weeksellaceae	0.0030	0.0010	0.0050
Cruoricaptor	1433995	G	Bacteria	Pseudomonadati	Bacteroidota	Flavobacteriia	Flavobacteriales	Weeksellaceae	0.0010	0.0000	0.0000
Weeksella	1013	G	Bacteria	Pseudomonadati	Bacteroidota	Flavobacteriia	Flavobacteriales	Weeksellaceae	0.0010	0.0120	0.0000
Bergeyella	59735	G	Bacteria	Pseudomonadati	Bacteroidota	Flavobacteriia	Flavobacteriales	Weeksellaceae	0.0000	0.0000	0.0010
Marnyiella	3088764	G	Bacteria	Pseudomonadati	Bacteroidota	Flavobacteriia	Flavobacteriales	Weeksellaceae	0.0000	0.0000	0.0000
Ornithobacterium	28250	G	Bacteria	Pseudomonadati	Bacteroidota	Flavobacteriia	Flavobacteriales	Weeksellaceae	0.0000	0.0000	0.0010
Blattabacterium	34098	G	Bacteria	Pseudomonadati	Bacteroidota	Flavobacteriia	Flavobacteriales	Blattabacteriaceae	0.0220	0.0470	0.0440
Candidatus Karelsulcia	336809	G	Bacteria	Pseudomonadati	Bacteroidota	Flavobacteriia	Flavobacteriales		0.0100	0.0180	0.0020
Candidatus Walczuchella	1940138	G	Bacteria	Pseudomonadati	Bacteroidota	Flavobacteriia	Flavobacteriales		0.0000	0.0000	0.0000
Candidatus Shikimatogenerans	2926991	G	Bacteria	Pseudomonadati	Bacteroidota	Flavobacteriia	Flavobacteriales		0.0000	0.0000	0.0000
Fluviicola	332102	G	Bacteria	Pseudomonadati	Bacteroidota	Flavobacteriia	Flavobacteriales	Crocinitomicaceae	0.0030	0.0000	0.0010
Paracrocinitomix	3024544	G	Bacteria	Pseudomonadati	Bacteroidota	Flavobacteriia	Flavobacteriales	Crocinitomicaceae	0.0000	0.0000	0.0010
Croceimicrobium	2828338	G	Bacteria	Pseudomonadati	Bacteroidota	Flavobacteriia	Flavobacteriales	Owenweeksiaceae	0.0010	0.0000	0.0000
Owenweeksia	267986	G	Bacteria	Pseudomonadati	Bacteroidota	Flavobacteriia	Flavobacteriales	Owenweeksiaceae	0.0010	0.0000	0.0000
Sanyastnella	3228946	G	Bacteria	Pseudomonadati	Bacteroidota	Flavobacteriia	Flavobacteriales	Sanyastnellaceae	0.0010	0.0000	0.0010
Parvicella	2975260	G	Bacteria	Pseudomonadati	Bacteroidota	Flavobacteriia	Flavobacteriales	Parvicellaceae	0.0010	0.0000	0.0000
Ichthyobacterium	1755829	G	Bacteria	Pseudomonadati	Bacteroidota	Flavobacteriia	Flavobacteriales	Ichthyobacteriaceae	0.0010	0.0000	0.0000
Pedobacter	84567	G	Bacteria	Pseudomonadati	Bacteroidota	Sphingobacteriia	Sphingobacteriales	Sphingobacteriaceae	0.0770	0.0740	0.0680
Sphingobacterium	28453	G	Bacteria	Pseudomonadati	Bacteroidota	Sphingobacteriia	Sphingobacteriales	Sphingobacteriaceae	0.0770	0.1080	0.0920
Mucilaginibacter	423349	G	Bacteria	Pseudomonadati	Bacteroidota	Sphingobacteriia	Sphingobacteriales	Sphingobacteriaceae	0.0640	0.0480	0.0550
Solitalea	929509	G	Bacteria	Pseudomonadati	Bacteroidota	Sphingobacteriia	Sphingobacteriales	Sphingobacteriaceae	0.0120	0.0200	0.0130
Olivibacter	376469	G	Bacteria	Pseudomonadati	Bacteroidota	Sphingobacteriia	Sphingobacteriales	Sphingobacteriaceae	0.0030	0.0090	0.0130
Arcticibacter	1288026	G	Bacteria	Pseudomonadati	Bacteroidota	Sphingobacteriia	Sphingobacteriales	Sphingobacteriaceae	0.0010	0.0010	0.0020
Anseongella	1773450	G	Bacteria	Pseudomonadati	Bacteroidota	Sphingobacteriia	Sphingobacteriales	Sphingobacteriaceae	0.0010	0.0000	0.0000
Pseudopedobacter	1649482	G	Bacteria	Pseudomonadati	Bacteroidota	Sphingobacteriia	Sphingobacteriales	Sphingobacteriaceae	0.0010	0.0000	0.0000
Aurantibacillus	3088889	G	Bacteria	Pseudomonadati	Bacteroidota	Sphingobacteriia	Sphingobacteriales	Aurantibacillaceae	0.0000	0.0000	0.0000
Adhaeribacter	299566	G	Bacteria	Pseudomonadati	Bacteroidota	Cytophagia	Cytophagales	Hymenobacteraceae	0.0120	0.0120	0.0100
Hymenobacter	89966	G	Bacteria	Pseudomonadati	Bacteroidota	Cytophagia	Cytophagales	Hymenobacteraceae	0.0100	0.0030	0.0080
Pontibacter	323449	G	Bacteria	Pseudomonadati	Bacteroidota	Cytophagia	Cytophagales	Hymenobacteraceae	0.0050	0.0020	0.0010
Nibribacter	1649474	G	Bacteria	Pseudomonadati	Bacteroidota	Cytophagia	Cytophagales	Hymenobacteraceae	0.0020	0.0000	0.0000
Rufibacter	1379908	G	Bacteria	Pseudomonadati	Bacteroidota	Cytophagia	Cytophagales	Hymenobacteraceae	0.0010	0.0000	0.0000
Flammeovirga	59739	G	Bacteria	Pseudomonadati	Bacteroidota	Cytophagia	Cytophagales	Flammeovirgaceae	0.0220	0.0470	0.0300
Imperialibacter	1649461	G	Bacteria	Pseudomonadati	Bacteroidota	Cytophagia	Cytophagales	Flammeovirgaceae	0.0020	0.0000	0.0010
Chondrinema	3051458	G	Bacteria	Pseudomonadati	Bacteroidota	Cytophagia	Cytophagales	Flammeovirgaceae	0.0010	0.0060	0.0010
Dyadobacter	120831	G	Bacteria	Pseudomonadati	Bacteroidota	Cytophagia	Cytophagales	Spirosomataceae	0.0110	0.0080	0.0070
Runella	105	G	Bacteria	Pseudomonadati	Bacteroidota	Cytophagia	Cytophagales	Spirosomataceae	0.0040	0.0000	0.0010
Larkinella	332157	G	Bacteria	Pseudomonadati	Bacteroidota	Cytophagia	Cytophagales	Spirosomataceae	0.0030	0.0050	0.0120
Fibrella	861914	G	Bacteria	Pseudomonadati	Bacteroidota	Cytophagia	Cytophagales	Spirosomataceae	0.0000	0.0000	0.0000
Algoriphagus	246875	G	Bacteria	Pseudomonadati	Bacteroidota	Cytophagia	Cytophagales	Cyclobacteriaceae	0.0060	0.0090	0.0080
Cyclobacterium	68288	G	Bacteria	Pseudomonadati	Bacteroidota	Cytophagia	Cytophagales	Cyclobacteriaceae	0.0050	0.0010	0.0020
Echinicola	390846	G	Bacteria	Pseudomonadati	Bacteroidota	Cytophagia	Cytophagales	Cyclobacteriaceae	0.0050	0.0010	0.0100
Aquiflexum	280472	G	Bacteria	Pseudomonadati	Bacteroidota	Cytophagia	Cytophagales	Cyclobacteriaceae	0.0010	0.0010	0.0000
Belliella	232244	G	Bacteria	Pseudomonadati	Bacteroidota	Cytophagia	Cytophagales	Cyclobacteriaceae	0.0010	0.0020	0.0010
Mongoliitalea	1511649	G	Bacteria	Pseudomonadati	Bacteroidota	Cytophagia	Cytophagales	Cyclobacteriaceae	0.0000	0.0000	0.0000
Roseivirga	290180	G	Bacteria	Pseudomonadati	Bacteroidota	Cytophagia	Cytophagales	Roseivirgaceae	0.0160	0.0220	0.0150
Bernardetia	1937972	G	Bacteria	Pseudomonadati	Bacteroidota	Cytophagia	Cytophagales	Bernardetiaceae	0.0150	0.0160	0.0230
Spirosoma	107	G	Bacteria	Pseudomonadati	Bacteroidota	Cytophagia	Cytophagales	Cytophagaceae	0.0090	0.0060	0.0110
Cytophaga	978	G	Bacteria	Pseudomonadati	Bacteroidota	Cytophagia	Cytophagales	Cytophagaceae	0.0010	0.0010	0.0010
Emticicia	312278	G	Bacteria	Pseudomonadati	Bacteroidota	Cytophagia	Cytophagales	Leadbetterellaceae	0.0060	0.0060	0.0020
Jiulongibacter	2031119	G	Bacteria	Pseudomonadati	Bacteroidota	Cytophagia	Cytophagales	Leadbetterellaceae	0.0010	0.0060	0.0090
Arcticibacterium	2173039	G	Bacteria	Pseudomonadati	Bacteroidota	Cytophagia	Cytophagales	Leadbetterellaceae	0.0010	0.0000	0.0000
Marinilongibacter	2975149	G	Bacteria	Pseudomonadati	Bacteroidota	Cytophagia	Cytophagales	Leadbetterellaceae	0.0000	0.0000	0.0000
Leadbetterella	319458	G	Bacteria	Pseudomonadati	Bacteroidota	Cytophagia	Cytophagales	Leadbetterellaceae	0.0000	0.0000	0.0000
Marivirga	869806	G	Bacteria	Pseudomonadati	Bacteroidota	Cytophagia	Cytophagales	Marivirgaceae	0.0100	0.0260	0.0100
Ekhidna	447678	G	Bacteria	Pseudomonadati	Bacteroidota	Cytophagia	Cytophagales	Reichenbachiellaceae	0.0030	0.0020	0.0020
Reichenbachiella	156993	G	Bacteria	Pseudomonadati	Bacteroidota	Cytophagia	Cytophagales	Reichenbachiellaceae	0.0030	0.0000	0.0040
Fulvivirga	396811	G	Bacteria	Pseudomonadati	Bacteroidota	Cytophagia	Cytophagales	Fulvivirgaceae	0.0050	0.0100	0.0040
Chryseolinea	1433993	G	Bacteria	Pseudomonadati	Bacteroidota	Cytophagia	Cytophagales	Fulvivirgaceae	0.0000	0.0000	0.0000
Candidatus Cardinium	273135	G	Bacteria	Pseudomonadati	Bacteroidota	Cytophagia	Cytophagales	Amoebophilaceae	0.0040	0.0000	0.0010
Candidatus Amoebophilus	281119	G	Bacteria	Pseudomonadati	Bacteroidota	Cytophagia	Cytophagales	Amoebophilaceae	0.0000	0.0000	0.0000
Aquirufa	2676247	G	Bacteria	Pseudomonadati	Bacteroidota	Cytophagia	Cytophagales	Flectobacillaceae	0.0030	0.0020	0.0040
Fulvitalea	1434007	G	Bacteria	Pseudomonadati	Bacteroidota	Cytophagia	Cytophagales	Persicobacteraceae	0.0010	0.0000	0.0000
Aureibacter	1097443	G	Bacteria	Pseudomonadati	Bacteroidota	Cytophagia	Cytophagales	Persicobacteraceae	0.0010	0.0000	0.0010
Persicobacter	59740	G	Bacteria	Pseudomonadati	Bacteroidota	Cytophagia	Cytophagales	Persicobacteraceae	0.0000	0.0010	0.0040
Porifericola	1001222	G	Bacteria	Pseudomonadati	Bacteroidota	Cytophagia	Cytophagales	Catalimonadaceae	0.0010	0.0000	0.0000
Catalinimonas	1522128	G	Bacteria	Pseudomonadati	Bacteroidota	Cytophagia	Cytophagales	Catalimonadaceae	0.0010	0.0000	0.0000
Tunicatimonas	1077254	G	Bacteria	Pseudomonadati	Bacteroidota	Cytophagia	Cytophagales	Catalimonadaceae	0.0000	0.0000	0.0000
Rhodocytophaga	455076	G	Bacteria	Pseudomonadati	Bacteroidota	Cytophagia	Cytophagales	Rhodocytophagaceae	0.0020	0.0000	0.0000
Mangrovivirga	2858886	G	Bacteria	Pseudomonadati	Bacteroidota	Cytophagia	Cytophagales	Mangrovivirgaceae	0.0010	0.0000	0.0000
Prevotella	838	G	Bacteria	Pseudomonadati	Bacteroidota	Bacteroidia	Bacteroidales	Prevotellaceae	0.0240	0.0240	0.0230
Segatella	2974251	G	Bacteria	Pseudomonadati	Bacteroidota	Bacteroidia	Bacteroidales	Prevotellaceae	0.0100	0.0010	0.0040
Paraprevotella	577309	G	Bacteria	Pseudomonadati	Bacteroidota	Bacteroidia	Bacteroidales	Prevotellaceae	0.0030	0.0000	0.0000
Xylanibacter	558436	G	Bacteria	Pseudomonadati	Bacteroidota	Bacteroidia	Bacteroidales	Prevotellaceae	0.0010	0.0000	0.0010
Hoylesella	2974257	G	Bacteria	Pseudomonadati	Bacteroidota	Bacteroidia	Bacteroidales	Prevotellaceae	0.0010	0.0000	0.0000
Pseudoprevotella	2884814	G	Bacteria	Pseudomonadati	Bacteroidota	Bacteroidia	Bacteroidales	Prevotellaceae	0.0000	0.0000	0.0000
Bacteroides	816	G	Bacteria	Pseudomonadati	Bacteroidota	Bacteroidia	Bacteroidales	Bacteroidaceae	0.0390	0.0520	0.0380
Phocaeicola	909656	G	Bacteria	Pseudomonadati	Bacteroidota	Bacteroidia	Bacteroidales	Bacteroidaceae	0.0030	0.0010	0.0020
Parabacteroides	375288	G	Bacteria	Pseudomonadati	Bacteroidota	Bacteroidia	Bacteroidales	Tannerellaceae	0.0170	0.0110	0.0080
Tannerella	195950	G	Bacteria	Pseudomonadati	Bacteroidota	Bacteroidia	Bacteroidales	Tannerellaceae	0.0000	0.0000	0.0000
Indolivaga	3680098	G	Bacteria	Pseudomonadati	Bacteroidota	Bacteroidia	Bacteroidales	Dysgonomonadaceae	0.0070	0.0080	0.0060
Petrimonas	307628	G	Bacteria	Pseudomonadati	Bacteroidota	Bacteroidia	Bacteroidales	Dysgonomonadaceae	0.0010	0.0010	0.0020
Dysgonomonas	156973	G	Bacteria	Pseudomonadati	Bacteroidota	Bacteroidia	Bacteroidales	Dysgonomonadaceae	0.0010	0.0000	0.0010
Limibacterium	3404873	G	Bacteria	Pseudomonadati	Bacteroidota	Bacteroidia	Bacteroidales	Dysgonomonadaceae	0.0010	0.0000	0.0010
Proteiniphilum	294702	G	Bacteria	Pseudomonadati	Bacteroidota	Bacteroidia	Bacteroidales	Dysgonomonadaceae	0.0000	0.0000	0.0000
Acetobacteroides	1647173	G	Bacteria	Pseudomonadati	Bacteroidota	Bacteroidia	Bacteroidales	Rikenellaceae	0.0030	0.0000	0.0000
Alistipes	239759	G	Bacteria	Pseudomonadati	Bacteroidota	Bacteroidia	Bacteroidales	Rikenellaceae	0.0030	0.0000	0.0010
Porphyromonas	836	G	Bacteria	Pseudomonadati	Bacteroidota	Bacteroidia	Bacteroidales	Porphyromonadaceae	0.0030	0.0000	0.0010
Macellibacteroides	1159323	G	Bacteria	Pseudomonadati	Bacteroidota	Bacteroidia	Bacteroidales	Porphyromonadaceae	0.0000	0.0000	0.0000
Butyricimonas	574697	G	Bacteria	Pseudomonadati	Bacteroidota	Bacteroidia	Bacteroidales	Odoribacteraceae	0.0020	0.0020	0.0040
Odoribacter	283168	G	Bacteria	Pseudomonadati	Bacteroidota	Bacteroidia	Bacteroidales	Odoribacteraceae	0.0000	0.0000	0.0000
Barnesiella	397864	G	Bacteria	Pseudomonadati	Bacteroidota	Bacteroidia	Bacteroidales	Barnesiellaceae	0.0020	0.0000	0.0000
Coprobacter	1348911	G	Bacteria	Pseudomonadati	Bacteroidota	Bacteroidia	Bacteroidales	Barnesiellaceae	0.0010	0.0000	0.0010
Muribaculum	1918540	G	Bacteria	Pseudomonadati	Bacteroidota	Bacteroidia	Bacteroidales	Muribaculaceae	0.0010	0.0000	0.0000
Sodaliphilus	2815786	G	Bacteria	Pseudomonadati	Bacteroidota	Bacteroidia	Bacteroidales	Muribaculaceae	0.0000	0.0000	0.0000
Duncaniella	2518495	G	Bacteria	Pseudomonadati	Bacteroidota	Bacteroidia	Bacteroidales	Muribaculaceae	0.0000	0.0000	0.0000
Paramuribaculum	2518497	G	Bacteria	Pseudomonadati	Bacteroidota	Bacteroidia	Bacteroidales	Muribaculaceae	0.0000	0.0000	0.0000
Candidatus Azobacteroides	511434	G	Bacteria	Pseudomonadati	Bacteroidota	Bacteroidia	Bacteroidales		0.0010	0.0000	0.0010
Salinivirga	1970191	G	Bacteria	Pseudomonadati	Bacteroidota	Bacteroidia	Bacteroidales	Salinivirgaceae	0.0010	0.0000	0.0010
Tenuifilum	2760873	G	Bacteria	Pseudomonadati	Bacteroidota	Bacteroidia	Bacteroidales	Tenuifilaceae	0.0000	0.0020	0.0030
Paludibacter	346096	G	Bacteria	Pseudomonadati	Bacteroidota	Bacteroidia	Bacteroidales	Paludibacteraceae	0.0000	0.0010	0.0010
Labilibaculum	2060722	G	Bacteria	Pseudomonadati	Bacteroidota	Bacteroidia	Marinilabiliales	Marinifilaceae	0.0080	0.0200	0.0140
Marinifilum	866673	G	Bacteria	Pseudomonadati	Bacteroidota	Bacteroidia	Marinilabiliales	Marinifilaceae	0.0070	0.0120	0.0130
Draconibacterium	1471399	G	Bacteria	Pseudomonadati	Bacteroidota	Bacteroidia	Marinilabiliales	Prolixibacteraceae	0.0070	0.0160	0.0050
Maribellus	2678352	G	Bacteria	Pseudomonadati	Bacteroidota	Bacteroidia	Marinilabiliales	Prolixibacteraceae	0.0030	0.0110	0.0000
Gaoshiqia	3045890	G	Bacteria	Pseudomonadati	Bacteroidota	Bacteroidia	Marinilabiliales	Prolixibacteraceae	0.0010	0.0000	0.0010
Halosquirtibacter	3374594	G	Bacteria	Pseudomonadati	Bacteroidota	Bacteroidia	Marinilabiliales	Prolixibacteraceae	0.0010	0.0060	0.0010
Mangrovibacterium	1573808	G	Bacteria	Pseudomonadati	Bacteroidota	Bacteroidia	Marinilabiliales	Prolixibacteraceae	0.0000	0.0000	0.0010
Aquipluma	2792393	G	Bacteria	Pseudomonadati	Bacteroidota	Bacteroidia	Marinilabiliales	Prolixibacteraceae	0.0000	0.0030	0.0000
Alkalitalea	1193324	G	Bacteria	Pseudomonadati	Bacteroidota	Bacteroidia	Marinilabiliales	Marinilabiliaceae	0.0020	0.0010	0.0040
Xiashengella	3129724	G	Bacteria	Pseudomonadati	Bacteroidota	Bacteroidia	Marinilabiliales	Marinilabiliaceae	0.0000	0.0000	0.0010
Lacibacter	649461	G	Bacteria	Pseudomonadati	Bacteroidota	Chitinophagia	Chitinophagales	Chitinophagaceae	0.0150	0.0190	0.0090
Chitinophaga	79328	G	Bacteria	Pseudomonadati	Bacteroidota	Chitinophagia	Chitinophagales	Chitinophagaceae	0.0150	0.0180	0.0070
Filimonas	649460	G	Bacteria	Pseudomonadati	Bacteroidota	Chitinophagia	Chitinophagales	Chitinophagaceae	0.0040	0.0040	0.0020
Rhizosphaericola	3114547	G	Bacteria	Pseudomonadati	Bacteroidota	Chitinophagia	Chitinophagales	Chitinophagaceae	0.0040	0.0060	0.0040
Niabella	379899	G	Bacteria	Pseudomonadati	Bacteroidota	Chitinophagia	Chitinophagales	Chitinophagaceae	0.0030	0.0020	0.0020
Phnomibacter	2836216	G	Bacteria	Pseudomonadati	Bacteroidota	Chitinophagia	Chitinophagales	Chitinophagaceae	0.0020	0.0000	0.0010
Arachidicoccus	1769012	G	Bacteria	Pseudomonadati	Bacteroidota	Chitinophagia	Chitinophagales	Chitinophagaceae	0.0020	0.0010	0.0020
Niastella	354354	G	Bacteria	Pseudomonadati	Bacteroidota	Chitinophagia	Chitinophagales	Chitinophagaceae	0.0020	0.0000	0.0020
Flavisolibacter	398041	G	Bacteria	Pseudomonadati	Bacteroidota	Chitinophagia	Chitinophagales	Chitinophagaceae	0.0020	0.0020	0.0000
Panacibacter	1874621	G	Bacteria	Pseudomonadati	Bacteroidota	Chitinophagia	Chitinophagales	Chitinophagaceae	0.0020	0.0000	0.0030
Paraflavitalea	2698688	G	Bacteria	Pseudomonadati	Bacteroidota	Chitinophagia	Chitinophagales	Chitinophagaceae	0.0010	0.0000	0.0000
Flavihumibacter	1004301	G	Bacteria	Pseudomonadati	Bacteroidota	Chitinophagia	Chitinophagales	Chitinophagaceae	0.0010	0.0000	0.0010
Ferruginibacter	1004303	G	Bacteria	Pseudomonadati	Bacteroidota	Chitinophagia	Chitinophagales	Chitinophagaceae	0.0010	0.0000	0.0000
Sediminibacterium	504481	G	Bacteria	Pseudomonadati	Bacteroidota	Chitinophagia	Chitinophagales	Chitinophagaceae	0.0010	0.0000	0.0000
Mycovorax	3389990	G	Bacteria	Pseudomonadati	Bacteroidota	Chitinophagia	Chitinophagales	Chitinophagaceae	0.0010	0.0000	0.0000
Pseudobacter	1860196	G	Bacteria	Pseudomonadati	Bacteroidota	Chitinophagia	Chitinophagales	Chitinophagaceae	0.0010	0.0000	0.0000
Puia	2045098	G	Bacteria	Pseudomonadati	Bacteroidota	Chitinophagia	Chitinophagales	Chitinophagaceae	0.0000	0.0000	0.0000
Pseudocnuella	2812019	G	Bacteria	Pseudomonadati	Bacteroidota	Chitinophagia	Chitinophagales	Chitinophagaceae	0.0000	0.0000	0.0000
Aureispira	365032	G	Bacteria	Pseudomonadati	Bacteroidota	Saprospiria	Saprospirales	Saprospiraceae	0.0030	0.0090	0.0020
Saprospira	1007	G	Bacteria	Pseudomonadati	Bacteroidota	Saprospiria	Saprospirales	Saprospiraceae	0.0010	0.0000	0.0010
Phaeodactylibacter	1564515	G	Bacteria	Pseudomonadati	Bacteroidota	Saprospiria	Saprospirales	Haliscomenobacteraceae	0.0020	0.0000	0.0040
Haliscomenobacter	2349	G	Bacteria	Pseudomonadati	Bacteroidota	Saprospiria	Saprospirales	Haliscomenobacteraceae	0.0010	0.0060	0.0030
Lewinella	70994	G	Bacteria	Pseudomonadati	Bacteroidota	Saprospiria	Saprospirales	Lewinellaceae	0.0020	0.0000	0.0010
Neolewinella	2993541	G	Bacteria	Pseudomonadati	Bacteroidota	Saprospiria	Saprospirales	Lewinellaceae	0.0010	0.0000	0.0000
Candidatus Sulfidibacterium	2923290	G	Bacteria	Pseudomonadati	Bacteroidota		Candidatus Sulfidibacteriales		0.0000	0.0000	0.0000
Chlorobium	1091	G	Bacteria	Pseudomonadati	Chlorobiota	Chlorobiia	Chlorobiales	Chlorobiaceae	0.0040	0.0010	0.0020
Pelodictyon	1099	G	Bacteria	Pseudomonadati	Chlorobiota	Chlorobiia	Chlorobiales	Chlorobiaceae	0.0010	0.0000	0.0000
Prosthecochloris	1101	G	Bacteria	Pseudomonadati	Chlorobiota	Chlorobiia	Chlorobiales	Chlorobiaceae	0.0020	0.0000	0.0010
Chlorobaculum	256319	G	Bacteria	Pseudomonadati	Chlorobiota	Chlorobiia	Chlorobiales	Chlorobiaceae	0.0020	0.0000	0.0000
Chloroherpeton	100715	G	Bacteria	Pseudomonadati	Chlorobiota	Chlorobiia	Chlorobiales	Chloroherpetonaceae	0.0010	0.0000	0.0000
Ignavibacterium	795750	G	Bacteria	Pseudomonadati	Ignavibacteriota	Ignavibacteria	Ignavibacteriales	Ignavibacteriaceae	0.0050	0.0070	0.0090
Melioribacter	1134403	G	Bacteria	Pseudomonadati	Ignavibacteriota	Ignavibacteria	Ignavibacteriales	Melioribacteraceae	0.0010	0.0010	0.0020
Gracilimonas	649462	G	Bacteria	Pseudomonadati	Balneolota	Balneolia	Balneolales	Balneolaceae	0.0010	0.0000	0.0020
Cyclonatronum	2489367	G	Bacteria	Pseudomonadati	Balneolota	Balneolia	Balneolales	Cyclonatronaceae	0.0000	0.0000	0.0000
Rhodothermus	29548	G	Bacteria	Pseudomonadati	Rhodothermota	Rhodothermia	Rhodothermales	Rhodothermaceae	0.0010	0.0000	0.0000
Salinibacter	146918	G	Bacteria	Pseudomonadati	Rhodothermota	Rhodothermia	Rhodothermales	Salinibacteraceae	0.0000	0.0000	0.0000
Rubrivirga	1434037	G	Bacteria	Pseudomonadati	Rhodothermota	Rhodothermia	Rhodothermales	Rubricoccaceae	0.0000	0.0000	0.0000
Fidelibacter	3377528	G	Bacteria	Pseudomonadati	Fidelibacterota	Fidelibacteria	Fidelibacterales	Fidelibacteraceae	0.0020	0.0040	0.0030
Gemmatimonas	173479	G	Bacteria	Pseudomonadati	Gemmatimonadota	Gemmatimonadia	Gemmatimonadales	Gemmatimonadaceae	0.0010	0.0000	0.0000
Pseudogemmatithrix	3237678	G	Bacteria	Pseudomonadati	Gemmatimonadota	Gemmatimonadia	Gemmatimonadales	Gemmatimonadaceae	0.0000	0.0000	0.0000
Gemmatirosa	1706036	G	Bacteria	Pseudomonadati	Gemmatimonadota	Gemmatimonadia	Gemmatimonadales	Gemmatimonadaceae	0.0000	0.0000	0.0000
Candidatus Palauibacter	3056650	G	Bacteria	Pseudomonadati	Gemmatimonadota	Gemmatimonadia	Candidatus Palauibacterales	Candidatus Palauibacteraceae	0.0000	0.0000	0.0000
Gaopeijia	3381669	G	Bacteria	Pseudomonadati	Gemmatimonadota	Longimicrobiia	Gaopeijiales	Gaopeijiaceae	0.0000	0.0000	0.0000
Fibrobacter	832	G	Bacteria	Pseudomonadati	Fibrobacterota	Fibrobacteria	Fibrobacterales	Fibrobacteraceae	0.0010	0.0000	0.0010
Candidatus Cloacimonas	456826	G	Bacteria	Pseudomonadati	Candidatus Cloacimonadota	Candidatus Cloacimonadia	Candidatus Cloacimonadales	Candidatus Cloacimonadaceae	0.0000	0.0030	0.0000
Arcobacter	28196	G	Bacteria	Pseudomonadati	Campylobacterota	Epsilonproteobacteria	Campylobacterales	Arcobacteraceae	0.0560	0.0900	0.0560
Aliarcobacter	2321111	G	Bacteria	Pseudomonadati	Campylobacterota	Epsilonproteobacteria	Campylobacterales	Arcobacteraceae	0.0300	0.0610	0.0300
Halarcobacter	2321115	G	Bacteria	Pseudomonadati	Campylobacterota	Epsilonproteobacteria	Campylobacterales	Arcobacteraceae	0.0190	0.0230	0.0320
Malaciobacter	2321114	G	Bacteria	Pseudomonadati	Campylobacterota	Epsilonproteobacteria	Campylobacterales	Arcobacteraceae	0.0140	0.0220	0.0130
Poseidonibacter	2321187	G	Bacteria	Pseudomonadati	Campylobacterota	Epsilonproteobacteria	Campylobacterales	Arcobacteraceae	0.0230	0.0480	0.0430
Candidatus Marinarcus	2321204	G	Bacteria	Pseudomonadati	Campylobacterota	Epsilonproteobacteria	Campylobacterales	Arcobacteraceae	0.0030	0.0080	0.0050
Campylobacter	194	G	Bacteria	Pseudomonadati	Campylobacterota	Epsilonproteobacteria	Campylobacterales	Campylobacteraceae	0.0680	0.0760	0.0980
Helicobacter	209	G	Bacteria	Pseudomonadati	Campylobacterota	Epsilonproteobacteria	Campylobacterales	Helicobacteraceae	0.0440	0.0490	0.0550
Nitratifractor	269260	G	Bacteria	Pseudomonadati	Campylobacterota	Epsilonproteobacteria	Campylobacterales	Sulfurovaceae	0.0230	0.0200	0.0050
Sulfurovum	265570	G	Bacteria	Pseudomonadati	Campylobacterota	Epsilonproteobacteria	Campylobacterales	Sulfurovaceae	0.0060	0.0050	0.0030
Sulfurimonas	202746	G	Bacteria	Pseudomonadati	Campylobacterota	Epsilonproteobacteria	Campylobacterales	Sulfurimonadaceae	0.0160	0.0220	0.0260
Sulfuricurvum	286130	G	Bacteria	Pseudomonadati	Campylobacterota	Epsilonproteobacteria	Campylobacterales	Sulfurimonadaceae	0.0020	0.0000	0.0000
Hydrocurvibacter	3451669	G	Bacteria	Pseudomonadati	Campylobacterota	Epsilonproteobacteria	Campylobacterales	Sulfurimonadaceae	0.0010	0.0070	0.0110
Sulfonitrofixus	3451668	G	Bacteria	Pseudomonadati	Campylobacterota	Epsilonproteobacteria	Campylobacterales	Sulfurimonadaceae	0.0010	0.0000	0.0000
Thiomicrolovo	3451667	G	Bacteria	Pseudomonadati	Campylobacterota	Epsilonproteobacteria	Campylobacterales	Sulfurimonadaceae	0.0000	0.0000	0.0000
Sulfurospirillum	57665	G	Bacteria	Pseudomonadati	Campylobacterota	Epsilonproteobacteria	Campylobacterales	Sulfurospirillaceae	0.0170	0.0180	0.0100
Hydrogenimonas	223785	G	Bacteria	Pseudomonadati	Campylobacterota	Epsilonproteobacteria	Campylobacterales	Hydrogenimonadaceae	0.0030	0.0040	0.0050
Caminibacter	191301	G	Bacteria	Pseudomonadati	Campylobacterota	Epsilonproteobacteria	Nautiliales	Nautiliaceae	0.0100	0.0130	0.0060
Nautilia	191291	G	Bacteria	Pseudomonadati	Campylobacterota	Epsilonproteobacteria	Nautiliales	Nautiliaceae	0.0010	0.0000	0.0020
Nitrosophilus	2795692	G	Bacteria	Pseudomonadati	Campylobacterota	Epsilonproteobacteria	Nautiliales	Nitratiruptoraceae	0.0020	0.0010	0.0010
Nitratiruptor	269258	G	Bacteria	Pseudomonadati	Campylobacterota	Epsilonproteobacteria	Nautiliales	Nitratiruptoraceae	0.0010	0.0000	0.0000
Hippea	84404	G	Bacteria	Pseudomonadati	Campylobacterota	Desulfurellia	Desulfurellales	Hippeaceae	0.0010	0.0000	0.0000
Stieleria	2795973	G	Bacteria	Pseudomonadati	Planctomycetota	Planctomycetia	Pirellulales	Pirellulaceae	0.0050	0.0000	0.0030
Bremerella	2714594	G	Bacteria	Pseudomonadati	Planctomycetota	Planctomycetia	Pirellulales	Pirellulaceae	0.0040	0.0000	0.0010
Rosistilla	2795779	G	Bacteria	Pseudomonadati	Planctomycetota	Planctomycetia	Pirellulales	Pirellulaceae	0.0030	0.0050	0.0000
Roseimaritima	1579506	G	Bacteria	Pseudomonadati	Planctomycetota	Planctomycetia	Pirellulales	Pirellulaceae	0.0030	0.0000	0.0000
Anatilimnocola	2807414	G	Bacteria	Pseudomonadati	Planctomycetota	Planctomycetia	Pirellulales	Pirellulaceae	0.0010	0.0000	0.0000
Mariniblastus	2005380	G	Bacteria	Pseudomonadati	Planctomycetota	Planctomycetia	Pirellulales	Pirellulaceae	0.0010	0.0000	0.0000
Roseiconus	2814446	G	Bacteria	Pseudomonadati	Planctomycetota	Planctomycetia	Pirellulales	Pirellulaceae	0.0010	0.0000	0.0000
Pirellula	123	G	Bacteria	Pseudomonadati	Planctomycetota	Planctomycetia	Pirellulales	Pirellulaceae	0.0010	0.0000	0.0000
Lignipirellula	2795775	G	Bacteria	Pseudomonadati	Planctomycetota	Planctomycetia	Pirellulales	Pirellulaceae	0.0010	0.0000	0.0000
Rhodopirellula	265488	G	Bacteria	Pseudomonadati	Planctomycetota	Planctomycetia	Pirellulales	Pirellulaceae	0.0000	0.0000	0.0000
Novipirellula	2795426	G	Bacteria	Pseudomonadati	Planctomycetota	Planctomycetia	Pirellulales	Pirellulaceae	0.0000	0.0000	0.0000
Aureliella	2795605	G	Bacteria	Pseudomonadati	Planctomycetota	Planctomycetia	Pirellulales	Pirellulaceae	0.0000	0.0000	0.0000
Blastopirellula	265487	G	Bacteria	Pseudomonadati	Planctomycetota	Planctomycetia	Pirellulales	Pirellulaceae	0.0000	0.0000	0.0000
Rubripirellula	1579505	G	Bacteria	Pseudomonadati	Planctomycetota	Planctomycetia	Pirellulales	Pirellulaceae	0.0000	0.0000	0.0000
Lacipirellula	2691417	G	Bacteria	Pseudomonadati	Planctomycetota	Planctomycetia	Pirellulales	Lacipirellulaceae	0.0020	0.0000	0.0000
Bythopirellula	1400386	G	Bacteria	Pseudomonadati	Planctomycetota	Planctomycetia	Pirellulales	Lacipirellulaceae	0.0010	0.0000	0.0000
Aeoliella	2795781	G	Bacteria	Pseudomonadati	Planctomycetota	Planctomycetia	Pirellulales	Lacipirellulaceae	0.0010	0.0000	0.0000
Pirellulimonas	2795783	G	Bacteria	Pseudomonadati	Planctomycetota	Planctomycetia	Pirellulales	Lacipirellulaceae	0.0000	0.0000	0.0000
Botrimarina	2795782	G	Bacteria	Pseudomonadati	Planctomycetota	Planctomycetia	Pirellulales	Lacipirellulaceae	0.0000	0.0000	0.0000
Thermogutta	1676125	G	Bacteria	Pseudomonadati	Planctomycetota	Planctomycetia	Pirellulales	Thermoguttaceae	0.0000	0.0000	0.0000
Gimesia	1649453	G	Bacteria	Pseudomonadati	Planctomycetota	Planctomycetia	Planctomycetales	Planctomycetaceae	0.0040	0.0030	0.0090
Crateriforma	2714592	G	Bacteria	Pseudomonadati	Planctomycetota	Planctomycetia	Planctomycetales	Planctomycetaceae	0.0040	0.0000	0.0020
Planctomicrobium	1779141	G	Bacteria	Pseudomonadati	Planctomycetota	Planctomycetia	Planctomycetales	Planctomycetaceae	0.0020	0.0000	0.0010
Calycomorphotria	2795776	G	Bacteria	Pseudomonadati	Planctomycetota	Planctomycetia	Planctomycetales	Planctomycetaceae	0.0020	0.0000	0.0000
Rubinisphaera	1649490	G	Bacteria	Pseudomonadati	Planctomycetota	Planctomycetia	Planctomycetales	Planctomycetaceae	0.0010	0.0000	0.0000
Thalassoglobus	2795865	G	Bacteria	Pseudomonadati	Planctomycetota	Planctomycetia	Planctomycetales	Planctomycetaceae	0.0010	0.0000	0.0000
Fuerstiella	1936111	G	Bacteria	Pseudomonadati	Planctomycetota	Planctomycetia	Planctomycetales	Planctomycetaceae	0.0010	0.0000	0.0000
Schlesneria	656899	G	Bacteria	Pseudomonadati	Planctomycetota	Planctomycetia	Planctomycetales	Planctomycetaceae	0.0010	0.0000	0.0000
Lacunimicrobium	3473513	G	Bacteria	Pseudomonadati	Planctomycetota	Planctomycetia	Planctomycetales	Planctomycetaceae	0.0010	0.0000	0.0000
Symmachiella	2795780	G	Bacteria	Pseudomonadati	Planctomycetota	Planctomycetia	Planctomycetales	Planctomycetaceae	0.0010	0.0000	0.0010
Maioricimonas	2795777	G	Bacteria	Pseudomonadati	Planctomycetota	Planctomycetia	Planctomycetales	Planctomycetaceae	0.0000	0.0000	0.0000
Planctopirus	1649480	G	Bacteria	Pseudomonadati	Planctomycetota	Planctomycetia	Planctomycetales	Planctomycetaceae	0.0000	0.0000	0.0000
Alienimonas	2714737	G	Bacteria	Pseudomonadati	Planctomycetota	Planctomycetia	Planctomycetales	Planctomycetaceae	0.0000	0.0000	0.0000
Planctomyces	118	G	Bacteria	Pseudomonadati	Planctomycetota	Planctomycetia	Planctomycetales	Planctomycetaceae	0.0000	0.0000	0.0000
Polystyrenella	2795774	G	Bacteria	Pseudomonadati	Planctomycetota	Planctomycetia	Planctomycetales	Planctomycetaceae	0.0000	0.0000	0.0000
Caulifigura	2795778	G	Bacteria	Pseudomonadati	Planctomycetota	Planctomycetia	Planctomycetales	Planctomycetaceae	0.0000	0.0000	0.0000
Planctellipticum	3132181	G	Bacteria	Pseudomonadati	Planctomycetota	Planctomycetia	Planctomycetales	Planctomycetaceae	0.0000	0.0000	0.0000
Singulisphaera	466152	G	Bacteria	Pseudomonadati	Planctomycetota	Planctomycetia	Isosphaerales	Isosphaeraceae	0.0020	0.0010	0.0040
Isosphaera	127	G	Bacteria	Pseudomonadati	Planctomycetota	Planctomycetia	Isosphaerales	Isosphaeraceae	0.0010	0.0000	0.0000
Tundrisphaera	2029859	G	Bacteria	Pseudomonadati	Planctomycetota	Planctomycetia	Isosphaerales	Isosphaeraceae	0.0010	0.0000	0.0000
Aquisphaera	1511635	G	Bacteria	Pseudomonadati	Planctomycetota	Planctomycetia	Isosphaerales	Isosphaeraceae	0.0000	0.0000	0.0000
Paludisphaera	1763521	G	Bacteria	Pseudomonadati	Planctomycetota	Planctomycetia	Isosphaerales	Isosphaeraceae	0.0000	0.0000	0.0000
Tautonia	2680020	G	Bacteria	Pseudomonadati	Planctomycetota	Planctomycetia	Isosphaerales	Isosphaeraceae	0.0000	0.0000	0.0000
Urbifossiella	2807415	G	Bacteria	Pseudomonadati	Planctomycetota	Planctomycetia	Gemmatales	Gemmataceae	0.0010	0.0000	0.0000
Frigoriglobus	2774146	G	Bacteria	Pseudomonadati	Planctomycetota	Planctomycetia	Gemmatales	Gemmataceae	0.0010	0.0000	0.0000
Gemmata	113	G	Bacteria	Pseudomonadati	Planctomycetota	Planctomycetia	Gemmatales	Gemmataceae	0.0000	0.0000	0.0000
Tuwongella	2051044	G	Bacteria	Pseudomonadati	Planctomycetota	Planctomycetia	Gemmatales	Gemmataceae	0.0000	0.0000	0.0000
Telmatocola	1382832	G	Bacteria	Pseudomonadati	Planctomycetota	Planctomycetia	Gemmatales	Gemmataceae	0.0000	0.0000	0.0000
Limnoglobus	2731450	G	Bacteria	Pseudomonadati	Planctomycetota	Planctomycetia	Gemmatales	Gemmataceae	0.0000	0.0000	0.0000
Kolteria	3405236	G	Bacteria	Pseudomonadati	Planctomycetota	Planctomycetia	Kolteriales	Kolteriaceae	0.0000	0.0000	0.0000
Saltatorellus	3405235	G	Bacteria	Pseudomonadati	Planctomycetota	Planctomycetia			0.0000	0.0000	0.0000
Engelhardtia	3405233	G	Bacteria	Pseudomonadati	Planctomycetota	Planctomycetia			0.0000	0.0000	0.0000
Candidatus Uabimicrobium	2897349	G	Bacteria	Pseudomonadati	Planctomycetota	Candidatus Uabimicrobiia	Candidatus Uabimicrobiales	Candidatus Uabimicrobiaceae	0.0140	0.0160	0.0070
Poriferisphaera	2803301	G	Bacteria	Pseudomonadati	Planctomycetota	Phycisphaerae	Phycisphaerales	Phycisphaeraceae	0.0010	0.0000	0.0010
Mucisphaera	2913022	G	Bacteria	Pseudomonadati	Planctomycetota	Phycisphaerae	Phycisphaerales	Phycisphaeraceae	0.0000	0.0000	0.0000
Phycisphaera	666508	G	Bacteria	Pseudomonadati	Planctomycetota	Phycisphaerae	Phycisphaerales	Phycisphaeraceae	0.0000	0.0000	0.0000
Limihaloglobus	2690160	G	Bacteria	Pseudomonadati	Planctomycetota	Phycisphaerae	Sedimentisphaerales	Sedimentisphaeraceae	0.0000	0.0020	0.0000
Sedimentisphaera	2483368	G	Bacteria	Pseudomonadati	Planctomycetota	Phycisphaerae	Sedimentisphaerales	Sedimentisphaeraceae	0.0000	0.0000	0.0000
Fontivita	2989683	G	Bacteria	Pseudomonadati	Planctomycetota	Phycisphaerae	Tepidisphaerales		0.0000	0.0000	0.0000
Humisphaera	2807511	G	Bacteria	Pseudomonadati	Planctomycetota	Phycisphaerae	Tepidisphaerales	Tepidisphaeraceae	0.0000	0.0000	0.0000
Candidatus Kuenenia	380738	G	Bacteria	Pseudomonadati	Planctomycetota	Candidatus Brocadiia	Candidatus Brocadiales	Candidatus Brocadiaceae	0.0010	0.0000	0.0000
Candidatus Rhabdochlamydia	292833	G	Bacteria	Pseudomonadati	Chlamydiota	Chlamydiia	Parachlamydiales	Candidatus Rhabdochlamydiaceae	0.0070	0.0120	0.0060
Candidatus Protochlamydia	282132	G	Bacteria	Pseudomonadati	Chlamydiota	Chlamydiia	Parachlamydiales	Parachlamydiaceae	0.0030	0.0060	0.0080
Parachlamydia	83551	G	Bacteria	Pseudomonadati	Chlamydiota	Chlamydiia	Parachlamydiales	Parachlamydiaceae	0.0020	0.0000	0.0010
Neochlamydia	112987	G	Bacteria	Pseudomonadati	Chlamydiota	Chlamydiia	Parachlamydiales	Parachlamydiaceae	0.0000	0.0000	0.0000
Simkania	34093	G	Bacteria	Pseudomonadati	Chlamydiota	Chlamydiia	Parachlamydiales	Simkaniaceae	0.0010	0.0000	0.0010
Candidatus Neptunichlamydia	1891669	G	Bacteria	Pseudomonadati	Chlamydiota	Chlamydiia	Parachlamydiales	Simkaniaceae	0.0010	0.0000	0.0000
Waddlia	71666	G	Bacteria	Pseudomonadati	Chlamydiota	Chlamydiia	Parachlamydiales	Waddliaceae	0.0000	0.0000	0.0000
Chlamydia	810	G	Bacteria	Pseudomonadati	Chlamydiota	Chlamydiia	Chlamydiales	Chlamydiaceae	0.0080	0.0160	0.0120
Chlamydiifrater	2822114	G	Bacteria	Pseudomonadati	Chlamydiota	Chlamydiia	Chlamydiales	Chlamydiaceae	0.0000	0.0000	0.0000
Coraliomargarita	442430	G	Bacteria	Pseudomonadati	Verrucomicrobiota	Opitutia	Puniceicoccales	Coraliomargaritaceae	0.0050	0.0010	0.0010
Rubellicoccus	3138622	G	Bacteria	Pseudomonadati	Verrucomicrobiota	Opitutia	Puniceicoccales	Cerasicoccaceae	0.0020	0.0000	0.0010
Ruficoccus	2175957	G	Bacteria	Pseudomonadati	Verrucomicrobiota	Opitutia	Puniceicoccales	Cerasicoccaceae	0.0010	0.0000	0.0000
Opitutus	178440	G	Bacteria	Pseudomonadati	Verrucomicrobiota	Opitutia	Opitutales	Opitutaceae	0.0010	0.0000	0.0000
Actomonas	3138693	G	Bacteria	Pseudomonadati	Verrucomicrobiota	Opitutia	Opitutales	Opitutaceae	0.0000	0.0000	0.0000
Termitidicoccus	3126963	G	Bacteria	Pseudomonadati	Verrucomicrobiota	Opitutia	Opitutales	Opitutaceae	0.0000	0.0000	0.0000
Nibricoccus	2576890	G	Bacteria	Pseudomonadati	Verrucomicrobiota	Opitutia	Opitutales	Opitutaceae	0.0000	0.0000	0.0000
Horticoccus	2986286	G	Bacteria	Pseudomonadati	Verrucomicrobiota	Opitutia	Opitutales	Opitutaceae	0.0000	0.0000	0.0000
Lacunisphaera	1961799	G	Bacteria	Pseudomonadati	Verrucomicrobiota	Opitutia	Opitutales	Opitutaceae	0.0000	0.0000	0.0000
Synoicihabitans	2892920	G	Bacteria	Pseudomonadati	Verrucomicrobiota	Opitutia	Opitutales	Opitutaceae	0.0000	0.0000	0.0000
Ereboglobus	2028344	G	Bacteria	Pseudomonadati	Verrucomicrobiota	Opitutia	Opitutales	Opitutaceae	0.0000	0.0000	0.0000
Oleiharenicola	2100741	G	Bacteria	Pseudomonadati	Verrucomicrobiota	Opitutia	Opitutales	Opitutaceae	0.0000	0.0000	0.0000
Lotipaludicoccus	3685778	G	Bacteria	Pseudomonadati	Verrucomicrobiota	Opitutia	Opitutales	Opitutaceae	0.0000	0.0000	0.0000
Congregicoccus	3458163	G	Bacteria	Pseudomonadati	Verrucomicrobiota	Opitutia	Opitutales	Alterococcaceae	0.0000	0.0000	0.0000
Luteolibacter	518753	G	Bacteria	Pseudomonadati	Verrucomicrobiota	Verrucomicrobiia	Verrucomicrobiales	Verrucomicrobiaceae	0.0020	0.0000	0.0010
Verrucomicrobium	2735	G	Bacteria	Pseudomonadati	Verrucomicrobiota	Verrucomicrobiia	Verrucomicrobiales	Verrucomicrobiaceae	0.0010	0.0000	0.0000
Roseimicrobium	1348508	G	Bacteria	Pseudomonadati	Verrucomicrobiota	Verrucomicrobiia	Verrucomicrobiales	Verrucomicrobiaceae	0.0010	0.0000	0.0000
Roseibacillus	518755	G	Bacteria	Pseudomonadati	Verrucomicrobiota	Verrucomicrobiia	Verrucomicrobiales	Verrucomicrobiaceae	0.0000	0.0000	0.0000
Sulfuriroseicoccus	2911469	G	Bacteria	Pseudomonadati	Verrucomicrobiota	Verrucomicrobiia	Verrucomicrobiales	Verrucomicrobiaceae	0.0000	0.0000	0.0000
Oceaniferula	2886881	G	Bacteria	Pseudomonadati	Verrucomicrobiota	Verrucomicrobiia	Verrucomicrobiales	Verrucomicrobiaceae	0.0000	0.0000	0.0000
Haloferula	574899	G	Bacteria	Pseudomonadati	Verrucomicrobiota	Verrucomicrobiia	Verrucomicrobiales	Verrucomicrobiaceae	0.0000	0.0000	0.0000
Akkermansia	239934	G	Bacteria	Pseudomonadati	Verrucomicrobiota	Verrucomicrobiia	Verrucomicrobiales	Akkermansiaceae	0.0040	0.0000	0.0010
Fontisphaera	3050007	G	Bacteria	Pseudomonadati	Verrucomicrobiota	Verrucomicrobiia	Limisphaerales	Fontisphaeraceae	0.0000	0.0000	0.0000
Methylacidiphilum (ex Ratnadevi et al. 2023)	511745	G	Bacteria	Pseudomonadati	Verrucomicrobiota	Methylacidiphilae	Methylacidiphilales	Methylacidiphilaceae	0.0020	0.0000	0.0010
Methylacidimicrobium	1541670	G	Bacteria	Pseudomonadati	Verrucomicrobiota				0.0010	0.0000	0.0000
Tichowtungia	2907187	G	Bacteria	Pseudomonadati	Kiritimatiellota	Tichowtungiia	Tichowtungiales	Tichowtungiaceae	0.0010	0.0000	0.0000
Kiritimatiella	1921784	G	Bacteria	Pseudomonadati	Kiritimatiellota	Kiritimatiellia	Kiritimatiellales	Kiritimatiellaceae	0.0000	0.0000	0.0000
Lentisphaera	256846	G	Bacteria	Pseudomonadati	Lentisphaerota	Lentisphaeria	Lentisphaerales	Lentisphaeraceae	0.0010	0.0000	0.0010
Candidatus Velamenicoccus	2789201	G	Bacteria	Pseudomonadati	Candidatus Omnitrophota				0.0000	0.0000	0.0000
Borrelia	138	G	Bacteria	Pseudomonadati	Spirochaetota	Spirochaetia	Spirochaetales	Borreliaceae	0.0160	0.0150	0.0090
Borreliella	64895	G	Bacteria	Pseudomonadati	Spirochaetota	Spirochaetia	Spirochaetales	Borreliaceae	0.0060	0.0070	0.0120
Treponema	157	G	Bacteria	Pseudomonadati	Spirochaetota	Spirochaetia	Spirochaetales	Treponemataceae	0.0190	0.0440	0.0250
Brucepastera	2967962	G	Bacteria	Pseudomonadati	Spirochaetota	Spirochaetia	Spirochaetales	Treponemataceae	0.0010	0.0000	0.0000
Entomospira	2834378	G	Bacteria	Pseudomonadati	Spirochaetota	Spirochaetia	Spirochaetales	Spirochaetaceae	0.0010	0.0090	0.0010
Spirochaeta	146	G	Bacteria	Pseudomonadati	Spirochaetota	Spirochaetia	Spirochaetales	Spirochaetaceae	0.0010	0.0000	0.0000
Thiospirochaeta	2792240	G	Bacteria	Pseudomonadati	Spirochaetota	Spirochaetia	Spirochaetales	Spirochaetaceae	0.0010	0.0010	0.0000
Marispirochaeta	1911565	G	Bacteria	Pseudomonadati	Spirochaetota	Spirochaetia	Spirochaetales	Spirochaetaceae	0.0010	0.0000	0.0000
Sediminispirochaeta	1911556	G	Bacteria	Pseudomonadati	Spirochaetota	Spirochaetia	Spirochaetales	Spirochaetaceae	0.0010	0.0000	0.0000
Oceanispirochaeta	2035349	G	Bacteria	Pseudomonadati	Spirochaetota	Spirochaetia	Spirochaetales	Spirochaetaceae	0.0000	0.0000	0.0000
Salinispira	1616789	G	Bacteria	Pseudomonadati	Spirochaetota	Spirochaetia	Spirochaetales	Spirochaetaceae	0.0000	0.0000	0.0000
Candidatus Haliotispira	3115661	G	Bacteria	Pseudomonadati	Spirochaetota	Spirochaetia	Spirochaetales	Spirochaetaceae	0.0000	0.0000	0.0000
Sphaerochaeta	399320	G	Bacteria	Pseudomonadati	Spirochaetota	Spirochaetia	Spirochaetales	Sphaerochaetaceae	0.0010	0.0000	0.0000
Parasphaerochaeta	3062336	G	Bacteria	Pseudomonadati	Spirochaetota	Spirochaetia	Spirochaetales	Sphaerochaetaceae	0.0010	0.0000	0.0000
Leadbettera	2951107	G	Bacteria	Pseudomonadati	Spirochaetota	Spirochaetia	Spirochaetales	Breznakiellaceae	0.0010	0.0000	0.0000
Breznakiella	2845254	G	Bacteria	Pseudomonadati	Spirochaetota	Spirochaetia	Spirochaetales	Breznakiellaceae	0.0010	0.0000	0.0000
Gracilinema	2951106	G	Bacteria	Pseudomonadati	Spirochaetota	Spirochaetia	Spirochaetales	Breznakiellaceae	0.0000	0.0000	0.0000
Leptospira	171	G	Bacteria	Pseudomonadati	Spirochaetota	Spirochaetia	Leptospirales	Leptospiraceae	0.0370	0.0380	0.0190
Turneriella	338321	G	Bacteria	Pseudomonadati	Spirochaetota	Spirochaetia	Leptospirales	Leptospiraceae	0.0000	0.0000	0.0000
Brachyspira	29521	G	Bacteria	Pseudomonadati	Spirochaetota	Spirochaetia	Brachyspirales	Brachyspiraceae	0.0160	0.0510	0.0200
Winmispira	3457169	G	Bacteria	Pseudomonadati	Spirochaetota	Spirochaetia	Winmispirales	Winmispiraceae	0.0010	0.0000	0.0000
Thermospira	3024226	G	Bacteria	Pseudomonadati	Spirochaetota	Spirochaetia	Brevinematales	Thermospiraceae	0.0000	0.0000	0.0000
Maridesulfovibrio	2794998	G	Bacteria	Pseudomonadati	Thermodesulfobacteriota	Desulfovibrionia	Desulfovibrionales	Desulfovibrionaceae	0.0080	0.0010	0.0120
Desulfovibrio	872	G	Bacteria	Pseudomonadati	Thermodesulfobacteriota	Desulfovibrionia	Desulfovibrionales	Desulfovibrionaceae	0.0050	0.0000	0.0020
Pseudodesulfovibrio	2035811	G	Bacteria	Pseudomonadati	Thermodesulfobacteriota	Desulfovibrionia	Desulfovibrionales	Desulfovibrionaceae	0.0050	0.0000	0.0010
Lawsonia	41707	G	Bacteria	Pseudomonadati	Thermodesulfobacteriota	Desulfovibrionia	Desulfovibrionales	Desulfovibrionaceae	0.0040	0.0100	0.0040
Nitratidesulfovibrio	2802295	G	Bacteria	Pseudomonadati	Thermodesulfobacteriota	Desulfovibrionia	Desulfovibrionales	Desulfovibrionaceae	0.0010	0.0000	0.0000
Megalodesulfovibrio	2910978	G	Bacteria	Pseudomonadati	Thermodesulfobacteriota	Desulfovibrionia	Desulfovibrionales	Desulfovibrionaceae	0.0010	0.0000	0.0000
Halodesulfovibrio	1912771	G	Bacteria	Pseudomonadati	Thermodesulfobacteriota	Desulfovibrionia	Desulfovibrionales	Desulfovibrionaceae	0.0010	0.0000	0.0020
Oceanidesulfovibrio	2905722	G	Bacteria	Pseudomonadati	Thermodesulfobacteriota	Desulfovibrionia	Desulfovibrionales	Desulfovibrionaceae	0.0010	0.0000	0.0000
Salidesulfovibrio	2950010	G	Bacteria	Pseudomonadati	Thermodesulfobacteriota	Desulfovibrionia	Desulfovibrionales	Desulfovibrionaceae	0.0010	0.0000	0.0000
Desulfolutivibrio	2773294	G	Bacteria	Pseudomonadati	Thermodesulfobacteriota	Desulfovibrionia	Desulfovibrionales	Desulfovibrionaceae	0.0010	0.0000	0.0010
Solidesulfovibrio	2910984	G	Bacteria	Pseudomonadati	Thermodesulfobacteriota	Desulfovibrionia	Desulfovibrionales	Desulfovibrionaceae	0.0000	0.0000	0.0010
Oleidesulfovibrio	2909705	G	Bacteria	Pseudomonadati	Thermodesulfobacteriota	Desulfovibrionia	Desulfovibrionales	Desulfovibrionaceae	0.0010	0.0000	0.0000
Bilophila	35832	G	Bacteria	Pseudomonadati	Thermodesulfobacteriota	Desulfovibrionia	Desulfovibrionales	Desulfovibrionaceae	0.0000	0.0000	0.0000
Desulfocurvibacter	2582840	G	Bacteria	Pseudomonadati	Thermodesulfobacteriota	Desulfovibrionia	Desulfovibrionales	Desulfovibrionaceae	0.0000	0.0000	0.0000
Mailhella	1981028	G	Bacteria	Pseudomonadati	Thermodesulfobacteriota	Desulfovibrionia	Desulfovibrionales	Desulfovibrionaceae	0.0000	0.0000	0.0000
Desulfobaculum	1433996	G	Bacteria	Pseudomonadati	Thermodesulfobacteriota	Desulfovibrionia	Desulfovibrionales	Desulfovibrionaceae	0.0000	0.0000	0.0000
Desulfomicrobium	898	G	Bacteria	Pseudomonadati	Thermodesulfobacteriota	Desulfovibrionia	Desulfovibrionales	Desulfomicrobiaceae	0.0010	0.0000	0.0000
Desulfohalobium	45662	G	Bacteria	Pseudomonadati	Thermodesulfobacteriota	Desulfovibrionia	Desulfovibrionales	Desulfohalobiaceae	0.0000	0.0000	0.0000
Geobacter	28231	G	Bacteria	Pseudomonadati	Thermodesulfobacteriota	Desulfuromonadia	Geobacterales	Geobacteraceae	0.0070	0.0070	0.0020
Geotalea	2910589	G	Bacteria	Pseudomonadati	Thermodesulfobacteriota	Desulfuromonadia	Geobacterales	Geobacteraceae	0.0020	0.0000	0.0010
Trichlorobacter	115782	G	Bacteria	Pseudomonadati	Thermodesulfobacteriota	Desulfuromonadia	Geobacterales	Geobacteraceae	0.0020	0.0000	0.0000
Geomonas	2651583	G	Bacteria	Pseudomonadati	Thermodesulfobacteriota	Desulfuromonadia	Geobacterales	Geobacteraceae	0.0010	0.0000	0.0010
Citrifermentans	2883512	G	Bacteria	Pseudomonadati	Thermodesulfobacteriota	Desulfuromonadia	Geobacterales	Geobacteraceae	0.0010	0.0000	0.0000
Desulfuromonas	890	G	Bacteria	Pseudomonadati	Thermodesulfobacteriota	Desulfuromonadia	Desulfuromonadales	Desulfuromonadaceae	0.0080	0.0090	0.0040
Pelobacter	18	G	Bacteria	Pseudomonadati	Thermodesulfobacteriota	Desulfuromonadia	Desulfuromonadales	Desulfuromonadaceae	0.0000	0.0000	0.0000
Geoalkalibacter	392332	G	Bacteria	Pseudomonadati	Thermodesulfobacteriota	Desulfuromonadia	Desulfuromonadales	Geoalkalibacteraceae	0.0010	0.0000	0.0000
Syntrophotalea	2812025	G	Bacteria	Pseudomonadati	Thermodesulfobacteriota	Desulfuromonadia	Desulfuromonadales	Syntrophotaleaceae	0.0010	0.0010	0.0010
Desulfosarcina	2299	G	Bacteria	Pseudomonadati	Thermodesulfobacteriota	Desulfobacteria	Desulfobacterales	Desulfosarcinaceae	0.0080	0.0020	0.0070
Desulfobacter	2289	G	Bacteria	Pseudomonadati	Thermodesulfobacteriota	Desulfobacteria	Desulfobacterales	Desulfobacteraceae	0.0030	0.0040	0.0080
Desulfobacula	28222	G	Bacteria	Pseudomonadati	Thermodesulfobacteriota	Desulfobacteria	Desulfobacterales	Desulfobacteraceae	0.0010	0.0000	0.0000
Desulforapulum	2904687	G	Bacteria	Pseudomonadati	Thermodesulfobacteriota	Desulfobacteria	Desulfobacterales	Desulfobacteraceae	0.0000	0.0000	0.0000
Desulfonema	45654	G	Bacteria	Pseudomonadati	Thermodesulfobacteriota	Desulfobacteria	Desulfobacterales	Desulfococcaceae	0.0010	0.0040	0.0010
Desulfococcus	896	G	Bacteria	Pseudomonadati	Thermodesulfobacteriota	Desulfobacteria	Desulfobacterales	Desulfococcaceae	0.0000	0.0000	0.0000
Desulfosudis	2904716	G	Bacteria	Pseudomonadati	Thermodesulfobacteriota	Desulfobacteria	Desulfobacterales	Desulfosudaceae	0.0010	0.0000	0.0000
Desulfoluna	497721	G	Bacteria	Pseudomonadati	Thermodesulfobacteriota	Desulfobacteria	Desulfobacterales	Desulfolunaceae	0.0010	0.0000	0.0000
Desulfatibacillum	218207	G	Bacteria	Pseudomonadati	Thermodesulfobacteriota	Desulfobacteria	Desulfobacterales	Desulfatibacillaceae	0.0000	0.0000	0.0000
Desulfofustis	51194	G	Bacteria	Pseudomonadati	Thermodesulfobacteriota	Desulfobulbia	Desulfobulbales	Desulfocapsaceae	0.0020	0.0000	0.0010
Desulfosediminicola	2886823	G	Bacteria	Pseudomonadati	Thermodesulfobacteriota	Desulfobulbia	Desulfobulbales	Desulfocapsaceae	0.0020	0.0000	0.0010
Desulfocapsa	53318	G	Bacteria	Pseudomonadati	Thermodesulfobacteriota	Desulfobulbia	Desulfobulbales	Desulfocapsaceae	0.0020	0.0000	0.0000
Desulfopila	429014	G	Bacteria	Pseudomonadati	Thermodesulfobacteriota	Desulfobulbia	Desulfobulbales	Desulfocapsaceae	0.0010	0.0000	0.0000
Desulforhopalus	40413	G	Bacteria	Pseudomonadati	Thermodesulfobacteriota	Desulfobulbia	Desulfobulbales	Desulfocapsaceae	0.0010	0.0010	0.0010
Desulfotalea	109168	G	Bacteria	Pseudomonadati	Thermodesulfobacteriota	Desulfobulbia	Desulfobulbales	Desulfocapsaceae	0.0010	0.0000	0.0010
Desulfobulbus	893	G	Bacteria	Pseudomonadati	Thermodesulfobacteriota	Desulfobulbia	Desulfobulbales	Desulfobulbaceae	0.0030	0.0000	0.0000
Desulfurivibrio	427922	G	Bacteria	Pseudomonadati	Thermodesulfobacteriota	Desulfobulbia	Desulfobulbales	Desulfobulbaceae	0.0020	0.0000	0.0010
Candidatus Electrothrix	1859128	G	Bacteria	Pseudomonadati	Thermodesulfobacteriota	Desulfobulbia	Desulfobulbales	Desulfobulbaceae	0.0010	0.0000	0.0000
Desulfomarina	2894767	G	Bacteria	Pseudomonadati	Thermodesulfobacteriota	Desulfobulbia	Desulfobulbales	Desulfobulbaceae	0.0010	0.0000	0.0000
Desulfolithobacter	3003266	G	Bacteria	Pseudomonadati	Thermodesulfobacteriota	Desulfobulbia	Desulfobulbales	Desulfobulbaceae	0.0000	0.0000	0.0000
Thiovibrio	2991701	G	Bacteria	Pseudomonadati	Thermodesulfobacteriota	Desulfobulbia	Desulfobulbales	Thiovibrionaceae	0.0000	0.0000	0.0000
Thermodesulfobacterium	1740	G	Bacteria	Pseudomonadati	Thermodesulfobacteriota	Thermodesulfobacteria	Thermodesulfobacteriales	Thermodesulfobacteriaceae	0.0010	0.0000	0.0000
Thermosulfuriphilus	2033601	G	Bacteria	Pseudomonadati	Thermodesulfobacteriota	Thermodesulfobacteria	Thermodesulfobacteriales	Thermodesulfobacteriaceae	0.0010	0.0000	0.0000
Caldimicrobium	444090	G	Bacteria	Pseudomonadati	Thermodesulfobacteriota	Thermodesulfobacteria	Thermodesulfobacteriales	Thermodesulfobacteriaceae	0.0000	0.0000	0.0000
Thermosulfurimonas	1522431	G	Bacteria	Pseudomonadati	Thermodesulfobacteriota	Thermodesulfobacteria	Thermodesulfobacteriales	Thermodesulfobacteriaceae	0.0000	0.0000	0.0000
Thermodesulfatator	241192	G	Bacteria	Pseudomonadati	Thermodesulfobacteriota	Thermodesulfobacteria	Thermodesulfobacteriales	Thermodesulfatatoraceae	0.0010	0.0000	0.0000
Desulfobacca	60892	G	Bacteria	Pseudomonadati	Thermodesulfobacteriota	Desulfobaccia	Desulfobaccales	Desulfobaccaceae	0.0020	0.0000	0.0010
Candidatus Desulfofervidus	1902583	G	Bacteria	Pseudomonadati	Thermodesulfobacteriota	Candidatus Desulfofervidia	Candidatus Desulfofervidales	Candidatus Desulfofervidaceae	0.0010	0.0000	0.0000
Syntrophus	43773	G	Bacteria	Pseudomonadati	Thermodesulfobacteriota	Syntrophia	Syntrophales	Syntrophaceae	0.0010	0.0000	0.0000
Desulfarculus	453229	G	Bacteria	Pseudomonadati	Thermodesulfobacteriota	Desulfarculia	Desulfarculales	Desulfarculaceae	0.0000	0.0000	0.0000
Desulfoferula	3093638	G	Bacteria	Pseudomonadati	Thermodesulfobacteriota	Desulfarculia	Desulfarculales	Desulfarculaceae	0.0000	0.0000	0.0000
Desulfomonile	2357	G	Bacteria	Pseudomonadati	Thermodesulfobacteriota	Desulfomonilia	Desulfomonilales	Desulfomonilaceae	0.0000	0.0000	0.0000
Dissulfuribacter	1433998	G	Bacteria	Pseudomonadati	Thermodesulfobacteriota	Dissulfuribacteria	Dissulfuribacterales	Dissulfuribacteraceae	0.0000	0.0000	0.0000
Desulfoglaeba	361106	G	Bacteria	Pseudomonadati	Thermodesulfobacteriota	Syntrophobacteria	Syntrophobacterales	Syntrophobacteraceae	0.0000	0.0000	0.0000
Syntrophobacter	29526	G	Bacteria	Pseudomonadati	Thermodesulfobacteriota	Syntrophobacteria	Syntrophobacterales	Syntrophobacteraceae	0.0000	0.0000	0.0000
Bdellovibrio	958	G	Bacteria	Pseudomonadati	Bdellovibrionota	Bdellovibrionia	Bdellovibrionales	Pseudobdellovibrionaceae	0.0140	0.0040	0.0080
Micavibrio	213485	G	Bacteria	Pseudomonadati	Bdellovibrionota	Bdellovibrionia	Bdellovibrionales	Pseudobdellovibrionaceae	0.0030	0.0000	0.0010
Pseudobdellovibrio	2862745	G	Bacteria	Pseudomonadati	Bdellovibrionota	Bdellovibrionia	Bdellovibrionales	Pseudobdellovibrionaceae	0.0030	0.0000	0.0010
Pigmentibacter	2838409	G	Bacteria	Pseudomonadati	Bdellovibrionota	Oligoflexia	Silvanigrellales	Silvanigrellaceae	0.0040	0.0080	0.0080
Fluviispira	2698753	G	Bacteria	Pseudomonadati	Bdellovibrionota	Oligoflexia	Silvanigrellales	Silvanigrellaceae	0.0010	0.0010	0.0030
Silvanigrella	2024975	G	Bacteria	Pseudomonadati	Bdellovibrionota	Oligoflexia	Silvanigrellales	Silvanigrellaceae	0.0010	0.0000	0.0000
Spirobacillus	495819	G	Bacteria	Pseudomonadati	Bdellovibrionota	Oligoflexia	Silvanigrellales		0.0000	0.0000	0.0000
Bacteriovorax	146784	G	Bacteria	Pseudomonadati	Bdellovibrionota	Bacteriovoracia	Bacteriovoracales	Bacteriovoracaceae	0.0020	0.0010	0.0050
Peredibacter	263370	G	Bacteria	Pseudomonadati	Bdellovibrionota	Bacteriovoracia	Bacteriovoracales	Bacteriovoracaceae	0.0010	0.0010	0.0010
Halobacteriovorax	1652133	G	Bacteria	Pseudomonadati	Bdellovibrionota	Bacteriovoracia	Bacteriovoracales	Halobacteriovoraceae	0.0020	0.0000	0.0010
Myxococcus	32	G	Bacteria	Pseudomonadati	Myxococcota	Myxococcia	Myxococcales	Myxococcaceae	0.0020	0.0000	0.0010
Corallococcus	83461	G	Bacteria	Pseudomonadati	Myxococcota	Myxococcia	Myxococcales	Myxococcaceae	0.0020	0.0000	0.0010
Pyxidicoccus	224458	G	Bacteria	Pseudomonadati	Myxococcota	Myxococcia	Myxococcales	Myxococcaceae	0.0010	0.0000	0.0000
Pseudomyxococcus	3434272	G	Bacteria	Pseudomonadati	Myxococcota	Myxococcia	Myxococcales	Myxococcaceae	0.0000	0.0000	0.0000
Archangium	47	G	Bacteria	Pseudomonadati	Myxococcota	Myxococcia	Myxococcales	Archangiaceae	0.0030	0.0000	0.0010
Cystobacter	42	G	Bacteria	Pseudomonadati	Myxococcota	Myxococcia	Myxococcales	Archangiaceae	0.0010	0.0000	0.0000
Melittangium	44	G	Bacteria	Pseudomonadati	Myxococcota	Myxococcia	Myxococcales	Archangiaceae	0.0000	0.0000	0.0010
Stigmatella	40	G	Bacteria	Pseudomonadati	Myxococcota	Myxococcia	Myxococcales	Archangiaceae	0.0000	0.0000	0.0000
Anaeromyxobacter	161492	G	Bacteria	Pseudomonadati	Myxococcota	Myxococcia	Myxococcales	Anaeromyxobacteraceae	0.0010	0.0000	0.0000
Vulgatibacter	1524214	G	Bacteria	Pseudomonadati	Myxococcota	Myxococcia	Myxococcales	Vulgatibacteraceae	0.0000	0.0000	0.0000
Pendulispora	3375062	G	Bacteria	Pseudomonadati	Myxococcota	Myxococcia	Myxococcales	Pendulisporaceae	0.0010	0.0000	0.0000
Sorangium	39643	G	Bacteria	Pseudomonadati	Myxococcota		Polyangiales	Polyangiaceae	0.0080	0.0010	0.0050
Polyangium	55	G	Bacteria	Pseudomonadati	Myxococcota		Polyangiales	Polyangiaceae	0.0000	0.0000	0.0000
Chondromyces	50	G	Bacteria	Pseudomonadati	Myxococcota		Polyangiales	Polyangiaceae	0.0000	0.0000	0.0000
Labilithrix	1524217	G	Bacteria	Pseudomonadati	Myxococcota		Polyangiales	Labilitrichaceae	0.0010	0.0010	0.0000
Sandaracinus	1055688	G	Bacteria	Pseudomonadati	Myxococcota		Polyangiales	Sandaracinaceae	0.0000	0.0000	0.0000
Nannocystis	53	G	Bacteria	Pseudomonadati	Myxococcota		Nannocystales	Nannocystaceae	0.0010	0.0000	0.0000
Haliangium	162027	G	Bacteria	Pseudomonadati	Myxococcota		Haliangiales	Kofleriaceae	0.0000	0.0000	0.0000
Tunturiibacter	3154218	G	Bacteria	Pseudomonadati	Acidobacteriota	Terriglobia	Terriglobales	Acidobacteriaceae	0.0030	0.0020	0.0060
Terriglobus	392733	G	Bacteria	Pseudomonadati	Acidobacteriota	Terriglobia	Terriglobales	Acidobacteriaceae	0.0020	0.0000	0.0010
Granulicella	940557	G	Bacteria	Pseudomonadati	Acidobacteriota	Terriglobia	Terriglobales	Acidobacteriaceae	0.0020	0.0000	0.0000
Alloacidobacterium	2951993	G	Bacteria	Pseudomonadati	Acidobacteriota	Terriglobia	Terriglobales	Acidobacteriaceae	0.0020	0.0000	0.0000
Telmatobacter	1078829	G	Bacteria	Pseudomonadati	Acidobacteriota	Terriglobia	Terriglobales	Acidobacteriaceae	0.0020	0.0000	0.0010
Edaphobacter	388463	G	Bacteria	Pseudomonadati	Acidobacteriota	Terriglobia	Terriglobales	Acidobacteriaceae	0.0010	0.0000	0.0000
Acidisarcina	2608728	G	Bacteria	Pseudomonadati	Acidobacteriota	Terriglobia	Terriglobales	Acidobacteriaceae	0.0010	0.0000	0.0000
Acidobacterium	33973	G	Bacteria	Pseudomonadati	Acidobacteriota	Terriglobia	Terriglobales	Acidobacteriaceae	0.0010	0.0000	0.0000
Silvibacterium	1775468	G	Bacteria	Pseudomonadati	Acidobacteriota	Terriglobia	Terriglobales	Acidobacteriaceae	0.0000	0.0000	0.0000
Occallatibacter	1742983	G	Bacteria	Pseudomonadati	Acidobacteriota	Terriglobia	Terriglobales	Acidobacteriaceae	0.0000	0.0000	0.0000
Candidatus Korobacter	658061	G	Bacteria	Pseudomonadati	Acidobacteriota	Terriglobia	Terriglobales	Candidatus Korobacteraceae	0.0000	0.0000	0.0000
Paludibaculum	1649475	G	Bacteria	Pseudomonadati	Acidobacteriota	Terriglobia	Bryobacterales	Bryobacteraceae	0.0010	0.0000	0.0000
Geothrix	44675	G	Bacteria	Pseudomonadati	Acidobacteriota	Holophagae	Holophagales	Holophagaceae	0.0010	0.0000	0.0010
Mesoterricola	3074468	G	Bacteria	Pseudomonadati	Acidobacteriota	Holophagae	Holophagales	Holophagaceae	0.0010	0.0000	0.0000
Acanthopleuribacter	442869	G	Bacteria	Pseudomonadati	Acidobacteriota	Holophagae	Acanthopleuribacterales	Acanthopleuribacteraceae	0.0010	0.0000	0.0000
Sulfidibacter	2915177	G	Bacteria	Pseudomonadati	Acidobacteriota	Holophagae	Acanthopleuribacterales	Acanthopleuribacteraceae	0.0000	0.0000	0.0000
Thermotomaculum	1172428	G	Bacteria	Pseudomonadati	Acidobacteriota	Holophagae	Thermotomaculales	Thermotomaculaceae	0.0000	0.0000	0.0010
Luteitalea	2004797	G	Bacteria	Pseudomonadati	Acidobacteriota	Vicinamibacteria	Vicinamibacterales	Vicinamibacteraceae	0.0010	0.0000	0.0010
Chloracidobacterium	458032	G	Bacteria	Pseudomonadati	Acidobacteriota	Blastocatellia	Chloracidobacteriales	Chloracidobacteriaceae	0.0010	0.0000	0.0020
Desulfurobacterium	64159	G	Bacteria	Pseudomonadati	Aquificota	Aquificia	Desulfurobacteriales	Desulfurobacteriaceae	0.0150	0.0120	0.0170
Thermovibrio	171868	G	Bacteria	Pseudomonadati	Aquificota	Aquificia	Desulfurobacteriales	Desulfurobacteriaceae	0.0000	0.0000	0.0000
Hydrogenobacter	939	G	Bacteria	Pseudomonadati	Aquificota	Aquificia	Aquificales	Aquificaceae	0.0010	0.0000	0.0000
Thermocrinis	75905	G	Bacteria	Pseudomonadati	Aquificota	Aquificia	Aquificales	Aquificaceae	0.0010	0.0000	0.0010
Pampinifervens	3453421	G	Bacteria	Pseudomonadati	Aquificota	Aquificia	Aquificales	Aquificaceae	0.0000	0.0000	0.0000
Hydrogenobaculum	168657	G	Bacteria	Pseudomonadati	Aquificota	Aquificia	Aquificales	Aquificaceae	0.0000	0.0000	0.0000
Aquifex	2713	G	Bacteria	Pseudomonadati	Aquificota	Aquificia	Aquificales	Aquificaceae	0.0000	0.0000	0.0010
Sulfurihydrogenibium	212790	G	Bacteria	Pseudomonadati	Aquificota	Aquificia	Aquificales	Hydrogenothermaceae	0.0000	0.0070	0.0000
Persephonella	182899	G	Bacteria	Pseudomonadati	Aquificota	Aquificia	Aquificales	Hydrogenothermaceae	0.0000	0.0000	0.0000
Nitrospira	1234	G	Bacteria	Pseudomonadati	Nitrospirota	Nitrospiria	Nitrospirales	Nitrospiraceae	0.0130	0.0090	0.0090
Leptospirillum	179	G	Bacteria	Pseudomonadati	Nitrospirota	Nitrospiria	Nitrospirales	Nitrospiraceae	0.0010	0.0000	0.0000
Candidatus Magnetomonas	3459270	G	Bacteria	Pseudomonadati	Nitrospirota	Nitrospiria			0.0010	0.0000	0.0000
Dissulfurispira	2811506	G	Bacteria	Pseudomonadati	Nitrospirota	Thermodesulfovibrionia	Thermodesulfovibrionales	Dissulfurispiraceae	0.0020	0.0030	0.0010
Thermodesulfovibrio	28261	G	Bacteria	Pseudomonadati	Nitrospirota	Thermodesulfovibrionia	Thermodesulfovibrionales	Thermodesulfovibrionaceae	0.0010	0.0000	0.0010
Deferribacter	53572	G	Bacteria	Pseudomonadati	Deferribacterota	Deferribacteres	Deferribacterales	Deferribacteraceae	0.0030	0.0050	0.0020
Geovibrio	46200	G	Bacteria	Pseudomonadati	Deferribacterota	Deferribacteres	Deferribacterales	Geovibrionaceae	0.0000	0.0000	0.0000
Denitrovibrio	117999	G	Bacteria	Pseudomonadati	Deferribacterota	Deferribacteres	Deferribacterales	Geovibrionaceae	0.0000	0.0000	0.0000
Mucispirillum	248038	G	Bacteria	Pseudomonadati	Deferribacterota	Deferribacteres	Deferribacterales	Mucispirillaceae	0.0010	0.0000	0.0000
Flexistipes	2351	G	Bacteria	Pseudomonadati	Deferribacterota	Deferribacteres	Deferribacterales	Flexistipitaceae	0.0000	0.0000	0.0010
Calditerrivibrio	545865	G	Bacteria	Pseudomonadati	Deferribacterota	Deferribacteres	Deferribacterales	Calditerrivibrionaceae	0.0000	0.0000	0.0010
Atribacter	2847777	G	Bacteria	Pseudomonadati	Atribacterota	Atribacteria	Atribacterales	Atribacteraceae	0.0030	0.0000	0.0010
Candidatus Caldatribacterium	1454725	G	Bacteria	Pseudomonadati	Atribacterota	Atribacteria	Atribacterales	Candidatus Caldatribacteriaceae	0.0010	0.0000	0.0010
Thermodesulfobium	227388	G	Bacteria	Pseudomonadati	Thermodesulfobiota	Thermodesulfobiia	Thermodesulfobiales	Thermodesulfobiaceae	0.0040	0.0010	0.0030
Dictyoglomus	13	G	Bacteria	Pseudomonadati	Dictyoglomota	Dictyoglomia	Dictyoglomales	Dictyoglomaceae	0.0020	0.0070	0.0010
Coprothermobacter	68335	G	Bacteria	Pseudomonadati	Coprothermobacterota	Coprothermobacteria	Coprothermobacterales	Coprothermobacteraceae	0.0010	0.0000	0.0000
Caldisericum	693074	G	Bacteria	Pseudomonadati	Caldisericota	Caldisericia	Caldisericales	Caldisericaceae	0.0010	0.0010	0.0010
Desulfurispirillum	393029	G	Bacteria	Pseudomonadati	Chrysiogenota	Chrysiogenia	Chrysiogenales	Chrysiogenaceae	0.0010	0.0000	0.0000
Elusimicrobium	423604	G	Bacteria	Pseudomonadati	Elusimicrobiota	Elusimicrobia	Elusimicrobiales	Elusimicrobiaceae	0.0000	0.0000	0.0000
Candidatus Endomicrobiellum	3238959	G	Bacteria	Pseudomonadati	Elusimicrobiota	Endomicrobiia	Endomicrobiales	Endomicrobiaceae	0.0000	0.0000	0.0000
Thermomicrobium	499	G	Bacteria	Pseudomonadati	Thermomicrobiota	Thermomicrobia	Thermomicrobiales	Thermomicrobiaceae	0.0010	0.0000	0.0000
Caldithrix	187144	G	Bacteria	Pseudomonadati	Calditrichota	Calditrichia	Calditrichales	Calditrichaceae	0.0000	0.0000	0.0000
Nitrospina	35800	G	Bacteria	Pseudomonadati	Nitrospinota	Nitrospinia	Nitrospinales	Nitrospinaceae	0.0000	0.0000	0.0000
Thermosulfidibacter	412592	G	Bacteria	Pseudomonadati	Thermosulfidibacterota	Thermosulfidibacteria	Thermosulfidibacterales	Thermosulfidibacteraceae	0.0000	0.0000	0.0000
Zhurongbacter	3470744	G	Bacteria	Pseudomonadati	Zhurongbacterota				0.0000	0.0000	0.0000
Fusobacterium	848	G	Bacteria	Fusobacteriati	Fusobacteriota	Fusobacteriia	Fusobacteriales	Fusobacteriaceae	0.0790	0.1740	0.1350
Cetobacterium	180162	G	Bacteria	Fusobacteriati	Fusobacteriota	Fusobacteriia	Fusobacteriales	Fusobacteriaceae	0.0160	0.0350	0.0250
Ilyobacter	167639	G	Bacteria	Fusobacteriati	Fusobacteriota	Fusobacteriia	Fusobacteriales	Fusobacteriaceae	0.0040	0.0090	0.0070
Leptotrichia	32067	G	Bacteria	Fusobacteriati	Fusobacteriota	Fusobacteriia	Fusobacteriales	Leptotrichiaceae	0.0260	0.0750	0.0350
Streptobacillus	34104	G	Bacteria	Fusobacteriati	Fusobacteriota	Fusobacteriia	Fusobacteriales	Leptotrichiaceae	0.0030	0.0010	0.0120
Sneathia	168808	G	Bacteria	Fusobacteriati	Fusobacteriota	Fusobacteriia	Fusobacteriales	Leptotrichiaceae	0.0020	0.0050	0.0040
Pseudoleptotrichia	2755140	G	Bacteria	Fusobacteriati	Fusobacteriota	Fusobacteriia	Fusobacteriales	Leptotrichiaceae	0.0020	0.0050	0.0020
Sebaldella	32068	G	Bacteria	Fusobacteriati	Fusobacteriota	Fusobacteriia	Fusobacteriales	Leptotrichiaceae	0.0020	0.0010	0.0010
Haliovirga	3072462	G	Bacteria	Fusobacteriati	Fusobacteriota	Fusobacteriia	Fusobacteriales	Haliovirgaceae	0.0040	0.0060	0.0050
Thermanaerovibrio	81461	G	Bacteria	Thermotogati	Synergistota	Synergistia	Synergistales	Synergistaceae	0.0410	0.0000	0.0110
Cloacibacillus	508459	G	Bacteria	Thermotogati	Synergistota	Synergistia	Synergistales	Synergistaceae	0.0000	0.0000	0.0000
Pyramidobacter	638847	G	Bacteria	Thermotogati	Synergistota	Synergistia	Synergistales	Dethiosulfovibrionaceae	0.0220	0.0190	0.0040
Aminobacterium	81466	G	Bacteria	Thermotogati	Synergistota	Synergistia	Synergistales	Aminobacteriaceae	0.0020	0.0020	0.0010
Marinitoga	160798	G	Bacteria	Thermotogati	Thermotogota	Thermotogae	Petrotogales	Petrotogaceae	0.0080	0.0070	0.0120
Oceanotoga	1255275	G	Bacteria	Thermotogati	Thermotogota	Thermotogae	Petrotogales	Petrotogaceae	0.0010	0.0010	0.0020
Petrotoga	28236	G	Bacteria	Thermotogati	Thermotogota	Thermotogae	Petrotogales	Petrotogaceae	0.0010	0.0000	0.0000
Tepiditoga	2778400	G	Bacteria	Thermotogati	Thermotogota	Thermotogae	Petrotogales	Petrotogaceae	0.0010	0.0010	0.0010
Defluviitoga	1511648	G	Bacteria	Thermotogati	Thermotogota	Thermotogae	Petrotogales	Petrotogaceae	0.0000	0.0000	0.0010
Fervidobacterium	2422	G	Bacteria	Thermotogati	Thermotogota	Thermotogae	Thermotogales	Fervidobacteriaceae	0.0030	0.0060	0.0060
Thermosipho	2420	G	Bacteria	Thermotogati	Thermotogota	Thermotogae	Thermotogales	Fervidobacteriaceae	0.0010	0.0080	0.0020
Pseudothermotoga	1643951	G	Bacteria	Thermotogati	Thermotogota	Thermotogae	Thermotogales	Thermotogaceae	0.0010	0.0000	0.0010
Thermotoga	2335	G	Bacteria	Thermotogati	Thermotogota	Thermotogae	Thermotogales	Thermotogaceae	0.0000	0.0000	0.0000
Mesotoga	1184396	G	Bacteria	Thermotogati	Thermotogota	Thermotogae	Kosmotogales	Kosmotogaceae	0.0000	0.0000	0.0000
Kosmotoga	651456	G	Bacteria	Thermotogati	Thermotogota	Thermotogae	Kosmotogales	Kosmotogaceae	0.0000	0.0000	0.0000
Athalassotoga	1769718	G	Bacteria	Thermotogati	Thermotogota	Thermotogae	Mesoaciditogales	Mesoaciditogaceae	0.0000	0.0000	0.0000
Deinococcus	1298	G	Bacteria	Thermotogati	Deinococcota	Deinococci	Deinococcales	Deinococcaceae	0.0070	0.0010	0.0060
Allomeiothermus	2935559	G	Bacteria	Thermotogati	Deinococcota	Deinococci	Thermales	Thermaceae	0.0020	0.0010	0.0000
Thermus	270	G	Bacteria	Thermotogati	Deinococcota	Deinococci	Thermales	Thermaceae	0.0010	0.0000	0.0010
Meiothermus	65551	G	Bacteria	Thermotogati	Deinococcota	Deinococci	Thermales	Thermaceae	0.0000	0.0000	0.0000
Truepera	332248	G	Bacteria	Thermotogati	Deinococcota	Deinococci	Trueperales	Trueperaceae	0.0000	0.0000	0.0000
Candidatus Babela	1551504	G	Bacteria			Candidatus Babeliae	Candidatus Babeliales	Candidatus Babeliaceae	0.0030	0.0000	0.0040
Candidatus Chromulinivorax	2953757	G	Bacteria			Candidatus Babeliae	Candidatus Babeliales	Candidatus Chromulinivoraceae	0.0010	0.0000	0.0000
Candidatus Nanosynbacter	2093823	G	Bacteria		Candidatus Saccharimonadota	Candidatus Saccharimonadia	Candidatus Nanosynbacterales	Candidatus Nanosynbacteraceae	0.0030	0.0000	0.0000
Candidatus Southlakia	3350975	G	Bacteria		Candidatus Saccharimonadota	Candidatus Saccharimonadia	Candidatus Saccharimonadales	Candidatus Saccharimonadaceae	0.0000	0.0000	0.0000
Candidatus Saccharimonas	1331051	G	Bacteria		Candidatus Saccharimonadota	Candidatus Saccharimonadia	Candidatus Saccharimonadales	Candidatus Saccharimonadaceae	0.0000	0.0000	0.0000
Candidatus Mycosynbacter	2831665	G	Bacteria		Candidatus Saccharimonadota				0.0000	0.0000	0.0000
Candidatus Minimicrobia	2905967	G	Bacteria		Candidatus Saccharimonadota				0.0000	0.0000	0.0000
Fervidibacter	1448928	G	Bacteria		Candidatus Fervidibacterota	Fervidibacteria	Fervidibacterales	Fervidibacteraceae	0.0010	0.0000	0.0010
Candidatus Chazhemtobacterium	2715734	G	Bacteria					Candidatus Chazhemtobacteraceae	0.0000	0.0000	0.0000
Minisyncoccus	3238478	G	Bacteria		Minisyncoccota	Minisyncoccia	Minisyncoccales	Minisyncoccaceae	0.0000	0.0000	0.0000
Candidatus Absconditicoccus	2900570	G	Bacteria		Candidatus Absconditibacteriota		Candidatus Absconditabacterales	Candidatus Absconditicoccaceae	0.0000	0.0020	0.0040
Bradymonas	1779136	G	Bacteria			Deltaproteobacteria	Bradymonadales	Bradymonadaceae	0.0000	0.0000	0.0000
Persicimonas	2766927	G	Bacteria			Deltaproteobacteria	Bradymonadales	Bradymonadaceae	0.0000	0.0000	0.0000
Allomicrovenator	2946507	G	Bacteria			Deltaproteobacteria	Bradymonadales	Allomicrovenatoraceae	0.0000	0.0000	0.0000
Dissulfurimicrobium	1769732	G	Bacteria			Deltaproteobacteria			0.0000	0.0000	0.0000
Lathyrus	3853	G	Eukaryota	Viridiplantae	Streptophyta	Magnoliopsida	Fabales	Fabaceae	0.1980	0.3530	0.2980
Vicia	3904	G	Eukaryota	Viridiplantae	Streptophyta	Magnoliopsida	Fabales	Fabaceae	0.1610	0.3250	0.2270
Medicago	3877	G	Eukaryota	Viridiplantae	Streptophyta	Magnoliopsida	Fabales	Fabaceae	0.0590	0.1030	0.0860
Trifolium	3898	G	Eukaryota	Viridiplantae	Streptophyta	Magnoliopsida	Fabales	Fabaceae	0.0980	0.1490	0.1700
Cicer	3826	G	Eukaryota	Viridiplantae	Streptophyta	Magnoliopsida	Fabales	Fabaceae	0.0900	0.1820	0.1300
Lotus	3867	G	Eukaryota	Viridiplantae	Streptophyta	Magnoliopsida	Fabales	Fabaceae	0.0690	0.1250	0.0860
Vigna	3913	G	Eukaryota	Viridiplantae	Streptophyta	Magnoliopsida	Fabales	Fabaceae	0.2050	0.3880	0.3820
Glycine	3846	G	Eukaryota	Viridiplantae	Streptophyta	Magnoliopsida	Fabales	Fabaceae	0.1500	0.3020	0.2590
Cajanus	3820	G	Eukaryota	Viridiplantae	Streptophyta	Magnoliopsida	Fabales	Fabaceae	0.0790	0.1840	0.1490
Phaseolus	3883	G	Eukaryota	Viridiplantae	Streptophyta	Magnoliopsida	Fabales	Fabaceae	0.0530	0.1650	0.0870
Arachis	3817	G	Eukaryota	Viridiplantae	Streptophyta	Magnoliopsida	Fabales	Fabaceae	0.2770	0.5830	0.4080
Lupinus	3869	G	Eukaryota	Viridiplantae	Streptophyta	Magnoliopsida	Fabales	Fabaceae	0.1170	0.2870	0.2150
Malus	3749	G	Eukaryota	Viridiplantae	Streptophyta	Magnoliopsida	Rosales	Rosaceae	0.0880	0.1650	0.1650
Pyrus	3766	G	Eukaryota	Viridiplantae	Streptophyta	Magnoliopsida	Rosales	Rosaceae	0.0450	0.0460	0.0650
Prunus	3754	G	Eukaryota	Viridiplantae	Streptophyta	Magnoliopsida	Rosales	Rosaceae	0.0610	0.0790	0.0790
Fragaria	3746	G	Eukaryota	Viridiplantae	Streptophyta	Magnoliopsida	Rosales	Rosaceae	0.0410	0.0580	0.0380
Argentina	3131914	G	Eukaryota	Viridiplantae	Streptophyta	Magnoliopsida	Rosales	Rosaceae	0.0420	0.0870	0.0370
Rosa	3764	G	Eukaryota	Viridiplantae	Streptophyta	Magnoliopsida	Rosales	Rosaceae	0.0570	0.1090	0.0720
Humulus	3484	G	Eukaryota	Viridiplantae	Streptophyta	Magnoliopsida	Rosales	Cannabaceae	0.2180	0.5770	0.3370
Cannabis	3482	G	Eukaryota	Viridiplantae	Streptophyta	Magnoliopsida	Rosales	Cannabaceae	0.0660	0.1080	0.1080
Ziziphus	72171	G	Eukaryota	Viridiplantae	Streptophyta	Magnoliopsida	Rosales	Rhamnaceae	0.0910	0.1470	0.2200
Hevea	3980	G	Eukaryota	Viridiplantae	Streptophyta	Magnoliopsida	Malpighiales	Euphorbiaceae	0.1290	0.2480	0.1920
Manihot	3982	G	Eukaryota	Viridiplantae	Streptophyta	Magnoliopsida	Malpighiales	Euphorbiaceae	0.0940	0.2130	0.1360
Euphorbia	3990	G	Eukaryota	Viridiplantae	Streptophyta	Magnoliopsida	Malpighiales	Euphorbiaceae	0.1130	0.2080	0.1520
Mercurialis	3984	G	Eukaryota	Viridiplantae	Streptophyta	Magnoliopsida	Malpighiales	Euphorbiaceae	0.1090	0.2230	0.1870
Ricinus	3987	G	Eukaryota	Viridiplantae	Streptophyta	Magnoliopsida	Malpighiales	Euphorbiaceae	0.0460	0.0720	0.0740
Populus	3689	G	Eukaryota	Viridiplantae	Streptophyta	Magnoliopsida	Malpighiales	Salicaceae	0.2530	0.5000	0.4020
Quercus	3511	G	Eukaryota	Viridiplantae	Streptophyta	Magnoliopsida	Fagales	Fagaceae	0.1650	0.1930	0.2000
Castanea	21019	G	Eukaryota	Viridiplantae	Streptophyta	Magnoliopsida	Fagales	Fagaceae	0.0810	0.1760	0.1350
Juglans	16718	G	Eukaryota	Viridiplantae	Streptophyta	Magnoliopsida	Fagales	Juglandaceae	0.1430	0.2280	0.1960
Carya	13402	G	Eukaryota	Viridiplantae	Streptophyta	Magnoliopsida	Fagales	Juglandaceae	0.0700	0.0700	0.0890
Alnus	3515	G	Eukaryota	Viridiplantae	Streptophyta	Magnoliopsida	Fagales	Betulaceae	0.0730	0.1260	0.1010
Corylus	13450	G	Eukaryota	Viridiplantae	Streptophyta	Magnoliopsida	Fagales	Betulaceae	0.0450	0.0750	0.0600
Benincasa	102210	G	Eukaryota	Viridiplantae	Streptophyta	Magnoliopsida	Cucurbitales	Cucurbitaceae	0.1290	0.2810	0.2140
Cucumis	3655	G	Eukaryota	Viridiplantae	Streptophyta	Magnoliopsida	Cucurbitales	Cucurbitaceae	0.2260	0.5270	0.4710
Cucurbita	3660	G	Eukaryota	Viridiplantae	Streptophyta	Magnoliopsida	Cucurbitales	Cucurbitaceae	0.0300	0.0420	0.0450
Tripterygium	123484	G	Eukaryota	Viridiplantae	Streptophyta	Magnoliopsida	Celastrales	Celastraceae	0.0570	0.0590	0.0750
Gossypium	3633	G	Eukaryota	Viridiplantae	Streptophyta	Magnoliopsida	Malvales	Malvaceae	0.3490	0.5780	0.4750
Theobroma	3640	G	Eukaryota	Viridiplantae	Streptophyta	Magnoliopsida	Malvales	Malvaceae	0.0480	0.0900	0.0670
Eucalyptus	3932	G	Eukaryota	Viridiplantae	Streptophyta	Magnoliopsida	Myrtales	Myrtaceae	0.1220	0.1100	0.0770
Rhodamnia	178132	G	Eukaryota	Viridiplantae	Streptophyta	Magnoliopsida	Myrtales	Myrtaceae	0.0990	0.0300	0.0350
Punica	22662	G	Eukaryota	Viridiplantae	Streptophyta	Magnoliopsida	Myrtales	Lythraceae	0.0910	0.0630	0.0530
Brassica	3705	G	Eukaryota	Viridiplantae	Streptophyta	Magnoliopsida	Brassicales	Brassicaceae	0.2580	0.6940	0.6100
Raphanus	3725	G	Eukaryota	Viridiplantae	Streptophyta	Magnoliopsida	Brassicales	Brassicaceae	0.0940	0.2140	0.2350
Camelina	71323	G	Eukaryota	Viridiplantae	Streptophyta	Magnoliopsida	Brassicales	Brassicaceae	0.0600	0.0900	0.0720
Arabidopsis	3701	G	Eukaryota	Viridiplantae	Streptophyta	Magnoliopsida	Brassicales	Brassicaceae	0.0100	0.0230	0.0140
Mangifera	23461	G	Eukaryota	Viridiplantae	Streptophyta	Magnoliopsida	Sapindales	Anacardiaceae	0.0820	0.1650	0.1480
Citrus	2706	G	Eukaryota	Viridiplantae	Streptophyta	Magnoliopsida	Sapindales	Rutaceae	0.0490	0.0850	0.0790
Vitis	3603	G	Eukaryota	Viridiplantae	Streptophyta	Magnoliopsida	Vitales	Vitaceae	0.1220	0.2180	0.1970
Solanum	4107	G	Eukaryota	Viridiplantae	Streptophyta	Magnoliopsida	Solanales	Solanaceae	0.5310	1.0880	0.8820
Capsicum	4071	G	Eukaryota	Viridiplantae	Streptophyta	Magnoliopsida	Solanales	Solanaceae	0.3770	0.5730	0.5110
Lycium	24646	G	Eukaryota	Viridiplantae	Streptophyta	Magnoliopsida	Solanales	Solanaceae	0.2080	0.3180	0.2860
Nicotiana	4085	G	Eukaryota	Viridiplantae	Streptophyta	Magnoliopsida	Solanales	Solanaceae	0.4340	0.7150	0.5900
Ipomoea	4119	G	Eukaryota	Viridiplantae	Streptophyta	Magnoliopsida	Solanales	Convolvulaceae	0.0530	0.0980	0.0880
Primulina	48772	G	Eukaryota	Viridiplantae	Streptophyta	Magnoliopsida	Lamiales	Gesneriaceae	0.1840	0.3130	0.2700
Henckelia	199091	G	Eukaryota	Viridiplantae	Streptophyta	Magnoliopsida	Lamiales	Gesneriaceae	0.0640	0.0810	0.1040
Salvia	21880	G	Eukaryota	Viridiplantae	Streptophyta	Magnoliopsida	Lamiales	Lamiaceae	0.1500	0.2660	0.2130
Olea	4145	G	Eukaryota	Viridiplantae	Streptophyta	Magnoliopsida	Lamiales	Oleaceae	0.1320	0.2090	0.1900
Sesamum	4181	G	Eukaryota	Viridiplantae	Streptophyta	Magnoliopsida	Lamiales	Pedaliaceae	0.0500	0.1150	0.0760
Coffea	13442	G	Eukaryota	Viridiplantae	Streptophyta	Magnoliopsida	Gentianales	Rubiaceae	0.2350	0.2360	0.1590
Lactuca	4235	G	Eukaryota	Viridiplantae	Streptophyta	Magnoliopsida	Asterales	Asteraceae	0.6320	1.1560	1.0490
Rutidosis	125764	G	Eukaryota	Viridiplantae	Streptophyta	Magnoliopsida	Asterales	Asteraceae	0.2320	0.4100	0.3190
Helianthus	4231	G	Eukaryota	Viridiplantae	Streptophyta	Magnoliopsida	Asterales	Asteraceae	0.1940	0.2610	0.2130
Erigeron	41574	G	Eukaryota	Viridiplantae	Streptophyta	Magnoliopsida	Asterales	Asteraceae	0.0950	0.1760	0.1250
Cynara	4264	G	Eukaryota	Viridiplantae	Streptophyta	Magnoliopsida	Asterales	Asteraceae	0.1090	0.1990	0.1500
Apium	4044	G	Eukaryota	Viridiplantae	Streptophyta	Magnoliopsida	Apiales	Apiaceae	0.1750	0.3700	0.2580
Daucus	4038	G	Eukaryota	Viridiplantae	Streptophyta	Magnoliopsida	Apiales	Apiaceae	0.0660	0.1530	0.1180
Impatiens	35939	G	Eukaryota	Viridiplantae	Streptophyta	Magnoliopsida	Ericales	Balsaminaceae	0.1000	0.2050	0.1570
Actinidia	3624	G	Eukaryota	Viridiplantae	Streptophyta	Magnoliopsida	Ericales	Actinidiaceae	0.0880	0.1760	0.1360
Diospyros	13492	G	Eukaryota	Viridiplantae	Streptophyta	Magnoliopsida	Ericales	Ebenaceae	0.0780	0.0680	0.0880
Rhododendron	4346	G	Eukaryota	Viridiplantae	Streptophyta	Magnoliopsida	Ericales	Ericaceae	0.0510	0.0840	0.0530
Beta	3554	G	Eukaryota	Viridiplantae	Streptophyta	Magnoliopsida	Caryophyllales	Chenopodiaceae	0.0900	0.1190	0.1320
Spinacia	3561	G	Eukaryota	Viridiplantae	Streptophyta	Magnoliopsida	Caryophyllales	Chenopodiaceae	0.1370	0.2850	0.2670
Silene	3573	G	Eukaryota	Viridiplantae	Streptophyta	Magnoliopsida	Caryophyllales	Caryophyllaceae	0.1270	0.1900	0.1620
Amaranthus	3564	G	Eukaryota	Viridiplantae	Streptophyta	Magnoliopsida	Caryophyllales	Amaranthaceae	0.0910	0.1880	0.2050
Malania	397391	G	Eukaryota	Viridiplantae	Streptophyta	Magnoliopsida	Santalales	Ximeniaceae	0.1320	0.2110	0.1930
Triticum	4564	G	Eukaryota	Viridiplantae	Streptophyta	Magnoliopsida	Poales	Poaceae	0.3140	0.3700	0.3230
Aegilops	4480	G	Eukaryota	Viridiplantae	Streptophyta	Magnoliopsida	Poales	Poaceae	0.0550	0.1030	0.0900
Hordeum	4512	G	Eukaryota	Viridiplantae	Streptophyta	Magnoliopsida	Poales	Poaceae	0.1790	0.2310	0.1990
Lolium	4520	G	Eukaryota	Viridiplantae	Streptophyta	Magnoliopsida	Poales	Poaceae	0.1170	0.1340	0.1250
Brachypodium	15367	G	Eukaryota	Viridiplantae	Streptophyta	Magnoliopsida	Poales	Poaceae	0.0190	0.0210	0.0130
Oryza	4527	G	Eukaryota	Viridiplantae	Streptophyta	Magnoliopsida	Poales	Poaceae	0.0810	0.1170	0.1020
Miscanthus	62336	G	Eukaryota	Viridiplantae	Streptophyta	Magnoliopsida	Poales	Poaceae	0.0890	0.1150	0.0710
Zea	4575	G	Eukaryota	Viridiplantae	Streptophyta	Magnoliopsida	Poales	Poaceae	0.0690	0.0860	0.0910
Sorghum	4557	G	Eukaryota	Viridiplantae	Streptophyta	Magnoliopsida	Poales	Poaceae	0.0300	0.0410	0.0290
Panicum	4539	G	Eukaryota	Viridiplantae	Streptophyta	Magnoliopsida	Poales	Poaceae	0.0660	0.0890	0.0690
Setaria	4554	G	Eukaryota	Viridiplantae	Streptophyta	Magnoliopsida	Poales	Poaceae	0.0400	0.0420	0.0280
Phragmites	15745	G	Eukaryota	Viridiplantae	Streptophyta	Magnoliopsida	Poales	Poaceae	0.0830	0.0950	0.0740
Ananas	4614	G	Eukaryota	Viridiplantae	Streptophyta	Magnoliopsida	Poales	Bromeliaceae	0.0490	0.0970	0.0510
Carex	13398	G	Eukaryota	Viridiplantae	Streptophyta	Magnoliopsida	Poales	Cyperaceae	0.0660	0.1750	0.1960
Typha	4732	G	Eukaryota	Viridiplantae	Streptophyta	Magnoliopsida	Poales	Typhaceae	0.0430	0.0920	0.0960
Zingiber	4650	G	Eukaryota	Viridiplantae	Streptophyta	Magnoliopsida	Zingiberales	Zingiberaceae	0.1950	0.2600	0.2680
Curcuma	99568	G	Eukaryota	Viridiplantae	Streptophyta	Magnoliopsida	Zingiberales	Zingiberaceae	0.0620	0.1010	0.0720
Musa	4640	G	Eukaryota	Viridiplantae	Streptophyta	Magnoliopsida	Zingiberales	Musaceae	0.1950	0.6030	0.4460
Elaeis	51952	G	Eukaryota	Viridiplantae	Streptophyta	Magnoliopsida	Arecales	Arecaceae	0.1090	0.1630	0.1390
Phoenix	4719	G	Eukaryota	Viridiplantae	Streptophyta	Magnoliopsida	Arecales	Arecaceae	0.0490	0.0820	0.0830
Asparagus	4685	G	Eukaryota	Viridiplantae	Streptophyta	Magnoliopsida	Asparagales	Asparagaceae	0.0880	0.1130	0.1020
Dioscorea	4672	G	Eukaryota	Viridiplantae	Streptophyta	Magnoliopsida	Dioscoreales	Dioscoreaceae	0.0800	0.2000	0.1110
Wolffia	161109	G	Eukaryota	Viridiplantae	Streptophyta	Magnoliopsida	Alismatales	Araceae	0.0540	0.1070	0.0850
Papaver	3468	G	Eukaryota	Viridiplantae	Streptophyta	Magnoliopsida	Ranunculales	Papaveraceae	0.1990	0.3170	0.2470
Telopea	54954	G	Eukaryota	Viridiplantae	Streptophyta	Magnoliopsida	Proteales	Proteaceae	0.0780	0.0960	0.0860
Macadamia	4329	G	Eukaryota	Viridiplantae	Streptophyta	Magnoliopsida	Proteales	Proteaceae	0.0570	0.0350	0.0710
Magnolia	3402	G	Eukaryota	Viridiplantae	Streptophyta	Magnoliopsida	Magnoliales	Magnoliaceae	0.1200	0.1630	0.1170
Nymphaea	4418	G	Eukaryota	Viridiplantae	Streptophyta	Magnoliopsida	Nymphaeales	Nymphaeaceae	0.0330	0.0460	0.0550
Cryptomeria	3368	G	Eukaryota	Viridiplantae	Streptophyta	Pinopsida	Cupressales	Cupressaceae	0.6010	1.0850	0.9460
Physcomitrium	37414	G	Eukaryota	Viridiplantae	Streptophyta	Bryopsida	Funariales	Funariaceae	0.0710	0.1670	0.1210
Ostreococcus	70447	G	Eukaryota	Viridiplantae	Chlorophyta	Mamiellophyceae	Mamiellales	Bathycoccaceae	0.0030	0.0040	0.0020
Bathycoccus	41874	G	Eukaryota	Viridiplantae	Chlorophyta	Mamiellophyceae	Mamiellales	Bathycoccaceae	0.0010	0.0000	0.0010
Micromonas	38832	G	Eukaryota	Viridiplantae	Chlorophyta	Mamiellophyceae	Mamiellales	Mamiellaceae	0.0020	0.0000	0.0000
Chlamydomonas	3052	G	Eukaryota	Viridiplantae	Chlorophyta	Chlorophyceae	Chlamydomonadales	Chlamydomonadaceae	0.0040	0.0000	0.0020
Homo	9605	G	Eukaryota	Metazoa	Chordata	Mammalia	Primates	Hominidae	1.0180	1.7060	1.7430
Zygosaccharomyces	4953	G	Eukaryota	Fungi	Ascomycota	Saccharomycetes	Saccharomycetales	Saccharomycetaceae	0.1650	0.0200	0.0190
Saccharomyces	4930	G	Eukaryota	Fungi	Ascomycota	Saccharomycetes	Saccharomycetales	Saccharomycetaceae	0.0140	0.0100	0.0220
Naumovozyma	278028	G	Eukaryota	Fungi	Ascomycota	Saccharomycetes	Saccharomycetales	Saccharomycetaceae	0.0070	0.0160	0.0200
Tetrapisispora	113604	G	Eukaryota	Fungi	Ascomycota	Saccharomycetes	Saccharomycetales	Saccharomycetaceae	0.0050	0.0070	0.0050
Torulaspora	4948	G	Eukaryota	Fungi	Ascomycota	Saccharomycetes	Saccharomycetales	Saccharomycetaceae	0.0060	0.0010	0.0010
Kluyveromyces	4910	G	Eukaryota	Fungi	Ascomycota	Saccharomycetes	Saccharomycetales	Saccharomycetaceae	0.0050	0.0020	0.0050
Eremothecium	33170	G	Eukaryota	Fungi	Ascomycota	Saccharomycetes	Saccharomycetales	Saccharomycetaceae	0.0080	0.0010	0.0040
Zygotorulaspora	1196389	G	Eukaryota	Fungi	Ascomycota	Saccharomycetes	Saccharomycetales	Saccharomycetaceae	0.0050	0.0010	0.0030
Nakaseomyces	374468	G	Eukaryota	Fungi	Ascomycota	Saccharomycetes	Saccharomycetales	Saccharomycetaceae	0.0050	0.0030	0.0090
Henningerozyma	3163253	G	Eukaryota	Fungi	Ascomycota	Saccharomycetes	Saccharomycetales	Saccharomycetaceae	0.0030	0.0060	0.0040
Kazachstania	71245	G	Eukaryota	Fungi	Ascomycota	Saccharomycetes	Saccharomycetales	Saccharomycetaceae	0.0030	0.0040	0.0020
Lachancea	300275	G	Eukaryota	Fungi	Ascomycota	Saccharomycetes	Saccharomycetales	Saccharomycetaceae	0.0010	0.0000	0.0000
Huiozyma	3163251	G	Eukaryota	Fungi	Ascomycota	Saccharomycetes	Saccharomycetales	Saccharomycetaceae	0.0010	0.0010	0.0010
Saccharomycodes	36034	G	Eukaryota	Fungi	Ascomycota	Saccharomycetes	Saccharomycodales	Saccharomycodaceae	0.0070	0.0090	0.0160
Candida	5475	G	Eukaryota	Fungi	Ascomycota	Pichiomycetes	Serinales	Debaryomycetaceae	0.0260	0.0120	0.0130
Lodderomyces	36913	G	Eukaryota	Fungi	Ascomycota	Pichiomycetes	Serinales	Debaryomycetaceae	0.0030	0.0020	0.0050
Debaryomyces	4958	G	Eukaryota	Fungi	Ascomycota	Pichiomycetes	Serinales	Debaryomycetaceae	0.0040	0.0030	0.0010
Scheffersomyces	766733	G	Eukaryota	Fungi	Ascomycota	Pichiomycetes	Serinales	Debaryomycetaceae	0.0020	0.0000	0.0010
Yamadazyma	766765	G	Eukaryota	Fungi	Ascomycota	Pichiomycetes	Serinales	Debaryomycetaceae	0.0010	0.0010	0.0010
Candidozyma	3303203	G	Eukaryota	Fungi	Ascomycota	Pichiomycetes	Serinales	Metschnikowiaceae	0.0010	0.0000	0.0010
Australozyma	3300567	G	Eukaryota	Fungi	Ascomycota	Pichiomycetes	Serinales	Metschnikowiaceae	0.0010	0.0000	0.0000
Brettanomyces	13366	G	Eukaryota	Fungi	Ascomycota	Pichiomycetes	Pichiales	Pichiaceae	0.0030	0.0020	0.0010
Ogataea	461281	G	Eukaryota	Fungi	Ascomycota	Pichiomycetes	Pichiales	Pichiaceae	0.0020	0.0010	0.0010
Pichia	4919	G	Eukaryota	Fungi	Ascomycota	Pichiomycetes	Pichiales	Pichiaceae	0.0020	0.0010	0.0000
Komagataella	460517	G	Eukaryota	Fungi	Ascomycota	Pichiomycetes	Pichiales	Pichiaceae	0.0010	0.0000	0.0000
Sugiyamaella	410829	G	Eukaryota	Fungi	Ascomycota	Dipodascomycetes	Dipodascales	Trichomonascaceae	0.0030	0.0000	0.0020
Yarrowia	4951	G	Eukaryota	Fungi	Ascomycota	Dipodascomycetes	Dipodascales		0.0000	0.0000	0.0000
Fusarium	5506	G	Eukaryota	Fungi	Ascomycota	Sordariomycetes	Hypocreales	Nectriaceae	0.0230	0.0180	0.0280
Pochonia	243023	G	Eukaryota	Fungi	Ascomycota	Sordariomycetes	Hypocreales	Clavicipitaceae	0.0070	0.0080	0.0060
Ustilaginoidea	124426	G	Eukaryota	Fungi	Ascomycota	Sordariomycetes	Hypocreales	Clavicipitaceae	0.0020	0.0030	0.0080
Metarhizium	5529	G	Eukaryota	Fungi	Ascomycota	Sordariomycetes	Hypocreales	Clavicipitaceae	0.0010	0.0010	0.0010
Trichoderma	5543	G	Eukaryota	Fungi	Ascomycota	Sordariomycetes	Hypocreales	Hypocreaceae	0.0090	0.0030	0.0060
Purpureocillium	1052105	G	Eukaryota	Fungi	Ascomycota	Sordariomycetes	Hypocreales	Ophiocordycipitaceae	0.0010	0.0010	0.0010
Drechmeria	98402	G	Eukaryota	Fungi	Ascomycota	Sordariomycetes	Hypocreales	Ophiocordycipitaceae	0.0010	0.0010	0.0010
Akanthomyces	150366	G	Eukaryota	Fungi	Ascomycota	Sordariomycetes	Hypocreales	Cordycipitaceae	0.0010	0.0010	0.0000
Colletotrichum	5455	G	Eukaryota	Fungi	Ascomycota	Sordariomycetes	Glomerellales	Glomerellaceae	0.0090	0.0090	0.0100
Sordaria	5146	G	Eukaryota	Fungi	Ascomycota	Sordariomycetes	Sordariales	Sordariaceae	0.0030	0.0070	0.0060
Neurospora	5140	G	Eukaryota	Fungi	Ascomycota	Sordariomycetes	Sordariales	Sordariaceae	0.0020	0.0030	0.0060
Thermothelomyces	1920207	G	Eukaryota	Fungi	Ascomycota	Sordariomycetes	Sordariales	Chaetomiaceae	0.0020	0.0000	0.0000
Remersonia	72143	G	Eukaryota	Fungi	Ascomycota	Sordariomycetes	Sordariales	Chaetomiaceae	0.0010	0.0010	0.0000
Thermothielavioides	2609811	G	Eukaryota	Fungi	Ascomycota	Sordariomycetes	Sordariales	Chaetomiaceae	0.0010	0.0010	0.0010
Podospora	5144	G	Eukaryota	Fungi	Ascomycota	Sordariomycetes	Sordariales	Podosporaceae	0.0020	0.0020	0.0020
Pyricularia	48558	G	Eukaryota	Fungi	Ascomycota	Sordariomycetes	Magnaporthales	Pyriculariaceae	0.0080	0.0110	0.0090
Botrytis	33196	G	Eukaryota	Fungi	Ascomycota	Leotiomycetes	Helotiales	Sclerotiniaceae	0.0040	0.0010	0.0050
Zymoseptoria	1047167	G	Eukaryota	Fungi	Ascomycota	Dothideomycetes	Mycosphaerellales	Mycosphaerellaceae	0.0160	0.0250	0.0070
Fulvia	2897311	G	Eukaryota	Fungi	Ascomycota	Dothideomycetes	Mycosphaerellales	Mycosphaerellaceae	0.0020	0.0000	0.0010
Cercospora	29002	G	Eukaryota	Fungi	Ascomycota	Dothideomycetes	Mycosphaerellales	Mycosphaerellaceae	0.0010	0.0010	0.0010
Pyrenophora	5027	G	Eukaryota	Fungi	Ascomycota	Dothideomycetes	Pleosporales	Pleosporaceae	0.0040	0.0040	0.0010
Alternaria	5598	G	Eukaryota	Fungi	Ascomycota	Dothideomycetes	Pleosporales	Pleosporaceae	0.0020	0.0060	0.0050
Ascochyta	5453	G	Eukaryota	Fungi	Ascomycota	Dothideomycetes	Pleosporales	Didymellaceae	0.0020	0.0000	0.0010
Talaromyces	5094	G	Eukaryota	Fungi	Ascomycota	Eurotiomycetes	Eurotiales	Trichocomaceae	0.0120	0.0010	0.0020
Aspergillus	5052	G	Eukaryota	Fungi	Ascomycota	Eurotiomycetes	Eurotiales	Aspergillaceae	0.0080	0.0030	0.0060
Penicillium	5073	G	Eukaryota	Fungi	Ascomycota	Eurotiomycetes	Eurotiales	Aspergillaceae	0.0030	0.0010	0.0040
Coccidioides	5500	G	Eukaryota	Fungi	Ascomycota	Eurotiomycetes	Onygenales	Onygenaceae	0.0030	0.0000	0.0020
Schizosaccharomyces	4895	G	Eukaryota	Fungi	Ascomycota	Schizosaccharomycetes	Schizosaccharomycetales	Schizosaccharomycetaceae	0.0090	0.0090	0.0100
Kwoniella	490731	G	Eukaryota	Fungi	Basidiomycota	Tremellomycetes	Tremellales	Cryptococcaceae	0.0290	0.0270	0.0250
Cryptococcus	5206	G	Eukaryota	Fungi	Basidiomycota	Tremellomycetes	Tremellales	Cryptococcaceae	0.0060	0.0010	0.0020
Vanrija	1851468	G	Eukaryota	Fungi	Basidiomycota	Tremellomycetes	Trichosporonales	Trichosporonaceae	0.0020	0.0000	0.0000
Cutaneotrichosporon	1838142	G	Eukaryota	Fungi	Basidiomycota	Tremellomycetes	Trichosporonales	Trichosporonaceae	0.0010	0.0000	0.0000
Psilocybe	71950	G	Eukaryota	Fungi	Basidiomycota	Agaricomycetes	Agaricales	Strophariaceae	0.0030	0.0060	0.0060
Marasmius	34448	G	Eukaryota	Fungi	Basidiomycota	Agaricomycetes	Agaricales	Marasmiaceae	0.0010	0.0010	0.0020
Rhizoctonia	1322061	G	Eukaryota	Fungi	Basidiomycota	Agaricomycetes	Cantharellales	Ceratobasidiaceae	0.0010	0.0000	0.0010
Puccinia	5296	G	Eukaryota	Fungi	Basidiomycota	Pucciniomycetes	Pucciniales	Pucciniaceae	0.0140	0.0420	0.0280
Sporisorium	63265	G	Eukaryota	Fungi	Basidiomycota	Ustilaginomycetes	Ustilaginales	Ustilaginaceae	0.0010	0.0000	0.0010
Mycosarcoma	2689624	G	Eukaryota	Fungi	Basidiomycota	Ustilaginomycetes	Ustilaginales		0.0010	0.0000	0.0000
Malassezia	55193	G	Eukaryota	Fungi	Basidiomycota	Malasseziomycetes	Malasseziales	Malasseziaceae	0.0010	0.0000	0.0010
Rhizophagus	1129544	G	Eukaryota	Fungi	Mucoromycota	Glomeromycetes	Glomerales	Glomeraceae	0.0420	0.1310	0.0850
Vairimorpha	6038	G	Eukaryota	Fungi	Microsporidia			Nosematidae	0.0030	0.0040	0.0050
Encephalitozoon	6033	G	Eukaryota	Fungi	Microsporidia			Unikaryonidae	0.0000	0.0000	0.0000
Plasmodium	5820	G	Eukaryota		Apicomplexa	Aconoidasida	Haemosporida	Plasmodiidae	0.0660	0.1360	0.1150
Theileria	5873	G	Eukaryota		Apicomplexa	Aconoidasida	Piroplasmida	Theileriidae	0.0050	0.0100	0.0140
Babesia	5864	G	Eukaryota		Apicomplexa	Aconoidasida	Piroplasmida	Babesiidae	0.0030	0.0020	0.0040
Cryptosporidium	5806	G	Eukaryota		Apicomplexa	Conoidasida	Eucoccidiorida	Cryptosporidiidae	0.0060	0.0100	0.0100
Toxoplasma	5810	G	Eukaryota		Apicomplexa	Conoidasida	Eucoccidiorida	Sarcocystidae	0.0040	0.0030	0.0010
Neospora	29175	G	Eukaryota		Apicomplexa	Conoidasida	Eucoccidiorida	Sarcocystidae	0.0020	0.0000	0.0010
Besnoitia	94642	G	Eukaryota		Apicomplexa	Conoidasida	Eucoccidiorida	Sarcocystidae	0.0010	0.0000	0.0010
Paramecium	5884	G	Eukaryota		Ciliophora	Oligohymenophorea	Peniculida	Parameciidae	0.0000	0.0000	0.0000
Phaeodactylum	2849	G	Eukaryota		Bacillariophyta	Bacillariophyceae	Naviculales	Phaeodactylaceae	0.0030	0.0000	0.0030
Thalassiosira	35127	G	Eukaryota		Bacillariophyta	Coscinodiscophyceae	Thalassiosirales	Thalassiosiraceae	0.0010	0.0000	0.0000
Bremia	4778	G	Eukaryota		Oomycota	Peronosporomycetes	Peronosporales	Peronosporaceae	0.0030	0.0010	0.0020
Bigelowiella	227085	G	Eukaryota		Cercozoa	Chlorarachniophyceae			0.0000	0.0000	0.0000
Trichomonas	5721	G	Eukaryota		Parabasalia		Trichomonadida	Trichomonadidae	0.0170	0.0320	0.0190
Spironucleus	39709	G	Eukaryota		Fornicata		Diplomonadida	Hexamitidae	0.0020	0.0060	0.0040
Giardia	5740	G	Eukaryota		Fornicata		Diplomonadida	Hexamitidae	0.0000	0.0000	0.0000
Dictyostelium	5782	G	Eukaryota		Evosea	Eumycetozoa	Dictyosteliales	Dictyosteliaceae	0.0160	0.0280	0.0130
Leishmania	5658	G	Eukaryota		Euglenozoa	Kinetoplastea	Trypanosomatida	Trypanosomatidae	0.0120	0.0010	0.0030
Porcisia	2761499	G	Eukaryota		Euglenozoa	Kinetoplastea	Trypanosomatida	Trypanosomatidae	0.0000	0.0000	0.0000
Trypanosoma	5690	G	Eukaryota		Euglenozoa	Kinetoplastea	Trypanosomatida	Trypanosomatidae	0.0010	0.0000	0.0010
Cyanidioschyzon	45156	G	Eukaryota		Rhodophyta	Bangiophyceae	Cyanidiales	Cyanidiaceae	0.0000	0.0000	0.0000
Guillardia	55528	G	Eukaryota			Cryptophyceae	Pyrenomonadales	Geminigeraceae	0.0000	0.0000	0.0000
Methanobrevibacter	2172	G	Archaea	Methanobacteriati	Methanobacteriota	Methanobacteria	Methanobacteriales	Methanobacteriaceae	0.0350	0.0520	0.0410
Methanobacterium	2160	G	Archaea	Methanobacteriati	Methanobacteriota	Methanobacteria	Methanobacteriales	Methanobacteriaceae	0.0060	0.0250	0.0090
Methanosphaera	2316	G	Archaea	Methanobacteriati	Methanobacteriota	Methanobacteria	Methanobacteriales	Methanobacteriaceae	0.0020	0.0000	0.0010
Methanothermobacter	145260	G	Archaea	Methanobacteriati	Methanobacteriota	Methanobacteria	Methanobacteriales	Methanobacteriaceae	0.0010	0.0000	0.0000
Methanotorris	196119	G	Archaea	Methanobacteriati	Methanobacteriota	Methanococci	Methanococcales	Methanocaldococcaceae	0.0080	0.0130	0.0070
Methanocaldococcus	196118	G	Archaea	Methanobacteriati	Methanobacteriota	Methanococci	Methanococcales	Methanocaldococcaceae	0.0060	0.0070	0.0050
Methanococcus	2184	G	Archaea	Methanobacteriati	Methanobacteriota	Methanococci	Methanococcales	Methanococcaceae	0.0020	0.0000	0.0010
Methanothermococcus	155862	G	Archaea	Methanobacteriati	Methanobacteriota	Methanococci	Methanococcales	Methanococcaceae	0.0000	0.0000	0.0000
Methanofervidicoccus	2607661	G	Archaea	Methanobacteriati	Methanobacteriota	Methanococci	Methanococcales		0.0000	0.0000	0.0000
Methanopyrus	2319	G	Archaea	Methanobacteriati	Methanobacteriota	Methanopyri	Methanopyrales	Methanopyraceae	0.0000	0.0000	0.0000
Methanosarcina	2207	G	Archaea	Methanobacteriati	Methanobacteriota	Methanomicrobia	Methanosarcinales	Methanosarcinaceae	0.0100	0.0230	0.0250
Methanolobus	2220	G	Archaea	Methanobacteriati	Methanobacteriota	Methanomicrobia	Methanosarcinales	Methanosarcinaceae	0.0040	0.0150	0.0090
Methanosalsum	196136	G	Archaea	Methanobacteriati	Methanobacteriota	Methanomicrobia	Methanosarcinales	Methanosarcinaceae	0.0030	0.0040	0.0020
Methanococcoides	2225	G	Archaea	Methanobacteriati	Methanobacteriota	Methanomicrobia	Methanosarcinales	Methanosarcinaceae	0.0020	0.0000	0.0010
Methanomethylovorans	101191	G	Archaea	Methanobacteriati	Methanobacteriota	Methanomicrobia	Methanosarcinales	Methanosarcinaceae	0.0010	0.0010	0.0020
Methanohalophilus	2175	G	Archaea	Methanobacteriati	Methanobacteriota	Methanomicrobia	Methanosarcinales	Methanosarcinaceae	0.0000	0.0020	0.0030
Methanimicrococcus	91559	G	Archaea	Methanobacteriati	Methanobacteriota	Methanomicrobia	Methanosarcinales	Methanosarcinaceae	0.0000	0.0000	0.0000
Methanohalobium	2321	G	Archaea	Methanobacteriati	Methanobacteriota	Methanomicrobia	Methanosarcinales	Methanosarcinaceae	0.0000	0.0000	0.0000
Methanolapillus	3136068	G	Archaea	Methanobacteriati	Methanobacteriota	Methanomicrobia	Methanosarcinales	Methanosarcinaceae	0.0000	0.0000	0.0000
Methanogenium	2195	G	Archaea	Methanobacteriati	Methanobacteriota	Methanomicrobia	Methanomicrobiales	Methanomicrobiaceae	0.0020	0.0130	0.0000
Methanoculleus	45989	G	Archaea	Methanobacteriati	Methanobacteriota	Methanomicrobia	Methanomicrobiales	Methanomicrobiaceae	0.0010	0.0000	0.0000
Methanochimaera	3385476	G	Archaea	Methanobacteriati	Methanobacteriota	Methanomicrobia	Methanomicrobiales	Methanomicrobiaceae	0.0010	0.0000	0.0000
Methanofollis	81416	G	Archaea	Methanobacteriati	Methanobacteriota	Methanomicrobia	Methanomicrobiales	Methanomicrobiaceae	0.0000	0.0000	0.0000
Methanolacinia	230355	G	Archaea	Methanobacteriati	Methanobacteriota	Methanomicrobia	Methanomicrobiales	Methanomicrobiaceae	0.0000	0.0010	0.0000
Methanomicrobium	2204	G	Archaea	Methanobacteriati	Methanobacteriota	Methanomicrobia	Methanomicrobiales	Methanomicrobiaceae	0.0000	0.0000	0.0000
Methanoplanus	2314	G	Archaea	Methanobacteriati	Methanobacteriota	Methanomicrobia	Methanomicrobiales	Methanomicrobiaceae	0.0000	0.0000	0.0000
Methanospirillum	2202	G	Archaea	Methanobacteriati	Methanobacteriota	Methanomicrobia	Methanomicrobiales	Methanospirillaceae	0.0030	0.0050	0.0020
Methanoregula	395331	G	Archaea	Methanobacteriati	Methanobacteriota	Methanomicrobia	Methanomicrobiales	Methanoregulaceae	0.0010	0.0000	0.0000
Methanosphaerula	475087	G	Archaea	Methanobacteriati	Methanobacteriota	Methanomicrobia	Methanomicrobiales	Methanoregulaceae	0.0000	0.0000	0.0000
Methanocella	570266	G	Archaea	Methanobacteriati	Methanobacteriota	Methanomicrobia	Methanocellales	Methanocellaceae	0.0010	0.0020	0.0000
Methanothrix	2222	G	Archaea	Methanobacteriati	Methanobacteriota	Methanomicrobia	Methanotrichales	Methanotrichaceae	0.0000	0.0000	0.0000
Halobaculum	43927	G	Archaea	Methanobacteriati	Methanobacteriota	Halobacteria	Halobacteriales	Haloferacaceae	0.0030	0.0000	0.0000
Haloquadratum	293431	G	Archaea	Methanobacteriati	Methanobacteriota	Halobacteria	Halobacteriales	Haloferacaceae	0.0010	0.0000	0.0000
Halorubrum	56688	G	Archaea	Methanobacteriati	Methanobacteriota	Halobacteria	Halobacteriales	Haloferacaceae	0.0010	0.0000	0.0020
Haloplanus	376170	G	Archaea	Methanobacteriati	Methanobacteriota	Halobacteria	Halobacteriales	Haloferacaceae	0.0010	0.0000	0.0000
Halogeometricum	60846	G	Archaea	Methanobacteriati	Methanobacteriota	Halobacteria	Halobacteriales	Haloferacaceae	0.0000	0.0000	0.0020
Halalkaliarchaeum	2678343	G	Archaea	Methanobacteriati	Methanobacteriota	Halobacteria	Halobacteriales	Haloferacaceae	0.0000	0.0000	0.0000
Halolamina	1075397	G	Archaea	Methanobacteriati	Methanobacteriota	Halobacteria	Halobacteriales	Haloferacaceae	0.0000	0.0000	0.0000
Haloprofundus	1911573	G	Archaea	Methanobacteriati	Methanobacteriota	Halobacteria	Halobacteriales	Haloferacaceae	0.0000	0.0000	0.0000
Haloferax	2251	G	Archaea	Methanobacteriati	Methanobacteriota	Halobacteria	Halobacteriales	Haloferacaceae	0.0000	0.0000	0.0000
Halobellus	1073986	G	Archaea	Methanobacteriati	Methanobacteriota	Halobacteria	Halobacteriales	Haloferacaceae	0.0000	0.0000	0.0000
Salinigranum	1644057	G	Archaea	Methanobacteriati	Methanobacteriota	Halobacteria	Halobacteriales	Haloferacaceae	0.0000	0.0000	0.0000
Halorarum	3163375	G	Archaea	Methanobacteriati	Methanobacteriota	Halobacteria	Halobacteriales	Haloferacaceae	0.0000	0.0000	0.0000
Natrinema	88723	G	Archaea	Methanobacteriati	Methanobacteriota	Halobacteria	Halobacteriales	Natrialbaceae	0.0020	0.0000	0.0010
Natronosalvus	3076685	G	Archaea	Methanobacteriati	Methanobacteriota	Halobacteria	Halobacteriales	Natrialbaceae	0.0020	0.0000	0.0000
Natronococcus	29287	G	Archaea	Methanobacteriati	Methanobacteriota	Halobacteria	Halobacteriales	Natrialbaceae	0.0010	0.0000	0.0000
Halomontanus	3125902	G	Archaea	Methanobacteriati	Methanobacteriota	Halobacteria	Halobacteriales	Natrialbaceae	0.0010	0.0000	0.0010
Haloterrigena	121871	G	Archaea	Methanobacteriati	Methanobacteriota	Halobacteria	Halobacteriales	Natrialbaceae	0.0000	0.0000	0.0010
Natronorubrum	134813	G	Archaea	Methanobacteriati	Methanobacteriota	Halobacteria	Halobacteriales	Natrialbaceae	0.0000	0.0000	0.0000
Halovivax	332951	G	Archaea	Methanobacteriati	Methanobacteriota	Halobacteria	Halobacteriales	Natrialbaceae	0.0000	0.0000	0.0000
Natrarchaeobaculum	2765402	G	Archaea	Methanobacteriati	Methanobacteriota	Halobacteria	Halobacteriales	Natrialbaceae	0.0000	0.0000	0.0000
Natrialba	63742	G	Archaea	Methanobacteriati	Methanobacteriota	Halobacteria	Halobacteriales	Natrialbaceae	0.0000	0.0000	0.0000
Natronobacterium	2256	G	Archaea	Methanobacteriati	Methanobacteriota	Halobacteria	Halobacteriales	Natrialbaceae	0.0000	0.0000	0.0000
Halomicrobium	203135	G	Archaea	Methanobacteriati	Methanobacteriota	Halobacteria	Halobacteriales	Haloarculaceae	0.0010	0.0000	0.0000
Haloarcula	2237	G	Archaea	Methanobacteriati	Methanobacteriota	Halobacteria	Halobacteriales	Haloarculaceae	0.0010	0.0000	0.0020
Halapricum	1542963	G	Archaea	Methanobacteriati	Methanobacteriota	Halobacteria	Halobacteriales	Haloarculaceae	0.0000	0.0000	0.0000
Halorhabdus	146825	G	Archaea	Methanobacteriati	Methanobacteriota	Halobacteria	Halobacteriales	Haloarculaceae	0.0000	0.0000	0.0000
Halosimplex	171163	G	Archaea	Methanobacteriati	Methanobacteriota	Halobacteria	Halobacteriales	Haloarculaceae	0.0000	0.0000	0.0000
Salinibaculum	2732368	G	Archaea	Methanobacteriati	Methanobacteriota	Halobacteria	Halobacteriales	Haloarculaceae	0.0000	0.0000	0.0000
Halorientalis	1073987	G	Archaea	Methanobacteriati	Methanobacteriota	Halobacteria	Halobacteriales	Haloarculaceae	0.0000	0.0000	0.0000
Halococcoides	2907507	G	Archaea	Methanobacteriati	Methanobacteriota	Halobacteria	Halobacteriales	Haloarculaceae	0.0000	0.0000	0.0000
Halorussus	1070314	G	Archaea	Methanobacteriati	Methanobacteriota	Halobacteria	Halobacteriales	Haladaptataceae	0.0010	0.0010	0.0010
Haladaptatus	367188	G	Archaea	Methanobacteriati	Methanobacteriota	Halobacteria	Halobacteriales	Haladaptataceae	0.0010	0.0000	0.0000
Halomicrococcus	2614447	G	Archaea	Methanobacteriati	Methanobacteriota	Halobacteria	Halobacteriales	Haladaptataceae	0.0000	0.0000	0.0000
Natronomonas	63743	G	Archaea	Methanobacteriati	Methanobacteriota	Halobacteria	Halobacteriales	Natronomonadaceae	0.0000	0.0000	0.0000
Halorarius	3056835	G	Archaea	Methanobacteriati	Methanobacteriota	Halobacteria	Halobacteriales	Natronomonadaceae	0.0000	0.0000	0.0000
Haloglomus	2806252	G	Archaea	Methanobacteriati	Methanobacteriota	Halobacteria	Halobacteriales	Natronomonadaceae	0.0000	0.0000	0.0000
Halomarina	871740	G	Archaea	Methanobacteriati	Methanobacteriota	Halobacteria	Halobacteriales	Natronomonadaceae	0.0000	0.0000	0.0000
Halocatena	2907493	G	Archaea	Methanobacteriati	Methanobacteriota	Halobacteria	Halobacteriales	Natronomonadaceae	0.0000	0.0000	0.0000
Halodesulfurarchaeum	1980514	G	Archaea	Methanobacteriati	Methanobacteriota	Halobacteria	Halobacteriales	Halobacteriaceae	0.0000	0.0000	0.0020
Halobacterium	2239	G	Archaea	Methanobacteriati	Methanobacteriota	Halobacteria	Halobacteriales	Halobacteriaceae	0.0000	0.0000	0.0000
Halococcus	2249	G	Archaea	Methanobacteriati	Methanobacteriota	Halobacteria	Halobacteriales	Halococcaceae	0.0000	0.0000	0.0000
Halalkalicoccus	332246	G	Archaea	Methanobacteriati	Methanobacteriota	Halobacteria	Halobacteriales	Halococcaceae	0.0000	0.0000	0.0000
Salinarchaeum	1269201	G	Archaea	Methanobacteriati	Methanobacteriota	Halobacteria	Halobacteriales	Natronoarchaeaceae	0.0000	0.0000	0.0000
Thermococcus	2263	G	Archaea	Methanobacteriati	Methanobacteriota	Thermococci	Thermococcales	Thermococcaceae	0.0020	0.0010	0.0010
Pyrococcus	2260	G	Archaea	Methanobacteriati	Methanobacteriota	Thermococci	Thermococcales	Thermococcaceae	0.0020	0.0000	0.0000
Archaeoglobus	2233	G	Archaea	Methanobacteriati	Methanobacteriota	Archaeoglobi	Archaeoglobales	Archaeoglobaceae	0.0010	0.0000	0.0000
Geoglobus	190818	G	Archaea	Methanobacteriati	Methanobacteriota	Archaeoglobi	Archaeoglobales	Archaeoglobaceae	0.0000	0.0000	0.0000
Ferroglobus	54260	G	Archaea	Methanobacteriati	Methanobacteriota	Archaeoglobi	Archaeoglobales	Archaeoglobaceae	0.0000	0.0020	0.0000
Cuniculiplasma	1747777	G	Archaea	Methanobacteriati	Thermoplasmatota	Thermoplasmata	Thermoplasmatales	Cuniculiplasmataceae	0.0030	0.0050	0.0020
Acidiplasma	507753	G	Archaea	Methanobacteriati	Thermoplasmatota	Thermoplasmata	Thermoplasmatales	Ferroplasmaceae	0.0010	0.0000	0.0000
Ferroplasma	74968	G	Archaea	Methanobacteriati	Thermoplasmatota	Thermoplasmata	Thermoplasmatales	Ferroplasmaceae	0.0000	0.0010	0.0010
Picrophilus	46631	G	Archaea	Methanobacteriati	Thermoplasmatota	Thermoplasmata	Thermoplasmatales	Picrophilaceae	0.0000	0.0000	0.0000
Oxyplasma	3373586	G	Archaea	Methanobacteriati	Thermoplasmatota	Thermoplasmata	Thermoplasmatales	Thermoplasmataceae	0.0000	0.0000	0.0000
Methanomassiliicoccus	1080709	G	Archaea	Methanobacteriati	Thermoplasmatota	Thermoplasmata	Methanomassiliicoccales	Methanomassiliicoccaceae	0.0010	0.0000	0.0010
Candidatus Methanoplasma	1607807	G	Archaea	Methanobacteriati	Thermoplasmatota	Thermoplasmata	Methanomassiliicoccales	Methanomassiliicoccaceae	0.0000	0.0000	0.0000
Candidatus Aciduliprofundum	379546	G	Archaea	Methanobacteriati	Thermoplasmatota				0.0000	0.0000	0.0000
Nitrosopumilus	338191	G	Archaea	Thermoproteati	Nitrososphaerota	Nitrososphaeria	Nitrosopumilales	Nitrosopumilaceae	0.0260	0.0160	0.0040
Nitrosarchaeum	1007082	G	Archaea	Thermoproteati	Nitrososphaerota	Nitrososphaeria	Nitrosopumilales	Nitrosopumilaceae	0.0000	0.0000	0.0000
Candidatus Nitrosomarinus	1993653	G	Archaea	Thermoproteati	Nitrososphaerota	Nitrososphaeria	Nitrosopumilales	Nitrosopumilaceae	0.0000	0.0000	0.0000
Candidatus Nitrosocosmicus	1826864	G	Archaea	Thermoproteati	Nitrososphaerota	Nitrososphaeria	Nitrososphaerales	Nitrososphaeraceae	0.0030	0.0050	0.0030
Nitrososphaera	497726	G	Archaea	Thermoproteati	Nitrososphaerota	Nitrososphaeria	Nitrososphaerales	Nitrososphaeraceae	0.0010	0.0000	0.0000
Nitrosotalea	1078904	G	Archaea	Thermoproteati	Nitrososphaerota	Nitrososphaeria	Nitrosotaleales	Nitrosotaleaceae	0.0010	0.0000	0.0000
Candidatus Nitrosopelagicus	1593364	G	Archaea	Thermoproteati	Nitrososphaerota				0.0000	0.0000	0.0060
Candidatus Nitrosotenuis	1825023	G	Archaea	Thermoproteati	Nitrososphaerota				0.0000	0.0000	0.0000
Saccharolobus	2100760	G	Archaea	Thermoproteati	Thermoproteota	Thermoprotei	Sulfolobales	Sulfolobaceae	0.0030	0.0020	0.0020
Acidianus	12914	G	Archaea	Thermoproteati	Thermoproteota	Thermoprotei	Sulfolobales	Sulfolobaceae	0.0020	0.0020	0.0040
Stygiolobus	41674	G	Archaea	Thermoproteati	Thermoproteota	Thermoprotei	Sulfolobales	Sulfolobaceae	0.0020	0.0020	0.0010
Metallosphaera	41980	G	Archaea	Thermoproteati	Thermoproteota	Thermoprotei	Sulfolobales	Sulfolobaceae	0.0010	0.0040	0.0010
Sulfolobus	2284	G	Archaea	Thermoproteati	Thermoproteota	Thermoprotei	Sulfolobales	Sulfolobaceae	0.0010	0.0010	0.0000
Sulfurisphaera	69655	G	Archaea	Thermoproteati	Thermoproteota	Thermoprotei	Sulfolobales	Sulfolobaceae	0.0010	0.0020	0.0000
Sulfuracidifex	2705406	G	Archaea	Thermoproteati	Thermoproteota	Thermoprotei	Sulfolobales	Sulfolobaceae	0.0010	0.0000	0.0000
Pyrobaculum	2276	G	Archaea	Thermoproteati	Thermoproteota	Thermoprotei	Thermoproteales	Thermoproteaceae	0.0030	0.0010	0.0010
Caldivirga	76886	G	Archaea	Thermoproteati	Thermoproteota	Thermoprotei	Thermoproteales	Thermoproteaceae	0.0000	0.0010	0.0000
Vulcanisaeta	164450	G	Archaea	Thermoproteati	Thermoproteota	Thermoprotei	Thermoproteales	Thermoproteaceae	0.0000	0.0000	0.0000
Ignicoccus	54258	G	Archaea	Thermoproteati	Thermoproteota	Thermoprotei	Desulfurococcales	Desulfurococcaceae	0.0010	0.0000	0.0000
Staphylothermus	2279	G	Archaea	Thermoproteati	Thermoproteota	Thermoprotei	Desulfurococcales	Desulfurococcaceae	0.0000	0.0000	0.0000
Thermogladius	477695	G	Archaea	Thermoproteati	Thermoproteota	Thermoprotei	Desulfurococcales	Desulfurococcaceae	0.0000	0.0000	0.0000
Pyrolobus	54251	G	Archaea	Thermoproteati	Thermoproteota	Thermoprotei	Desulfurococcales	Pyrodictiaceae	0.0000	0.0000	0.0000
Pyrofollis	3088728	G	Archaea	Thermoproteati	Thermoproteota	Thermoprotei	Desulfurococcales	Pyrodictiaceae	0.0000	0.0000	0.0000
Thermofilum	2268	G	Archaea	Thermoproteati	Thermoproteota	Thermoprotei	Thermofilales	Thermofilaceae	0.0000	0.0000	0.0000
Infirmifilum	2856573	G	Archaea	Thermoproteati	Thermoproteota	Thermoprotei	Thermofilales	Thermofilaceae	0.0000	0.0000	0.0000
Candidatus Lokiarchaeum	1655637	G	Archaea	Promethearchaeati	Promethearchaeota	Promethearchaeia	Promethearchaeales	Promethearchaeaceae	0.0060	0.0080	0.0050
Promethearchaeum	3366645	G	Archaea	Promethearchaeati	Promethearchaeota	Promethearchaeia	Promethearchaeales	Promethearchaeaceae	0.0010	0.0010	0.0010
Nanobdella	2974824	G	Archaea	Nanobdellati	Nanobdellota	Nanobdellia	Nanobdellales	Nanobdellaceae	0.0010	0.0030	0.0010
Candidatus Micrarchaeum	662756	G	Archaea	Nanobdellati	Microcaldota	Candidatus Micrarchaeia	Candidatus Micrarchaeales	Candidatus Micrarchaeaceae	0.0000	0.0000	0.0000
Pandoravirus	2060084	G	Viruses						0.0000	0.0000	0.0000
Saphexavirus	1623302	G	Viruses	Heunggongvirae	Uroviricota	Caudoviricetes			0.0020	0.0000	0.0000
Wphvirus	1922327	G	Viruses	Heunggongvirae	Uroviricota	Caudoviricetes		Herelleviridae	0.0010	0.0000	0.0000
Bequatrovirus	1917990	G	Viruses	Heunggongvirae	Uroviricota	Caudoviricetes		Herelleviridae	0.0000	0.0010	0.0000
Kochikohdavirus	2560160	G	Viruses	Heunggongvirae	Uroviricota	Caudoviricetes		Herelleviridae	0.0000	0.0000	0.0000
Klumppvirus	2948786	G	Viruses	Heunggongvirae	Uroviricota	Caudoviricetes		Herelleviridae	0.0000	0.0000	0.0000
Sepunavirus	1980928	G	Viruses	Heunggongvirae	Uroviricota	Caudoviricetes		Herelleviridae	0.0000	0.0000	0.0000
Harbinvirus	2732970	G	Viruses	Heunggongvirae	Uroviricota	Caudoviricetes		Herelleviridae	0.0000	0.0000	0.0000
Privateervirus	2843440	G	Viruses	Heunggongvirae	Uroviricota	Caudoviricetes		Grimontviridae	0.0020	0.0030	0.0050
Crifsvirus	3044695	G	Viruses	Heunggongvirae	Uroviricota	Caudoviricetes		Grimontviridae	0.0000	0.0000	0.0000
Aphroditevirus	2560092	G	Viruses	Heunggongvirae	Uroviricota	Caudoviricetes		Chimalliviridae	0.0000	0.0000	0.0000
Ferozepurvirus	3044715	G	Viruses	Heunggongvirae	Uroviricota	Caudoviricetes		Chimalliviridae	0.0000	0.0000	0.0000
Audreyjarvisvirus	2843351	G	Viruses	Heunggongvirae	Uroviricota	Caudoviricetes			0.0010	0.0000	0.0000
Llyrvirus	2733111	G	Viruses	Heunggongvirae	Uroviricota	Caudoviricetes			0.0010	0.0000	0.0000
Fipvunavirus	2560132	G	Viruses	Heunggongvirae	Uroviricota	Caudoviricetes			0.0010	0.0000	0.0000
Tequintavirus	187218	G	Viruses	Heunggongvirae	Uroviricota	Caudoviricetes		Demerecviridae	0.0010	0.0000	0.0000
Jesfedecavirus	2560156	G	Viruses	Heunggongvirae	Uroviricota	Caudoviricetes		Demerecviridae	0.0000	0.0000	0.0000
Bosavirus	2946834	G	Viruses	Heunggongvirae	Uroviricota	Caudoviricetes		Mesyanzhinovviridae	0.0010	0.0000	0.0000
Fletchervirus	1636618	G	Viruses	Heunggongvirae	Uroviricota	Caudoviricetes		Connertonviridae	0.0000	0.0050	0.0010
Annadreamyvirus	2843347	G	Viruses	Heunggongvirae	Uroviricota	Caudoviricetes		Stanwilliamsviridae	0.0000	0.0000	0.0000
Asteriusvirus	2560094	G	Viruses	Heunggongvirae	Uroviricota	Caudoviricetes			0.0000	0.0000	0.0000
Gamaleyavirus	1920753	G	Viruses	Heunggongvirae	Uroviricota	Caudoviricetes		Schitoviridae	0.0000	0.0000	0.0000
Kremarvirus	3152897	G	Viruses	Heunggongvirae	Uroviricota	Caudoviricetes		Vandenendeviridae	0.0000	0.0000	0.0000
Halfdanvirus	3152621	G	Viruses	Heunggongvirae	Uroviricota	Caudoviricetes			0.0000	0.0000	0.0000
Rosenblumvirus	680287	G	Viruses	Heunggongvirae	Uroviricota	Caudoviricetes		Rountreeviridae	0.0000	0.0000	0.0000
Zhangqianvirus	3044868	G	Viruses	Heunggongvirae	Uroviricota	Caudoviricetes			0.0000	0.0000	0.0000
Rogunavirus	1920866	G	Viruses	Heunggongvirae	Uroviricota	Caudoviricetes		Drexlerviridae	0.0000	0.0000	0.0000
Lindendrivevirus	2732065	G	Viruses	Heunggongvirae	Uroviricota	Caudoviricetes		Drexlerviridae	0.0000	0.0000	0.0010
Qingdaovirus	2733126	G	Viruses	Heunggongvirae	Uroviricota	Caudoviricetes			0.0000	0.0000	0.0000
Shirahamavirus	2843456	G	Viruses	Heunggongvirae	Uroviricota	Caudoviricetes			0.0000	0.0000	0.0000
Moineauvirus	1623304	G	Viruses	Heunggongvirae	Uroviricota	Caudoviricetes		Aliceevansviridae	0.0000	0.0000	0.0000
Busanvirus	2560109	G	Viruses	Heunggongvirae	Uroviricota	Caudoviricetes			0.0000	0.0000	0.0000
Eneladusvirus	2560128	G	Viruses	Heunggongvirae	Uroviricota	Caudoviricetes			0.0000	0.0000	0.0010
Baltivirus	2946816	G	Viruses	Heunggongvirae	Uroviricota	Caudoviricetes		Pachyviridae	0.0000	0.0000	0.0000
Lillamyvirus	2843418	G	Viruses	Heunggongvirae	Uroviricota	Caudoviricetes			0.0000	0.0000	0.0000
Gordonvirus	1982152	G	Viruses	Heunggongvirae	Uroviricota	Caudoviricetes			0.0000	0.0000	0.0000
Skogvirus	2948911	G	Viruses	Heunggongvirae	Uroviricota	Caudoviricetes			0.0000	0.0000	0.0000
Sextaecvirus	1922243	G	Viruses	Heunggongvirae	Uroviricota	Caudoviricetes			0.0000	0.0000	0.0000
Dhillonvirus	1623289	G	Viruses	Heunggongvirae	Uroviricota	Caudoviricetes			0.0000	0.0000	0.0000
Obolenskvirus	1915205	G	Viruses	Heunggongvirae	Uroviricota	Caudoviricetes			0.0000	0.0000	0.0000
Metrivirus	2560175	G	Viruses	Heunggongvirae	Uroviricota	Caudoviricetes			0.0000	0.0000	0.0000
Kryptosalinivirus	2560163	G	Viruses	Heunggongvirae	Uroviricota	Caudoviricetes			0.0000	0.0000	0.0000
Donellivirus	2843376	G	Viruses	Heunggongvirae	Uroviricota	Caudoviricetes			0.0000	0.0000	0.0000
Polybotosvirus	2560207	G	Viruses	Heunggongvirae	Uroviricota	Caudoviricetes			0.0000	0.0000	0.0000
Jamesmcgillvirus	2948768	G	Viruses	Heunggongvirae	Uroviricota	Caudoviricetes		Fredfastierviridae	0.0000	0.0000	0.0000
Helsingorvirus	1918017	G	Viruses	Heunggongvirae	Uroviricota	Caudoviricetes			0.0000	0.0000	0.0000
Tequatrovirus	10663	G	Viruses	Heunggongvirae	Uroviricota	Caudoviricetes	Pantevenvirales	Straboviridae	0.0000	0.0000	0.0010
Mosigvirus	1913652	G	Viruses	Heunggongvirae	Uroviricota	Caudoviricetes	Pantevenvirales	Straboviridae	0.0000	0.0000	0.0000
Mosugukvirus	2948828	G	Viruses	Heunggongvirae	Uroviricota	Caudoviricetes	Pantevenvirales	Straboviridae	0.0000	0.0000	0.0000
Tegunavirus	1921704	G	Viruses	Heunggongvirae	Uroviricota	Caudoviricetes	Pantevenvirales	Straboviridae	0.0000	0.0000	0.0000
Karamvirus	1913650	G	Viruses	Heunggongvirae	Uroviricota	Caudoviricetes	Pantevenvirales	Straboviridae	0.0000	0.0000	0.0000
Gaprivervirus	1913654	G	Viruses	Heunggongvirae	Uroviricota	Caudoviricetes	Pantevenvirales	Straboviridae	0.0000	0.0000	0.0000
Gelderlandvirus	1913653	G	Viruses	Heunggongvirae	Uroviricota	Caudoviricetes	Pantevenvirales	Straboviridae	0.0000	0.0000	0.0000
Gualtarvirus	2948732	G	Viruses	Heunggongvirae	Uroviricota	Caudoviricetes	Pantevenvirales	Straboviridae	0.0000	0.0000	0.0000
Bragavirus	2948639	G	Viruses	Heunggongvirae	Uroviricota	Caudoviricetes	Pantevenvirales	Straboviridae	0.0000	0.0000	0.0000
Libanvirus	2733110	G	Viruses	Heunggongvirae	Uroviricota	Caudoviricetes	Pantevenvirales	Kyanoviridae	0.0000	0.0000	0.0000
Tefnutvirus	2733135	G	Viruses	Heunggongvirae	Uroviricota	Caudoviricetes	Pantevenvirales	Kyanoviridae	0.0000	0.0000	0.0000
Nodensvirus	2733120	G	Viruses	Heunggongvirae	Uroviricota	Caudoviricetes	Pantevenvirales	Kyanoviridae	0.0000	0.0000	0.0000
Charybdisvirus	2733100	G	Viruses	Heunggongvirae	Uroviricota	Caudoviricetes	Pantevenvirales	Kyanoviridae	0.0000	0.0000	0.0000
Neptunevirus	2733117	G	Viruses	Heunggongvirae	Uroviricota	Caudoviricetes	Pantevenvirales	Kyanoviridae	0.0000	0.0000	0.0000
Carjivirus	2948652	G	Viruses	Heunggongvirae	Uroviricota	Caudoviricetes	Crassvirales	Intestiviridae	0.0000	0.0000	0.0000
Jahgtovirus	2948767	G	Viruses	Heunggongvirae	Uroviricota	Caudoviricetes	Crassvirales	Intestiviridae	0.0000	0.0000	0.0000
Burzaovirus	2948645	G	Viruses	Heunggongvirae	Uroviricota	Caudoviricetes	Crassvirales	Suoliviridae	0.0000	0.0000	0.0060
Buchavirus	2942994	G	Viruses	Heunggongvirae	Uroviricota	Caudoviricetes	Crassvirales	Suoliviridae	0.0000	0.0000	0.0000
Ermolevavirus	2731937	G	Viruses	Heunggongvirae	Uroviricota	Caudoviricetes	Autographivirales	Autonotataviridae	0.0000	0.0000	0.0000
Friunavirus	1985711	G	Viruses	Heunggongvirae	Uroviricota	Caudoviricetes	Autographivirales	Autoscriptoviridae	0.0000	0.0000	0.0000
Vequintavirus	1914852	G	Viruses	Heunggongvirae	Uroviricota	Caudoviricetes			0.0000	0.0000	0.0000
Denvervirus	2948677	G	Viruses	Heunggongvirae	Uroviricota	Caudoviricetes			0.0000	0.0000	0.0000
Vipetofemvirus	2948949	G	Viruses	Heunggongvirae	Uroviricota	Caudoviricetes			0.0000	0.0000	0.0000
Unaquatrovirus	2169622	G	Viruses	Heunggongvirae	Uroviricota	Caudoviricetes			0.0000	0.0000	0.0000
Phapecoctavirus	2733124	G	Viruses	Heunggongvirae	Uroviricota	Caudoviricetes			0.0000	0.0000	0.0000
Varicellovirus	10319	G	Viruses	Heunggongvirae	Peploviricota	Herviviricetes	Herpesvirales	Orthoherpesviridae	0.0000	0.0000	0.0000
Roseolovirus	40272	G	Viruses	Heunggongvirae	Peploviricota	Herviviricetes	Herpesvirales	Orthoherpesviridae	0.0000	0.0000	0.0000
Macavirus	548687	G	Viruses	Heunggongvirae	Peploviricota	Herviviricetes	Herpesvirales	Orthoherpesviridae	0.0000	0.0000	0.0010
Tupanvirus	2094720	G	Viruses	Bamfordvirae	Nucleocytoviricota	Megaviricetes	Imitervirales	Mimiviridae	0.0010	0.0030	0.0010
Moumouvirus	3080801	G	Viruses	Bamfordvirae	Nucleocytoviricota	Megaviricetes	Imitervirales	Mimiviridae	0.0010	0.0020	0.0010
Cotonvirus	3044693	G	Viruses	Bamfordvirae	Nucleocytoviricota	Megaviricetes	Imitervirales	Mimiviridae	0.0010	0.0000	0.0010
Mimivirus	315393	G	Viruses	Bamfordvirae	Nucleocytoviricota	Megaviricetes	Imitervirales	Mimiviridae	0.0000	0.0000	0.0020
Megavirus	3044761	G	Viruses	Bamfordvirae	Nucleocytoviricota	Megaviricetes	Imitervirales	Mimiviridae	0.0000	0.0000	0.0000
Theiavirus	3044842	G	Viruses	Bamfordvirae	Nucleocytoviricota	Megaviricetes	Imitervirales	Mimiviridae	0.0010	0.0000	0.0000
Fadolivirus	2763561	G	Viruses	Bamfordvirae	Nucleocytoviricota	Megaviricetes	Imitervirales	Mimiviridae	0.0000	0.0000	0.0000
Biavirus	3044674	G	Viruses	Bamfordvirae	Nucleocytoviricota	Megaviricetes	Imitervirales	Schizomimiviridae	0.0000	0.0010	0.0000
Iridovirus	10487	G	Viruses	Bamfordvirae	Nucleocytoviricota	Megaviricetes	Pimascovirales	Iridoviridae	0.0000	0.0000	0.0000
Chloriridovirus	10491	G	Viruses	Bamfordvirae	Nucleocytoviricota	Megaviricetes	Pimascovirales	Iridoviridae	0.0000	0.0010	0.0010
Daphniairidovirus	2842631	G	Viruses	Bamfordvirae	Nucleocytoviricota	Megaviricetes	Pimascovirales	Iridoviridae	0.0000	0.0000	0.0000
Lymphocystivirus	10494	G	Viruses	Bamfordvirae	Nucleocytoviricota	Megaviricetes	Pimascovirales	Iridoviridae	0.0000	0.0000	0.0000
Losannavirus	3152990	G	Viruses	Bamfordvirae	Nucleocytoviricota	Megaviricetes	Pimascovirales	Marseilleviridae	0.0000	0.0000	0.0000
Alphaorpheovirus	3153020	G	Viruses	Bamfordvirae	Nucleocytoviricota	Megaviricetes	Pimascovirales	Orpheoviridae	0.0000	0.0010	0.0010
Alphacedratvirus	3152632	G	Viruses	Bamfordvirae	Nucleocytoviricota	Megaviricetes	Pimascovirales	Pithoviridae	0.0010	0.0000	0.0000
Prasinovirus	181084	G	Viruses	Bamfordvirae	Nucleocytoviricota	Megaviricetes	Algavirales	Phycodnaviridae	0.0000	0.0000	0.0000
Avipoxvirus	10260	G	Viruses	Bamfordvirae	Nucleocytoviricota	Pokkesviricetes	Chitovirales	Poxviridae	0.0000	0.0020	0.0000
Centapoxvirus	2005509	G	Viruses	Bamfordvirae	Nucleocytoviricota	Pokkesviricetes	Chitovirales	Poxviridae	0.0000	0.0070	0.0010
Macropopoxvirus	2733295	G	Viruses	Bamfordvirae	Nucleocytoviricota	Pokkesviricetes	Chitovirales	Poxviridae	0.0000	0.0000	0.0000
Asfivirus	39743	G	Viruses	Bamfordvirae	Nucleocytoviricota	Pokkesviricetes	Asfuvirales	Asfarviridae	0.0000	0.0000	0.0000
Mahshuvirus	2842847	G	Viruses	Orthornavirae	Lenarviricota	Leviviricetes	Norzivirales	Solspiviridae	0.0040	0.0000	0.0000
Orthobunyavirus	11572	G	Viruses	Orthornavirae	Negarnaviricota	Bunyaviricetes	Elliovirales	Peribunyaviridae	0.0010	0.0010	0.0020
Orthonairovirus	1980517	G	Viruses	Orthornavirae	Negarnaviricota	Bunyaviricetes	Hareavirales	Nairoviridae	0.0000	0.0000	0.0000
Hapavirus	1972611	G	Viruses	Orthornavirae	Negarnaviricota	Monjiviricetes	Mononegavirales	Rhabdoviridae	0.0000	0.0000	0.0000
Deltacoronavirus	1159901	G	Viruses	Orthornavirae	Pisuviricota	Pisoniviricetes	Nidovirales	Coronaviridae	0.0000	0.0000	0.0000
Hepatovirus	12091	G	Viruses	Orthornavirae	Pisuviricota	Pisoniviricetes	Picornavirales	Picornaviridae	0.0000	0.0000	0.0000
Orbivirus	10892	G	Viruses	Orthornavirae	Duplornaviricota	Resentoviricetes	Reovirales	Sedoreoviridae	0.0000	0.0000	0.0050
Betachrysovirus	2560100	G	Viruses	Orthornavirae	Duplornaviricota	Chrymotiviricetes	Ghabrivirales	Chrysoviridae	0.0000	0.0000	0.0000
Badnavirus	10652	G	Viruses	Pararnavirae	Artverviricota	Revtraviricetes	Ortervirales	Caulimoviridae	0.0000	0.0000	0.0000
Alphanudivirus	1511853	G	Viruses			Naldaviricetes	Lefavirales	Nudiviridae	0.0030	0.0000	0.0000
Alphabaculovirus	558016	G	Viruses			Naldaviricetes	Lefavirales	Baculoviridae	0.0000	0.0000	0.0000
Plasmavirus	10473	G	Viruses					Plasmaviridae	0.0010	0.0020	0.0000
Seawadnavirus	3044818	G	Viruses	Shotokuvirae	Cressdnaviricota	Arfiviricetes	Baphyvirales	Bacilladnaviridae	0.0010	0.0000	0.0000
Suturavirus	2732099	G	Viruses	Loebvirae	Hofneiviricota	Faserviricetes	Tubulavirales	Plectroviridae	0.0000	0.0000	0.0000
Usarudivirus	2843109	G	Viruses	Zilligvirae	Taleaviricota	Tokiviricetes	Ligamenvirales	Rudiviridae	0.0000	0.0000	0.0000
Ammonifex	42837	G	Bacteria	Bacillati	Bacillota	Clostridia	Thermoanaerobacterales	Thermoanaerobacteraceae	0.0000	0.0000	0.0000
Orlajensenia	3440766	G	Bacteria	Bacillati	Actinomycetota	Actinomycetes	Micrococcales	Microbacteriaceae	0.0000	0.0000	0.0000
Agreia	110934	G	Bacteria	Bacillati	Actinomycetota	Actinomycetes	Micrococcales	Microbacteriaceae	0.0000	0.0000	0.0000
Dermatophilus	1862	G	Bacteria	Bacillati	Actinomycetota	Actinomycetes	Micrococcales	Dermatophilaceae	0.0000	0.0000	0.0000
Carbonactinospora	2864378	G	Bacteria	Bacillati	Actinomycetota	Actinomycetes	Kitasatosporales	Carbonactinosporaceae	0.0000	0.0000	0.0000
Boudabousia	2767318	G	Bacteria	Bacillati	Actinomycetota	Actinomycetes	Actinomycetales	Actinomycetaceae	0.0000	0.0000	0.0000
Thermobispora	147067	G	Bacteria	Bacillati	Actinomycetota	Actinomycetes	Streptosporangiales	Streptosporangiaceae	0.0000	0.0000	0.0000
Spiractinospora	2913367	G	Bacteria	Bacillati	Actinomycetota	Actinomycetes	Streptosporangiales	Nocardiopsidaceae	0.0000	0.0000	0.0000
Berryella	2815775	G	Bacteria	Bacillati	Actinomycetota	Coriobacteriia	Eggerthellales	Eggerthellaceae	0.0000	0.0000	0.0000
Fimbriimonas	1005038	G	Bacteria	Bacillati	Armatimonadota	Fimbriimonadia	Fimbriimonadales	Fimbriimonadaceae	0.0000	0.0000	0.0000
Solilutibacter	3382695	G	Bacteria	Pseudomonadati	Pseudomonadota	Gammaproteobacteria	Lysobacterales	Lysobacteraceae	0.0000	0.0000	0.0000
Thioflavicoccus	156885	G	Bacteria	Pseudomonadati	Pseudomonadota	Gammaproteobacteria	Chromatiales	Chromatiaceae	0.0000	0.0000	0.0000
Candidatus Nesciobacter	2601651	G	Bacteria	Pseudomonadati	Pseudomonadota	Alphaproteobacteria	Holosporales	Holosporaceae	0.0000	0.0000	0.0000
Oryzomicrobium	1911577	G	Bacteria	Pseudomonadati	Pseudomonadota	Betaproteobacteria	Rhodocyclales	Rhodocyclaceae	0.0000	0.0000	0.0000
Thermoflavifilum	1649506	G	Bacteria	Pseudomonadati	Bacteroidota	Chitinophagia	Chitinophagales	Chitinophagaceae	0.0000	0.0000	0.0000
Rhodocaloribacter	2893090	G	Bacteria	Pseudomonadati	Rhodothermota	Rhodothermia	Rhodothermales	Rhodothermaceae	0.0000	0.0000	0.0000
Taurinivorans	3126915	G	Bacteria	Pseudomonadati	Thermodesulfobacteriota	Desulfovibrionia	Desulfovibrionales	Desulfovibrionaceae	0.0000	0.0000	0.0000
Endomicrobium	1408194	G	Bacteria	Pseudomonadati	Elusimicrobiota	Endomicrobiia	Endomicrobiales	Endomicrobiaceae	0.0000	0.0000	0.0000
Sphaerobacter	2056	G	Bacteria	Pseudomonadati	Thermomicrobiota	Thermomicrobia	Sphaerobacterales	Sphaerobacteraceae	0.0000	0.0000	0.0000
Aminomonas	81411	G	Bacteria	Thermotogati	Synergistota	Synergistia	Synergistales	Synergistaceae	0.0000	0.0370	0.0000
Cryptomonas	3030	G	Eukaryota			Cryptophyceae	Cryptomonadales	Cryptomonadaceae	0.0000	0.0000	0.0000
Salinirubellus	2162630	G	Archaea	Methanobacteriati	Methanobacteriota	Halobacteria	Halobacteriales	Natronomonadaceae	0.0000	0.0000	0.0000
Natronorarus	3386557	G	Archaea	Methanobacteriati	Methanobacteriota	Halobacteria	Halobacteriales	Halalkalicoccaceae	0.0000	0.0000	0.0000
Thermoplasma	2302	G	Archaea	Methanobacteriati	Thermoplasmatota	Thermoplasmata	Thermoplasmatales	Thermoplasmataceae	0.0000	0.0000	0.0000
Candidatus Nitrosocaldus	498374	G	Archaea	Thermoproteati	Nitrososphaerota	Nitrososphaeria	Candidatus Nitrosocaldales	Candidatus Nitrosocaldaceae	0.0000	0.0000	0.0000
Aeropyrum	56635	G	Archaea	Thermoproteati	Thermoproteota	Thermoprotei	Desulfurococcales	Desulfurococcaceae	0.0000	0.0030	0.0000
Acidilobus	105850	G	Archaea	Thermoproteati	Thermoproteota	Thermoprotei	Acidilobales	Acidilobaceae	0.0000	0.0000	0.0000
Mollyvirus	2948826	G	Viruses	Heunggongvirae	Uroviricota	Caudoviricetes		Molycolviridae	0.0000	0.0060	0.0000
Firehammervirus	1636617	G	Viruses	Heunggongvirae	Uroviricota	Caudoviricetes		Connertonviridae	0.0000	0.0000	0.0000
Libingvirus	3044750	G	Viruses	Heunggongvirae	Uroviricota	Caudoviricetes		Grimontviridae	0.0000	0.0000	0.0000
Pourcelvirus	2842976	G	Viruses	Heunggongvirae	Uroviricota	Caudoviricetes		Schitoviridae	0.0000	0.0000	0.0000
Epseptimavirus	2732017	G	Viruses	Heunggongvirae	Uroviricota	Caudoviricetes		Demerecviridae	0.0000	0.0000	0.0000
Mimasvirus	2560176	G	Viruses	Heunggongvirae	Uroviricota	Caudoviricetes			0.0000	0.0000	0.0020
Skunavirus	1623305	G	Viruses	Heunggongvirae	Uroviricota	Caudoviricetes			0.0000	0.0000	0.0000
Alexandravirus	2733088	G	Viruses	Heunggongvirae	Uroviricota	Caudoviricetes			0.0000	0.0000	0.0000
Ronaldovirus	2733205	G	Viruses	Heunggongvirae	Uroviricota	Caudoviricetes			0.0000	0.0000	0.0000
Zhoulongquanvirus	3044869	G	Viruses	Heunggongvirae	Uroviricota	Caudoviricetes	Pantevenvirales	Kyanoviridae	0.0000	0.0000	0.0000
Lowelvirus	2948806	G	Viruses	Heunggongvirae	Uroviricota	Caudoviricetes	Pantevenvirales	Kyanoviridae	0.0000	0.0000	0.0000
Lipsvirus	2948803	G	Viruses	Heunggongvirae	Uroviricota	Caudoviricetes	Pantevenvirales	Kyanoviridae	0.0000	0.0000	0.0000
Kuttervirus	2169536	G	Viruses	Heunggongvirae	Uroviricota	Caudoviricetes	Pantevenvirales	Ackermannviridae	0.0000	0.0000	0.0000
Dabirmavirus	2948671	G	Viruses	Heunggongvirae	Uroviricota	Caudoviricetes	Crassvirales	Intestiviridae	0.0000	0.0000	0.0000
Saguarovirus	2948887	G	Viruses	Heunggongvirae	Uroviricota	Caudoviricetes			0.0000	0.0000	0.0000
Percavirus	548688	G	Viruses	Heunggongvirae	Peploviricota	Herviviricetes	Herpesvirales	Orthoherpesviridae	0.0000	0.0000	0.0000
Betaentomopoxvirus	10286	G	Viruses	Bamfordvirae	Nucleocytoviricota	Pokkesviricetes	Chitovirales	Poxviridae	0.0000	0.0000	0.0010
Orthotospovirus	2560196	G	Viruses	Orthornavirae	Negarnaviricota	Bunyaviricetes	Elliovirales	Tospoviridae	0.0000	0.0010	0.0000
Cypovirus	10981	G	Viruses	Orthornavirae	Duplornaviricota	Resentoviricetes	Reovirales	Spinareoviridae	0.0000	0.0000	0.0000
Betabaculovirus	558017	G	Viruses			Naldaviricetes	Lefavirales	Baculoviridae	0.0000	0.0000	0.0000
Begomovirus	10814	G	Viruses	Shotokuvirae	Cressdnaviricota	Repensiviricetes	Geplafuvirales	Geminiviridae	0.0000	0.0000	0.0000
Caldibacillus	1276290	G	Bacteria	Bacillati	Bacillota	Bacilli	Bacillales	Bacillaceae	0.0000	0.0000	0.0030
Dysosmobacter	2591381	G	Bacteria	Bacillati	Bacillota	Clostridia	Eubacteriales	Oscillospiraceae	0.0000	0.0000	0.0040
Hominenteromicrobium	3073575	G	Bacteria	Bacillati	Bacillota	Clostridia	Eubacteriales	Oscillospiraceae	0.0000	0.0000	0.0000
Ethanoligenens	253238	G	Bacteria	Bacillati	Bacillota	Clostridia	Eubacteriales	Oscillospiraceae	0.0000	0.0000	0.0000
Pseudoflavonifractor	1017280	G	Bacteria	Bacillati	Bacillota	Clostridia	Eubacteriales	Oscillospiraceae	0.0000	0.0000	0.0000
Antiquaquibacter	3108736	G	Bacteria	Bacillati	Actinomycetota	Actinomycetes	Micrococcales	Microbacteriaceae	0.0000	0.0000	0.0000
Oerskovia	162491	G	Bacteria	Bacillati	Actinomycetota	Actinomycetes	Micrococcales	Cellulomonadaceae	0.0000	0.0000	0.0000
Parascardovia	196082	G	Bacteria	Bacillati	Actinomycetota	Actinomycetes	Bifidobacteriales	Bifidobacteriaceae	0.0000	0.0000	0.0000
Protofrankia	2994361	G	Bacteria	Bacillati	Actinomycetota	Actinomycetes	Frankiales	Frankiaceae	0.0000	0.0000	0.0000
Coriobacterium	33870	G	Bacteria	Bacillati	Actinomycetota	Coriobacteriia	Coriobacteriales	Coriobacteriaceae	0.0000	0.0000	0.0000
Candidatus Spongiisocius	2983163	G	Bacteria	Bacillati	Actinomycetota	Acidimicrobiia	Candidatus Spongiisociales	Candidatus Spongiisociaceae	0.0000	0.0000	0.0000
Izhakiella	1780190	G	Bacteria	Pseudomonadati	Pseudomonadota	Gammaproteobacteria	Enterobacterales	Erwiniaceae	0.0000	0.0000	0.0000
Geopseudomonas	3236655	G	Bacteria	Pseudomonadati	Pseudomonadota	Gammaproteobacteria	Pseudomonadales	Pseudomonadaceae	0.0000	0.0000	0.0000
Pseudoluteimonas	3382694	G	Bacteria	Pseudomonadati	Pseudomonadota	Gammaproteobacteria	Lysobacterales	Lysobacteraceae	0.0000	0.0000	0.0000
Candidatus Nardonella	204619	G	Bacteria	Pseudomonadati	Pseudomonadota	Gammaproteobacteria			0.0000	0.0000	0.0000
Flagellatimonas	2893022	G	Bacteria	Pseudomonadati	Pseudomonadota	Gammaproteobacteria	Nevskiales	Nevskiaceae	0.0000	0.0000	0.0000
Allorhizobium	78526	G	Bacteria	Pseudomonadati	Pseudomonadota	Alphaproteobacteria	Hyphomicrobiales	Rhizobiaceae	0.0000	0.0000	0.0000
Candidatus Sneabacter	2601645	G	Bacteria	Pseudomonadati	Pseudomonadota	Alphaproteobacteria	Rickettsiales	Rickettsiaceae	0.0000	0.0000	0.0000
Candidatus Nasuia	1301080	G	Bacteria	Pseudomonadati	Pseudomonadota	Betaproteobacteria			0.0000	0.0000	0.0010
Thermithiobacillus	119979	G	Bacteria	Pseudomonadati	Pseudomonadota	Acidithiobacillia	Acidithiobacillales	Thermithiobacillaceae	0.0000	0.0000	0.0000
Stratiformator	3076095	G	Bacteria	Pseudomonadati	Planctomycetota	Planctomycetia	Planctomycetales	Planctomycetaceae	0.0000	0.0000	0.0000
Adhaeretor	2862451	G	Bacteria	Pseudomonadati	Planctomycetota	Planctomycetia	Pirellulales	Lacipirellulaceae	0.0000	0.0000	0.0000
Rohdeia	3405237	G	Bacteria	Pseudomonadati	Planctomycetota	Planctomycetia			0.0000	0.0000	0.0000
Anaerohalosphaera	2690159	G	Bacteria	Pseudomonadati	Planctomycetota	Phycisphaerae	Sedimentisphaerales	Anaerohalosphaeraceae	0.0000	0.0000	0.0000
Candidatus Pelagisphaera	3049269	G	Bacteria	Pseudomonadati	Verrucomicrobiota	Opitutia	Puniceicoccales		0.0000	0.0000	0.0000
Thermodesulfomicrobium	2905949	G	Bacteria	Pseudomonadati	Thermodesulfobacteriota	Desulfovibrionia	Desulfovibrionales	Desulfomicrobiaceae	0.0000	0.0000	0.0000
Pajaroellobacter	1882917	G	Bacteria	Pseudomonadati	Myxococcota		Polyangiales	Polyangiaceae	0.0000	0.0000	0.0010
Thermatribacter	3240450	G	Bacteria	Pseudomonadati	Atribacterota	Atribacteria	Atribacterales	Thermatribacteraceae	0.0000	0.0000	0.0000
Parelusimicrobium	3416099	G	Bacteria	Pseudomonadati	Elusimicrobiota	Elusimicrobia	Elusimicrobiales	Elusimicrobiaceae	0.0000	0.0000	0.0000
Jonquetella	428711	G	Bacteria	Thermotogati	Synergistota	Synergistia	Synergistales	Dethiosulfovibrionaceae	0.0000	0.0000	0.0000
Candidatus Bipolaricaulis	2250122	G	Bacteria		Candidatus Bipolaricaulota	Candidatus Bipolaricaulia	Candidatus Bipolaricaulales	Candidatus Bipolaricaulaceae	0.0000	0.0000	0.0110
Haslea	67475	G	Eukaryota		Bacillariophyta	Bacillariophyceae	Naviculales	Naviculaceae	0.0000	0.0000	0.0000
Halostagnicola	353799	G	Archaea	Methanobacteriati	Methanobacteriota	Halobacteria	Halobacteriales	Natrialbaceae	0.0000	0.0000	0.0000
Salinilacihabitans	3065676	G	Archaea	Methanobacteriati	Methanobacteriota	Halobacteria	Halobacteriales	Natrialbaceae	0.0000	0.0000	0.0000
Halovenus	1377992	G	Archaea	Methanobacteriati	Methanobacteriota	Halobacteria	Halobacteriales	Haloarculaceae	0.0000	0.0000	0.0000
Halarchaeum	744724	G	Archaea	Methanobacteriati	Methanobacteriota	Halobacteria	Halobacteriales	Halobacteriaceae	0.0000	0.0000	0.0000
Methanonatronarchaeum	2022711	G	Archaea	Methanobacteriati	Methanobacteriota	Methanonatronarchaeia	Methanonatronarchaeales	Methanonatronarchaeaceae	0.0000	0.0000	0.0000
Candidatus Methanoliparum	2545692	G	Archaea	Methanobacteriati	Methanobacteriota	Candidatus Methanoliparia	Candidatus Methanoliparales	Candidatus Methanoliparaceae	0.0000	0.0000	0.0000
Sulfodiicoccus	2017961	G	Archaea	Thermoproteati	Thermoproteota	Thermoprotei	Sulfolobales	Sulfolobaceae	0.0000	0.0000	0.0000
Thermoproteus	2270	G	Archaea	Thermoproteati	Thermoproteota	Thermoprotei	Thermoproteales	Thermoproteaceae	0.0000	0.0000	0.0000
Hyperthermus	54247	G	Archaea	Thermoproteati	Thermoproteota	Thermoprotei	Desulfurococcales	Pyrodictiaceae	0.0000	0.0000	0.0000
Pyrodictium	2308	G	Archaea	Thermoproteati	Thermoproteota	Thermoprotei	Desulfurococcales	Pyrodictiaceae	0.0000	0.0000	0.0000
Thermosphaera	54253	G	Archaea	Thermoproteati	Thermoproteota	Thermoprotei	Desulfurococcales	Desulfurococcaceae	0.0000	0.0000	0.0000
Caldisphaera	200414	G	Archaea	Thermoproteati	Thermoproteota	Thermoprotei	Acidilobales	Caldisphaeraceae	0.0000	0.0000	0.0000
Tardisphaera	3471631	G	Archaea	Thermoproteati	Thermoproteota	Tardisphaeria	Tardisphaerales	Tardisphaeraceae	0.0000	0.0000	0.0000
Meadowvirus	3044758	G	Viruses	Heunggongvirae	Uroviricota	Caudoviricetes		Chimalliviridae	0.0000	0.0000	0.0010
Erskinevirus	2169623	G	Viruses	Heunggongvirae	Uroviricota	Caudoviricetes		Chimalliviridae	0.0000	0.0000	0.0010
Machinavirus	2169624	G	Viruses	Heunggongvirae	Uroviricota	Caudoviricetes		Chimalliviridae	0.0000	0.0000	0.0010
Petsuvirus	2733122	G	Viruses	Heunggongvirae	Uroviricota	Caudoviricetes		Chimalliviridae	0.0000	0.0000	0.0000
Serwervirus	3044821	G	Viruses	Heunggongvirae	Uroviricota	Caudoviricetes		Chimalliviridae	0.0000	0.0000	0.0000
Nimduovirus	3044775	G	Viruses	Heunggongvirae	Uroviricota	Caudoviricetes		Chimalliviridae	0.0000	0.0000	0.0000
Phikzvirus	680115	G	Viruses	Heunggongvirae	Uroviricota	Caudoviricetes		Chimalliviridae	0.0000	0.0000	0.0000
Branisovskavirus	3044679	G	Viruses	Heunggongvirae	Uroviricota	Caudoviricetes		Chimalliviridae	0.0000	0.0000	0.0000
Agricanvirus	1984776	G	Viruses	Heunggongvirae	Uroviricota	Caudoviricetes		Chimalliviridae	0.0000	0.0000	0.0000
Wellingtonvirus	2733140	G	Viruses	Heunggongvirae	Uroviricota	Caudoviricetes		Chimalliviridae	0.0000	0.0000	0.0000
Ludhianavirus	3044751	G	Viruses	Heunggongvirae	Uroviricota	Caudoviricetes		Chimalliviridae	0.0000	0.0000	0.0000
Bastillevirus	1918010	G	Viruses	Heunggongvirae	Uroviricota	Caudoviricetes		Herelleviridae	0.0000	0.0000	0.0000
Schiekvirus	2732968	G	Viruses	Heunggongvirae	Uroviricota	Caudoviricetes		Herelleviridae	0.0000	0.0000	0.0000
Kayvirus	1857843	G	Viruses	Heunggongvirae	Uroviricota	Caudoviricetes		Herelleviridae	0.0000	0.0000	0.0000
Tybeckvirus	2843105	G	Viruses	Heunggongvirae	Uroviricota	Caudoviricetes		Herelleviridae	0.0000	0.0000	0.0000
Elpedvirus	2842663	G	Viruses	Heunggongvirae	Uroviricota	Caudoviricetes		Herelleviridae	0.0000	0.0000	0.0000
Johnsonvirus	1982576	G	Viruses	Heunggongvirae	Uroviricota	Caudoviricetes		Schitoviridae	0.0000	0.0000	0.0000
Dongdastvirus	2842653	G	Viruses	Heunggongvirae	Uroviricota	Caudoviricetes		Schitoviridae	0.0000	0.0000	0.0000
Brussowvirus	1623303	G	Viruses	Heunggongvirae	Uroviricota	Caudoviricetes		Aliceevansviridae	0.0000	0.0000	0.0000
Flaumdravirus	2560133	G	Viruses	Heunggongvirae	Uroviricota	Caudoviricetes		Vandenendeviridae	0.0000	0.0000	0.0000
Baldwinvirus	3153089	G	Viruses	Heunggongvirae	Uroviricota	Caudoviricetes		Vandenendeviridae	0.0000	0.0000	0.0000
Salmondvirus	2733130	G	Viruses	Heunggongvirae	Uroviricota	Caudoviricetes			0.0000	0.0000	0.0000
Ceetrepovirus	2560111	G	Viruses	Heunggongvirae	Uroviricota	Caudoviricetes		Zierdtviridae	0.0000	0.0000	0.0000
Felixounavirus	1198140	G	Viruses	Heunggongvirae	Uroviricota	Caudoviricetes		Andersonviridae	0.0000	0.0000	0.0000
Carltongylesvirus	2732960	G	Viruses	Heunggongvirae	Uroviricota	Caudoviricetes		Chaseviridae	0.0000	0.0000	0.0000
Loessnervirus	2732962	G	Viruses	Heunggongvirae	Uroviricota	Caudoviricetes		Chaseviridae	0.0000	0.0000	0.0000
Fifivirus	3152634	G	Viruses	Heunggongvirae	Uroviricota	Caudoviricetes		Chaseviridae	0.0000	0.0000	0.0000
Yoloswagvirus	2733142	G	Viruses	Heunggongvirae	Uroviricota	Caudoviricetes			0.0000	0.0000	0.0000
Claudivirus	2842609	G	Viruses	Heunggongvirae	Uroviricota	Caudoviricetes		Salasmaviridae	0.0000	0.0000	0.0000
Tabernariusvirus	2560235	G	Viruses	Heunggongvirae	Uroviricota	Caudoviricetes		Lindbergviridae	0.0000	0.0000	0.0000
Snuvirus	3044833	G	Viruses	Heunggongvirae	Uroviricota	Caudoviricetes			0.0000	0.0000	0.0000
Alcyoneusvirus	2560086	G	Viruses	Heunggongvirae	Uroviricota	Caudoviricetes			0.0000	0.0000	0.0000
Abaiavirus	3044651	G	Viruses	Heunggongvirae	Uroviricota	Caudoviricetes			0.0000	0.0000	0.0000
Efquatrovirus	2560124	G	Viruses	Heunggongvirae	Uroviricota	Caudoviricetes			0.0000	0.0000	0.0000
Colunavirus	2843368	G	Viruses	Heunggongvirae	Uroviricota	Caudoviricetes			0.0000	0.0000	0.0000
Zhuquevirus	3153071	G	Viruses	Heunggongvirae	Uroviricota	Caudoviricetes			0.0000	0.0000	0.0000
Marfavirus	2843419	G	Viruses	Heunggongvirae	Uroviricota	Caudoviricetes			0.0000	0.0000	0.0000
Nevevirus	2843430	G	Viruses	Heunggongvirae	Uroviricota	Caudoviricetes			0.0000	0.0000	0.0000
Rimavirus	2560214	G	Viruses	Heunggongvirae	Uroviricota	Caudoviricetes			0.0000	0.0000	0.0000
Wroclawvirus	3044857	G	Viruses	Heunggongvirae	Uroviricota	Caudoviricetes		Arenbergviridae	0.0000	0.0000	0.0000
Takahashivirus	2843463	G	Viruses	Heunggongvirae	Uroviricota	Caudoviricetes			0.0000	0.0000	0.0000
Certevirus	3044685	G	Viruses	Heunggongvirae	Uroviricota	Caudoviricetes		Felixviridae	0.0000	0.0000	0.0000
Colossusvirus	2733153	G	Viruses	Heunggongvirae	Uroviricota	Caudoviricetes		Jeanschmidtviridae	0.0000	0.0000	0.0000
Samunavirus	2560221	G	Viruses	Heunggongvirae	Uroviricota	Caudoviricetes			0.0000	0.0000	0.0000
Saclayvirus	2733128	G	Viruses	Heunggongvirae	Uroviricota	Caudoviricetes			0.0000	0.0000	0.0000
Rivsvirus	3044804	G	Viruses	Heunggongvirae	Uroviricota	Caudoviricetes			0.0000	0.0000	0.0000
Slashvirus	1921709	G	Viruses	Heunggongvirae	Uroviricota	Caudoviricetes			0.0000	0.0000	0.0000
Muldoonvirus	2843425	G	Viruses	Heunggongvirae	Uroviricota	Caudoviricetes			0.0000	0.0000	0.0000
Moturavirus	2843423	G	Viruses	Heunggongvirae	Uroviricota	Caudoviricetes			0.0000	0.0000	0.0000
Bruynoghevirus	545932	G	Viruses	Heunggongvirae	Uroviricota	Caudoviricetes			0.0000	0.0000	0.0000
Elemovirus	2948694	G	Viruses	Heunggongvirae	Uroviricota	Caudoviricetes			0.0000	0.0000	0.0000
Bohxovirus	2946832	G	Viruses	Heunggongvirae	Uroviricota	Caudoviricetes	Crassvirales	Suoliviridae	0.0000	0.0000	0.0000
Junduvirus	2948774	G	Viruses	Heunggongvirae	Uroviricota	Caudoviricetes	Crassvirales	Crevaviridae	0.0000	0.0000	0.0000
Risoevirus	3424972	G	Viruses	Heunggongvirae	Uroviricota	Caudoviricetes	Pantevenvirales	Straboviridae	0.0000	0.0000	0.0000
Dhakavirus	1914165	G	Viruses	Heunggongvirae	Uroviricota	Caudoviricetes	Pantevenvirales	Straboviridae	0.0000	0.0000	0.0000
Kanagawavirus	2843399	G	Viruses	Heunggongvirae	Uroviricota	Caudoviricetes	Pantevenvirales	Straboviridae	0.0000	0.0000	0.0000
Winklervirus	2560256	G	Viruses	Heunggongvirae	Uroviricota	Caudoviricetes	Pantevenvirales	Straboviridae	0.0000	0.0000	0.0000
Jiaodavirus	1985325	G	Viruses	Heunggongvirae	Uroviricota	Caudoviricetes	Pantevenvirales	Straboviridae	0.0000	0.0000	0.0000
Moonvirus	1985329	G	Viruses	Heunggongvirae	Uroviricota	Caudoviricetes	Pantevenvirales	Straboviridae	0.0000	0.0000	0.0000
Centumtrigintavirus	3424971	G	Viruses	Heunggongvirae	Uroviricota	Caudoviricetes	Pantevenvirales	Straboviridae	0.0000	0.0000	0.0000
Kagamiyamavirus	2948777	G	Viruses	Heunggongvirae	Uroviricota	Caudoviricetes	Pantevenvirales	Straboviridae	0.0000	0.0000	0.0000
Lasallevirus	2842819	G	Viruses	Heunggongvirae	Uroviricota	Caudoviricetes	Pantevenvirales	Straboviridae	0.0000	0.0000	0.0000
Zedzedvirus	2843159	G	Viruses	Heunggongvirae	Uroviricota	Caudoviricetes	Pantevenvirales	Straboviridae	0.0000	0.0000	0.0000
Lazarusvirus	2842820	G	Viruses	Heunggongvirae	Uroviricota	Caudoviricetes	Pantevenvirales	Straboviridae	0.0000	0.0000	0.0000
Tulanevirus	2560244	G	Viruses	Heunggongvirae	Uroviricota	Caudoviricetes	Pantevenvirales	Straboviridae	0.0000	0.0000	0.0000
Potamoivirus	2948872	G	Viruses	Heunggongvirae	Uroviricota	Caudoviricetes	Pantevenvirales	Kyanoviridae	0.0000	0.0000	0.0000
Taipeivirus	2731621	G	Viruses	Heunggongvirae	Uroviricota	Caudoviricetes	Pantevenvirales	Ackermannviridae	0.0000	0.0000	0.0000
Scottvirus	2731973	G	Viruses	Heunggongvirae	Uroviricota	Caudoviricetes	Autographivirales	Autonotataviridae	0.0000	0.0000	0.0000
Kaohsiungvirus	2731674	G	Viruses	Heunggongvirae	Uroviricota	Caudoviricetes	Autographivirales	Autosignataviridae	0.0000	0.0000	0.0000
Kuravirus	680277	G	Viruses	Heunggongvirae	Uroviricota	Caudoviricetes		Mtkvariviridae	0.0000	0.0000	0.0000
Suseptimavirus	3044836	G	Viruses	Heunggongvirae	Uroviricota	Caudoviricetes		Mtkvariviridae	0.0000	0.0000	0.0000
Aobingvirus	3044659	G	Viruses	Heunggongvirae	Uroviricota	Caudoviricetes	Magrovirales	Aoguangviridae	0.0000	0.0000	0.0000
Nonagvirus	1921117	G	Viruses	Heunggongvirae	Uroviricota	Caudoviricetes			0.0000	0.0000	0.0000
Nevillevirus	3044773	G	Viruses	Heunggongvirae	Uroviricota	Caudoviricetes			0.0000	0.0000	0.0000
Henunavirus	2842727	G	Viruses	Heunggongvirae	Uroviricota	Caudoviricetes			0.0000	0.0000	0.0000
Lidleunavirus	2733161	G	Viruses	Heunggongvirae	Uroviricota	Caudoviricetes			0.0000	0.0000	0.0000
Rhadinovirus	10379	G	Viruses	Heunggongvirae	Peploviricota	Herviviricetes	Herpesvirales	Orthoherpesviridae	0.0000	0.0000	0.0000
Rheavirus	3044800	G	Viruses	Bamfordvirae	Nucleocytoviricota	Megaviricetes	Imitervirales	Mimiviridae	0.0000	0.0000	0.0000
Kratosvirus	3044747	G	Viruses	Bamfordvirae	Nucleocytoviricota	Megaviricetes	Imitervirales	Schizomimiviridae	0.0000	0.0000	0.0000
Alphapithovirus	3153073	G	Viruses	Bamfordvirae	Nucleocytoviricota	Megaviricetes	Pimascovirales	Pithoviridae	0.0000	0.0000	0.0000
Prymnesiovirus	181086	G	Viruses	Bamfordvirae	Nucleocytoviricota	Megaviricetes	Algavirales	Phycodnaviridae	0.0000	0.0000	0.0000
Deltaentomopoxvirus	2733302	G	Viruses	Bamfordvirae	Nucleocytoviricota	Pokkesviricetes	Chitovirales	Poxviridae	0.0000	0.0000	0.0000
Alphaentomopoxvirus	62098	G	Viruses	Bamfordvirae	Nucleocytoviricota	Pokkesviricetes	Chitovirales	Poxviridae	0.0000	0.0000	0.0000
Orthopoxvirus	10242	G	Viruses	Bamfordvirae	Nucleocytoviricota	Pokkesviricetes	Chitovirales	Poxviridae	0.0000	0.0000	0.0000
Cervidpoxvirus	573055	G	Viruses	Bamfordvirae	Nucleocytoviricota	Pokkesviricetes	Chitovirales	Poxviridae	0.0000	0.0000	0.0000
Mastadenovirus	10509	G	Viruses	Bamfordvirae	Preplasmiviricota	Pharingeaviricetes	Rowavirales	Adenoviridae	0.0000	0.0000	0.0000
Fijivirus	10988	G	Viruses	Orthornavirae	Duplornaviricota	Resentoviricetes	Reovirales	Spinareoviridae	0.0000	0.0000	0.0000
Alphachrysovirus	2560087	G	Viruses	Orthornavirae	Duplornaviricota	Chrymotiviricetes	Ghabrivirales	Chrysoviridae	0.0000	0.0000	0.0000
Betacytorhabdovirus	3424891	G	Viruses	Orthornavirae	Negarnaviricota	Monjiviricetes	Mononegavirales	Rhabdoviridae	0.0000	0.0000	0.0000
Infratovirus	2508243	G	Viruses	Orthornavirae	Pisuviricota	Pisoniviricetes	Nidovirales	Tobaniviridae	0.0000	0.0000	0.0000
Alphacoronavirus	693996	G	Viruses	Orthornavirae	Pisuviricota	Pisoniviricetes	Nidovirales	Coronaviridae	0.0000	0.0000	0.0000
Nepovirus	12270	G	Viruses	Orthornavirae	Pisuviricota	Pisoniviricetes	Picornavirales	Secoviridae	0.0000	0.0000	0.0000
Alphaendornavirus	2003394	G	Viruses	Orthornavirae	Kitrinoviricota	Alsuviricetes	Martellivirales	Endornaviridae	0.0000	0.0000	0.0000
Muscavirus	1285593	G	Viruses			Naldaviricetes	Lefavirales	Hytrosaviridae	0.0000	0.0000	0.0020
Bracoviriform	2946836	G	Viruses					Polydnaviriformidae	0.0000	0.0000	0.0000
Betalipothrixvirus	341940	G	Viruses	Zilligvirae	Taleaviricota	Tokiviricetes	Ligamenvirales	Lipothrixviridae	0.0000	0.0000	0.0000
Hoswirudivirus	2842738	G	Viruses	Zilligvirae	Taleaviricota	Tokiviricetes	Ligamenvirales	Rudiviridae	0.0000	0.0000	0.0000
